game_id,player_id,player_name,stat,pmf_column,n_atoms,all_finite,all_nonnegative,stored_atom_mass,overflow_probability,total_mass,normalization_error,support_min,support_max,predictive_mean,predictive_variance,zero_probability,p_dnp,pmf_hash,issues,model_status,calibration_status
24970,419,Betnijah Laney-Hamilton,pts,active_pmf_json,61,True,True,1.0000000000000002,0.0,1.0000000000000002,2.220446049250313e-16,0.0,60.0,2.4199387299999993,25.929976653045987,0.53525987,0.41420118343195267,a553e1b8ae446bef937142c026d136e2f628b65dac64433a250b4c18263324a0,,,
24969,626,DiJonai Carrington,pts,active_pmf_json,61,True,True,0.99999996,0.0,0.99999996,3.9999999978945766e-08,0.0,60.0,1.09205926,6.357223044944518,0.65211584,0.8333333333333334,a325d47d2d226d5f6c78f476090e205849f2505650d7747acb5e114ae5242798,,,
24970,747,Kyara Linskens,pts,active_pmf_json,61,True,True,0.9999999699999993,0.0,0.9999999699999993,3.000000070585429e-08,0.0,60.0,2.37809369,24.997986601922307,0.53680289,0.8333333333333334,58c5a68f1b8d2234d08a84d6a6c9768e41e31580bc1170ecae736162f50619fd,,,
24969,67054,Saylor Poffenbarger,pts,active_pmf_json,61,True,True,1.00000001,0.0,1.00000001,9.99999993922529e-09,0.0,60.0,0.10996177000000001,0.17810015925938302,0.91619949,0.5066666666666667,6a36fc4163c8f2c2ed27b7168e4dd6306dae591e321133bce5df75fd48f6fb1d,,,
24970,419,Betnijah Laney-Hamilton,reb,active_pmf_json,31,True,True,0.99999999,0.0,0.99999999,1.0000000050247593e-08,0.0,30.0,1.0227304099999999,5.315039208001458,0.65797876,0.41420118343195267,aa726259b0a650cb6aa5ec5606e813b65732ff043569f5dcdccd2f2269cc2a43,,,
24969,626,DiJonai Carrington,reb,active_pmf_json,31,True,True,1.00000001,0.0,1.00000001,9.99999993922529e-09,0.0,30.0,1.41335704,9.14069033745822,0.61195576,0.8333333333333334,7bfedc1589e59a721475269f327c5572ce6b1a2b837757dbace638238f33d636,,,
24970,747,Kyara Linskens,reb,active_pmf_json,31,True,True,0.9999999800000002,0.0,0.9999999800000002,1.9999999767428278e-08,0.0,30.0,0.8424352300000001,3.8155949790609056,0.68539714,0.8333333333333334,e49e62050645635d326d4ccf904c52f40390d37d4df9c3ac9d7fb0316a234be1,,,
24969,67054,Saylor Poffenbarger,reb,active_pmf_json,31,True,True,0.99999998,0.0,0.99999998,1.9999999989472883e-08,0.0,30.0,0.8154829800000001,4.214546856030069,0.69972792,0.5066666666666667,e4ffdd00315c69d78aa6f15f5c97aaa9d1702c3d7c1e881fd5b852aedf73db1e,,,
24970,419,Betnijah Laney-Hamilton,ast,active_pmf_json,26,True,True,1.0,0.0,1.0,0.0,0.0,25.0,1.7954531046703024,11.268041352246419,0.5537574658899868,0.41420118343195267,33c1c5c12a91c7e28b9340bd5e8ace95d57a2a281bb25f542dbfd7367d9b065f,,,
24969,626,DiJonai Carrington,ast,active_pmf_json,26,True,True,1.0,0.0,1.0,0.0,0.0,25.0,1.4492065538164411,7.984223441126577,0.5872430839962168,0.8333333333333334,c4514ce7987d2be7b9257544289b6753a37d5ad4396234b6da2d52c7fd6c5687,,,
24970,747,Kyara Linskens,ast,active_pmf_json,26,True,True,0.9999999999999999,0.0,0.9999999999999999,1.1102230246251565e-16,0.0,25.0,1.4390651229385303,7.8925862487966185,0.5883274999381498,0.8333333333333334,df9059c6f8ae97d81b01ecd2ebd744a93494bceebe48d79e49e92455484c611b,,,
24969,67054,Saylor Poffenbarger,ast,active_pmf_json,26,True,True,0.9999999999999999,0.0,0.9999999999999999,1.1102230246251565e-16,0.0,25.0,0.6706085870843775,2.1666840178178632,0.703083950551529,0.5066666666666667,ed5c78c1609770f07cf9dcc1bc63e60667289dd2ba84d05b3761b67a6530f669,,,
24970,419,Betnijah Laney-Hamilton,fg3m,active_pmf_json,16,True,True,0.9999999999999998,0.0,0.9999999999999998,2.220446049250313e-16,0.0,15.0,0.30695417,0.7098039275196111,0.81844121,0.41420118343195267,d2ddd62f2ca1d85ef2e7f38a94cc1aba32bd501e9f5e76e42d08205076f817b6,,,
24969,626,DiJonai Carrington,fg3m,active_pmf_json,16,True,True,0.9999999799999999,0.0,0.9999999799999999,2.0000000100495186e-08,0.0,15.0,0.23862321999999997,0.4894619777380107,0.84679385,0.8333333333333334,2bb4b2b9612d6112e055b2068886b70780f27c8e4e0a8c20a6b3cad3dbcf4608,,,
24970,747,Kyara Linskens,fg3m,active_pmf_json,16,True,True,0.9999999999999998,0.0,0.9999999999999998,2.220446049250313e-16,0.0,15.0,0.26153060999999994,0.5552318500330279,0.83608807,0.8333333333333334,7bbc00e7a4fb03304c12ee021c281032984868ee5a3a4a84afca461a3eab327e,,,
24969,67054,Saylor Poffenbarger,fg3m,active_pmf_json,16,True,True,1.0000000300000003,0.0,1.0000000300000003,3.000000026176508e-08,0.0,15.0,0.32814646,0.8935614840198713,0.81738308,0.5066666666666667,4347994bd03893e06bc1f95014fcb531022ac1d29d476d8c99529ef421198fb9,,,
24970,419,Betnijah Laney-Hamilton,stl,active_pmf_json,11,True,True,0.9999999900000001,0.0,0.9999999900000001,9.99999993922529e-09,0.0,10.0,0.11924629,0.19569913217903911,0.91552267,0.41420118343195267,de3fbda4757085a5a7fdfeabb22fc1ad91b90a03d2e021ab7742661ed55acdc4,,,
24969,626,DiJonai Carrington,stl,active_pmf_json,11,True,True,1.0000000000000002,0.0,1.0000000000000002,2.220446049250313e-16,0.0,10.0,0.21908314,0.34869433776774045,0.84783635,0.8333333333333334,48a23ef78c6c674096cc06324b9ed25d2dba3d7da45af4d69d9de20b5c026c2c,,,
24970,747,Kyara Linskens,stl,active_pmf_json,11,True,True,1.0,0.0,1.0,0.0,0.0,10.0,0.18855904999999998,0.3154609346630975,0.8715806,0.8333333333333334,edc3e61827804e0475061c699d3378a1ae7067069145de3e787f5bdb06d6094e,,,
24969,67054,Saylor Poffenbarger,stl,active_pmf_json,11,True,True,1.0,0.0,1.0,0.0,0.0,10.0,0.23218425,0.5025456040519375,0.86834051,0.5066666666666667,edc3116a696e433246301bba3356b31ebe403422bd3010259ed7f992359a3eeb,,,
24970,419,Betnijah Laney-Hamilton,blk,active_pmf_json,11,True,True,0.99999998,0.0,0.99999998,1.9999999989472883e-08,0.0,10.0,0.0164511,0.021948981303377225,0.9860313,0.41420118343195267,60b16762166069bd19448f4a512f66161f7eb9437bb48f8f7a96c800b3b945e7,,,
24969,626,DiJonai Carrington,blk,active_pmf_json,11,True,True,1.0000000000000002,0.0,1.0000000000000002,2.220446049250313e-16,0.0,10.0,0.036001740000000004,0.0481852347169724,0.96974105,0.8333333333333334,7fc15721448ddc81163d394d63101da48348f68b424e7db0801a6eb0484263ed,,,
24970,747,Kyara Linskens,blk,active_pmf_json,11,True,True,0.9999999899999998,0.0,0.9999999899999998,1.0000000161269895e-08,0.0,10.0,0.26225443,0.8567011232576013,0.89073307,0.8333333333333334,7e9a8aa3f63d30016a296b3c147a1985cc872d0a41dc954046765e916d744154,,,
24969,67054,Saylor Poffenbarger,blk,active_pmf_json,11,True,True,0.99999999,0.0,0.99999999,1.0000000050247593e-08,0.0,10.0,0.05820381,0.09918168646760708,0.95794713,0.5066666666666667,dfa358f36c14a99ce94ec123dec6c21420859d860715b421ccda4cbb803e5f80,,,
24970,419,Betnijah Laney-Hamilton,turnover,active_pmf_json,13,True,True,1.0,0.0,1.0,0.0,0.0,12.0,0.48548605404978723,1.2436122649394605,0.7485498002430017,0.41420118343195267,24be43d88b76529fe01a87982b8a0fe49a27f83997961b722993c2791027c54d,,,
24969,626,DiJonai Carrington,turnover,active_pmf_json,13,True,True,1.0,0.0,1.0,0.0,0.0,12.0,0.3315023068675552,0.6948725845318408,0.7997887401675488,0.8333333333333334,f88b13b2e88947956f2331f4d1335cb2cd1fa483bb2eb0b3359285c11fe28b58,,,
24970,747,Kyara Linskens,turnover,active_pmf_json,13,True,True,1.0,0.0,1.0,0.0,0.0,12.0,0.6224161662347952,1.8188754026276082,0.7120930796086858,0.8333333333333334,17bf5ab0a54e837925de30c422aac21dacfc90a3612844a6f599bf3ffcf3e91a,,,
24969,67054,Saylor Poffenbarger,turnover,active_pmf_json,13,True,True,1.0,0.0,1.0,0.0,0.0,12.0,0.2768210872598658,0.5313773255282264,0.8218797882649183,0.5066666666666667,e02f93a08544c3f71fbe1397454e9338f8d58f2771ef8189c326b4435e2b9a17,,,
24970,419,Betnijah Laney-Hamilton,stocks,active_pmf_json,61,True,True,1.0000000000000002,0.0,1.0000000000000002,2.220446049250313e-16,0.0,60.0,2.4199387299999993,25.929976653045987,0.53525987,0.41420118343195267,a553e1b8ae446bef937142c026d136e2f628b65dac64433a250b4c18263324a0,,,
24970,419,Betnijah Laney-Hamilton,pts_ast,active_pmf_json,61,True,True,1.0000000000000002,0.0,1.0000000000000002,2.220446049250313e-16,0.0,60.0,2.4199387299999993,25.929976653045987,0.53525987,0.41420118343195267,a553e1b8ae446bef937142c026d136e2f628b65dac64433a250b4c18263324a0,,,
24970,419,Betnijah Laney-Hamilton,pts_reb,active_pmf_json,61,True,True,1.0000000000000002,0.0,1.0000000000000002,2.220446049250313e-16,0.0,60.0,2.4199387299999993,25.929976653045987,0.53525987,0.41420118343195267,a553e1b8ae446bef937142c026d136e2f628b65dac64433a250b4c18263324a0,,,
24970,419,Betnijah Laney-Hamilton,reb_ast,active_pmf_json,61,True,True,1.0000000000000002,0.0,1.0000000000000002,2.220446049250313e-16,0.0,60.0,2.4199387299999993,25.929976653045987,0.53525987,0.41420118343195267,a553e1b8ae446bef937142c026d136e2f628b65dac64433a250b4c18263324a0,,,
24970,419,Betnijah Laney-Hamilton,pts_reb_ast,active_pmf_json,61,True,True,1.0000000000000002,0.0,1.0000000000000002,2.220446049250313e-16,0.0,60.0,2.4199387299999993,25.929976653045987,0.53525987,0.41420118343195267,a553e1b8ae446bef937142c026d136e2f628b65dac64433a250b4c18263324a0,,,
24969,626,DiJonai Carrington,stocks,active_pmf_json,61,True,True,0.99999996,0.0,0.99999996,3.9999999978945766e-08,0.0,60.0,1.09205926,6.357223044944518,0.65211584,0.8333333333333334,a325d47d2d226d5f6c78f476090e205849f2505650d7747acb5e114ae5242798,,,
24969,626,DiJonai Carrington,pts_ast,active_pmf_json,61,True,True,0.99999996,0.0,0.99999996,3.9999999978945766e-08,0.0,60.0,1.09205926,6.357223044944518,0.65211584,0.8333333333333334,a325d47d2d226d5f6c78f476090e205849f2505650d7747acb5e114ae5242798,,,
24969,626,DiJonai Carrington,pts_reb,active_pmf_json,61,True,True,0.99999996,0.0,0.99999996,3.9999999978945766e-08,0.0,60.0,1.09205926,6.357223044944518,0.65211584,0.8333333333333334,a325d47d2d226d5f6c78f476090e205849f2505650d7747acb5e114ae5242798,,,
24969,626,DiJonai Carrington,reb_ast,active_pmf_json,61,True,True,0.99999996,0.0,0.99999996,3.9999999978945766e-08,0.0,60.0,1.09205926,6.357223044944518,0.65211584,0.8333333333333334,a325d47d2d226d5f6c78f476090e205849f2505650d7747acb5e114ae5242798,,,
24969,626,DiJonai Carrington,pts_reb_ast,active_pmf_json,61,True,True,0.99999996,0.0,0.99999996,3.9999999978945766e-08,0.0,60.0,1.09205926,6.357223044944518,0.65211584,0.8333333333333334,a325d47d2d226d5f6c78f476090e205849f2505650d7747acb5e114ae5242798,,,
24970,747,Kyara Linskens,stocks,active_pmf_json,61,True,True,0.9999999699999993,0.0,0.9999999699999993,3.000000070585429e-08,0.0,60.0,2.37809369,24.997986601922307,0.53680289,0.8333333333333334,58c5a68f1b8d2234d08a84d6a6c9768e41e31580bc1170ecae736162f50619fd,,,
24970,747,Kyara Linskens,pts_ast,active_pmf_json,61,True,True,0.9999999699999993,0.0,0.9999999699999993,3.000000070585429e-08,0.0,60.0,2.37809369,24.997986601922307,0.53680289,0.8333333333333334,58c5a68f1b8d2234d08a84d6a6c9768e41e31580bc1170ecae736162f50619fd,,,
24970,747,Kyara Linskens,pts_reb,active_pmf_json,61,True,True,0.9999999699999993,0.0,0.9999999699999993,3.000000070585429e-08,0.0,60.0,2.37809369,24.997986601922307,0.53680289,0.8333333333333334,58c5a68f1b8d2234d08a84d6a6c9768e41e31580bc1170ecae736162f50619fd,,,
24970,747,Kyara Linskens,reb_ast,active_pmf_json,61,True,True,0.9999999699999993,0.0,0.9999999699999993,3.000000070585429e-08,0.0,60.0,2.37809369,24.997986601922307,0.53680289,0.8333333333333334,58c5a68f1b8d2234d08a84d6a6c9768e41e31580bc1170ecae736162f50619fd,,,
24970,747,Kyara Linskens,pts_reb_ast,active_pmf_json,61,True,True,0.9999999699999993,0.0,0.9999999699999993,3.000000070585429e-08,0.0,60.0,2.37809369,24.997986601922307,0.53680289,0.8333333333333334,58c5a68f1b8d2234d08a84d6a6c9768e41e31580bc1170ecae736162f50619fd,,,
24969,67054,Saylor Poffenbarger,stocks,active_pmf_json,61,True,True,1.00000001,0.0,1.00000001,9.99999993922529e-09,0.0,60.0,0.10996177000000001,0.17810015925938302,0.91619949,0.5066666666666667,6a36fc4163c8f2c2ed27b7168e4dd6306dae591e321133bce5df75fd48f6fb1d,,,
24969,67054,Saylor Poffenbarger,pts_ast,active_pmf_json,61,True,True,1.00000001,0.0,1.00000001,9.99999993922529e-09,0.0,60.0,0.10996177000000001,0.17810015925938302,0.91619949,0.5066666666666667,6a36fc4163c8f2c2ed27b7168e4dd6306dae591e321133bce5df75fd48f6fb1d,,,
24969,67054,Saylor Poffenbarger,pts_reb,active_pmf_json,61,True,True,1.00000001,0.0,1.00000001,9.99999993922529e-09,0.0,60.0,0.10996177000000001,0.17810015925938302,0.91619949,0.5066666666666667,6a36fc4163c8f2c2ed27b7168e4dd6306dae591e321133bce5df75fd48f6fb1d,,,
24969,67054,Saylor Poffenbarger,reb_ast,active_pmf_json,61,True,True,1.00000001,0.0,1.00000001,9.99999993922529e-09,0.0,60.0,0.10996177000000001,0.17810015925938302,0.91619949,0.5066666666666667,6a36fc4163c8f2c2ed27b7168e4dd6306dae591e321133bce5df75fd48f6fb1d,,,
24969,67054,Saylor Poffenbarger,pts_reb_ast,active_pmf_json,61,True,True,1.00000001,0.0,1.00000001,9.99999993922529e-09,0.0,60.0,0.10996177000000001,0.17810015925938302,0.91619949,0.5066666666666667,6a36fc4163c8f2c2ed27b7168e4dd6306dae591e321133bce5df75fd48f6fb1d,,,
24970,242,DeWanna Bonner,pts,active_pmf_json,61,True,True,0.9999999900000001,0.0,0.9999999900000001,9.99999993922529e-09,0.0,60.0,8.229419190000002,43.464679868026344,0.03968402,0.04790419161676647,98033e1e1529c7c0c666dd2832d21229b64ad129b5062436d24429adc3ced592,,,
24969,285,Courtney Vandersloot,pts,active_pmf_json,61,True,True,1.0,0.0,1.0,0.0,0.0,60.0,7.456519749999999,56.50074390785997,0.09625847,0.08333333333333333,588d86a517fc1fc3eb627436720532a48db2f056965bdc92eb87ea21b9dcb9f7,,,
24969,346,Skylar Diggins,pts,active_pmf_json,61,True,True,1.0,0.0,1.0,0.0,0.0,60.0,0.0,0.0,1.0,0.9487179487179487,aeb0c6c47178e0fbc3b03f22ec03a32428c3f68a46cc119d98f3cccc60837041,,,
24970,373,Alyssa Thomas,pts,active_pmf_json,61,True,True,0.9999999900000003,0.0,0.9999999900000003,9.999999717180685e-09,0.0,60.0,13.656411400000001,86.55730372897433,0.00899072,0.02097902097902098,bd4d0921babd9fdef186282365fda0738f0063e206d03aac7c48eff33b4750fe,,,
24969,408,Natasha Cloud,pts,active_pmf_json,61,True,True,1.0000000100000004,0.0,1.0000000100000004,1.00000003833145e-08,0.0,60.0,11.516466940000003,64.03130812617714,0.01288365,0.045454545454545456,e59e863ec0857360eb35453101af2e94d6d07b5083a788135f31c61dace601b1,,,
24969,409,Elizabeth Williams,pts,active_pmf_json,61,True,True,1.0000000199999999,0.0,1.0000000199999999,1.999999987845058e-08,0.0,60.0,7.559208729999997,59.86933080912451,0.09680075,0.023474178403755867,190b28ebe7ad27a3742e1fc87d0a446113670b5078dcbed70a38774f672aa724,,,
24969,410,Chelsea Gray,pts,active_pmf_json,61,True,True,0.9999999999999997,0.0,0.9999999999999997,3.3306690738754696e-16,0.0,60.0,16.965692749999995,122.62823734259742,0.00546364,0.018421052631578946,0a3dced5cb89ea46b120a9195f6ae4708a51b964d4006580d46465ec532fef8d,,,
24969,418,Cheyenne Parker-Tyus,pts,active_pmf_json,61,True,True,1.0,0.0,1.0,0.0,0.0,60.0,0.0,0.0,1.0,0.9487179487179487,aeb0c6c47178e0fbc3b03f22ec03a32428c3f68a46cc119d98f3cccc60837041,,,
24970,424,Rebecca Allen,pts,active_pmf_json,61,True,True,1.0000000199999999,0.0,1.0000000199999999,1.999999987845058e-08,0.0,60.0,4.578738569999996,23.883882676891297,0.15932461,0.04790419161676647,075880caeaf32e61d39a2008ad0a959ebab91f5046bdd8fbb9b28ce951c7d64a,,,
24969,437,Jewell Loyd,pts,active_pmf_json,61,True,True,0.9999999800000001,0.0,0.9999999800000001,1.999999987845058e-08,0.0,60.0,11.747407450000003,82.10023243365285,0.02213663,0.023474178403755867,6979a871eb3f1fe6d287e44fd8112e04d0d490dd00e8f85849ba6282d1ad4c27,,,
24970,448,Valeriane Ayayi,pts,active_pmf_json,61,True,True,0.9999999900000001,0.0,0.9999999900000001,9.99999993922529e-09,0.0,60.0,7.145892630000001,53.80430261987386,0.10176604,0.21935483870967742,2dea42bbc38d32aa80b1e51dc55b057ac0054f4e9966ba1e27faaa52f88cc735,,,
24970,462,Kahleah Copper,pts,active_pmf_json,61,True,True,0.9999999999999998,0.0,0.9999999999999998,2.220446049250313e-16,0.0,60.0,16.923608499999993,127.38091359872777,0.00607929,0.12408759124087591,2a6497958965e570e46d49de0f5545eaf3af68341ab99cce9660a6009b6c9dd5,,,
24970,465,Jonquel Jones,pts,active_pmf_json,61,True,True,0.9999999799999997,0.0,0.9999999799999997,2.000000032253979e-08,0.0,60.0,13.724133440000005,105.165203154037,0.01657415,0.018421052631578946,df33437e00e493b9c5a949cec731f786ef7e2797c7749968b7e5512fcfa48758,,,
24969,466,Rachel Banham,pts,active_pmf_json,61,True,True,1.0000000100000002,0.0,1.0000000100000002,1.0000000161269895e-08,0.0,60.0,3.6368355699999997,27.863748719048512,0.30903791,0.12408759124087591,1980eaa6470cc2271ba8693cc1887d26d6bd7de47f4813df0c4abddd7afd3f85,,,
24970,468,Breanna Stewart,pts,active_pmf_json,61,True,True,0.9999999700000001,0.0,0.9999999700000001,2.9999999928698173e-08,0.0,60.0,20.388142539999997,158.23072869835167,0.00342647,0.02097902097902098,9dfa375e88921ca084f794cf2e3f31299a0a0cbd0a38245a91258c1a2eb1145b,,,
24970,483,Sami Whitcomb,pts,active_pmf_json,61,True,True,1.0000000200000003,0.0,1.0000000200000003,2.000000032253979e-08,0.0,60.0,2.13746948,9.778166153444046,0.39331987,0.41420118343195267,aa7e18b3f2d4762237fdd8d0164ee17189761d2274ac93b219f83e93bf25d1d5,,,
24969,502,Stephanie Talbot,pts,active_pmf_json,61,True,True,1.0000000600000003,0.0,1.0000000600000003,6.000000030148556e-08,0.0,60.0,5.482281890000002,54.0651453119029,0.23313183,0.02097902097902098,a93173c4e849c4f51ab00e185ed2a15e26aef5507a61c50f11740ccec7dbe6af,,,
24969,525,Azura Stevens,pts,active_pmf_json,61,True,True,1.0,0.0,1.0,0.0,0.0,60.0,0.0,0.0,1.0,0.9487179487179487,aeb0c6c47178e0fbc3b03f22ec03a32428c3f68a46cc119d98f3cccc60837041,,,
24969,535,A'ja Wilson,pts,active_pmf_json,61,True,True,0.99999999,0.0,0.99999999,1.0000000050247593e-08,0.0,60.0,27.94124634,212.6702583203041,0.00127291,0.018421052631578946,44d06b61ff09a7b8620f399c65e051bde85d56d6221c2ab5599708b588828dcc,,,
24969,555,Brianna Turner,pts,active_pmf_json,61,True,True,1.0000000100000004,0.0,1.0000000100000004,1.00000003833145e-08,0.0,60.0,4.942213100000002,27.090871678443087,0.14529036,0.018421052631578946,f4e603fce2a05dac2db99a950c1eff0ae0217b09724d8c524d6ede77f69ee395,,,
24970,566,Han Xu,pts,active_pmf_json,61,True,True,0.9999999500000003,0.0,0.9999999500000003,4.999999969612645e-08,0.0,60.0,6.719017380000002,73.78733328999822,0.20201144,0.02097902097902098,f44b5b182f351b328cae4b651716b4e1667bc506c99bfe4d1ef23b80f81a64ed,,,
24969,570,Jackie Young,pts,active_pmf_json,61,True,True,1.00000001,0.0,1.00000001,9.99999993922529e-09,0.0,60.0,24.62708741,194.5786720351539,0.0019851,0.018421052631578946,5e3d962ea67f64ed31334f54d9dc28904852b7b90cd162d5fcddf1f9eb04ee40,,,
24970,582,Marine Johannes,pts,active_pmf_json,61,True,True,1.0000000299999998,0.0,1.0000000299999998,2.999999981767587e-08,0.0,60.0,9.14059374,78.31053620678642,0.07531169,0.08163265306122448,e1467a87d79c03e91719392e40aebc59f952856959b440e745093f83592e0793,,,
24970,591,Sabrina Ionescu,pts,active_pmf_json,61,True,True,1.00000006,0.0,1.00000006,6.000000007944095e-08,0.0,60.0,15.361663890000004,104.02812681951306,0.00678841,0.023474178403755867,92dc2ac3aedbbfc9ec24c3f1c09907b9c7349896ae277988d53e9ab96978e941,,,
24970,602,Satou Sabally,pts,active_pmf_json,61,True,True,1.0,0.0,1.0,0.0,0.0,60.0,0.0,0.0,1.0,0.9487179487179487,aeb0c6c47178e0fbc3b03f22ec03a32428c3f68a46cc119d98f3cccc60837041,,,
24969,605,Chennedy Carter,pts,active_pmf_json,61,True,True,1.0000000500000001,0.0,1.0000000500000001,5.000000014021566e-08,0.0,60.0,12.846383969999998,140.83928459680612,0.05382223,0.08163265306122448,ae49a5929f4c82034337095bcddd29fb9b7e1f2396d5c926910267b4bd2d0596,,,
24969,620,Dana Evans,pts,active_pmf_json,61,True,True,0.9999999799999999,0.0,0.9999999799999999,2.0000000100495186e-08,0.0,60.0,5.092452420000001,45.2671804713747,0.23912487,0.04790419161676647,7bf800d61c5ecc95d368846888fc24191905b4c9dc2f94619019725421a23389,,,
24970,631,Kiana Williams,pts,active_pmf_json,61,True,True,0.9999999699999997,0.0,0.9999999699999997,3.000000026176508e-08,0.0,60.0,3.422831929999999,44.19317747749913,0.47858608,0.5416666666666666,8e13c5b26bb6926c6bcb4570e1da908e9a73f672696b5a1fb087d21656ebc5c0,,,
24970,633,Natasha Mack,pts,active_pmf_json,61,True,True,1.00000003,0.0,1.00000003,3.0000000039720476e-08,0.0,60.0,5.978872820000001,40.18042727467285,0.12734111,0.2714285714285714,8b158c73eedb8b2db6564d04d8b3222a5e8476ef5a3c515c78e8dbf60a6e991c,,,
24969,636,Kierstan Bell,pts,active_pmf_json,61,True,True,0.99999997,0.0,0.99999997,3.0000000039720476e-08,0.0,60.0,2.675995629999999,30.644607383392316,0.51751928,0.41420118343195267,cc70ebfc336a219ee6eb7756771cc6f6149ff4db00f7369176289097343e4582,,,
24970,642,Anneli Maley,pts,active_pmf_json,61,True,True,0.9999999900000001,0.0,0.9999999900000001,9.99999993922529e-09,0.0,60.0,0.24702279,0.5187110106104132,0.84320194,0.6219512195121951,c63180f04293b72d8073725f7ba10e061c54e2f1f50c649982848c5e5d53f6dd,,,
24969,645,NaLyssa Smith,pts,active_pmf_json,61,True,True,1.00000004,0.0,1.00000004,3.9999999978945766e-08,0.0,60.0,10.30126894,101.72915401043691,0.07100808,0.21935483870967742,92e739169d8bfde5ad3b520a0cb8d50996efa8bab3a297b5884e99b55602923d,,,
24970,663,Rebekah Gardner,pts,active_pmf_json,61,True,True,0.9999999799999997,0.0,0.9999999799999997,2.000000032253979e-08,0.0,60.0,6.88915504,50.261298265633464,0.10542378,0.02097902097902098,7444adf5f73f1cebd5da2a0b8b0acfc34a068bc1e917f14d5be12f978debaf5d,,,
24970,712,Leonie Fiebich,pts,active_pmf_json,61,True,True,1.0,0.0,1.0,0.0,0.0,60.0,0.0,0.0,1.0,0.9487179487179487,aeb0c6c47178e0fbc3b03f22ec03a32428c3f68a46cc119d98f3cccc60837041,,,
24970,715,Julie Vanloo,pts,active_pmf_json,61,True,True,1.0000000300000003,0.0,1.0000000300000003,3.000000026176508e-08,0.0,60.0,5.838644669999996,57.31395839017373,0.21911843,0.018421052631578946,64419133bed7410a4d47d35c178fb5ca230f78fe2cabf2e96153762888ca257d,,,
24969,720,Rickea Jackson,pts,active_pmf_json,61,True,True,1.0,0.0,1.0,0.0,0.0,60.0,0.0,0.0,1.0,0.9487179487179487,aeb0c6c47178e0fbc3b03f22ec03a32428c3f68a46cc119d98f3cccc60837041,,,
24969,725,Jacy Sheldon,pts,active_pmf_json,61,True,True,0.9999999800000003,0.0,0.9999999800000003,1.9999999656405976e-08,0.0,60.0,7.707521209999998,59.49882401928247,0.09164205,0.08163265306122448,49d3f47a8bc4e576086d3717207e531316136bf5d41e2c08c30c4871d187b703,,,
24969,726,Kamilla Cardoso,pts,active_pmf_json,61,True,True,1.00000001,0.0,1.00000001,9.99999993922529e-09,0.0,60.0,17.239034200000006,149.42616144307337,0.01082778,0.023474178403755867,d76f9d3e1877f4a9648739afd5b4a7ffd6749d16e316bb81e0dada241a29697b,,,
24969,751,Maddy Westbeld,pts,active_pmf_json,61,True,True,1.0000000000000002,0.0,1.0000000000000002,2.220446049250313e-16,0.0,60.0,1.12876341,6.657493194245172,0.64568335,0.34782608695652173,0edf4384c8aec5dcd2e40490f25bc190f03a58e766d6dea832299f9df3ac931d,,,
24970,765,Monique Akoa Makani,pts,active_pmf_json,61,True,True,1.0000000400000004,0.0,1.0000000400000004,4.0000000423034976e-08,0.0,60.0,8.076812460000003,64.30673385538475,0.0868518,0.08333333333333333,0fb138f6fc831ab4dcb8bf175ba152cc9885c57002a2beba51f455f971704c6f,,,
24970,766,Lexi Held,pts,active_pmf_json,61,True,True,0.9999999900000003,0.0,0.9999999900000003,9.999999717180685e-09,0.0,60.0,4.2024520999999995,32.66322945059956,0.26957601,0.11904761904761904,97ae8138b2c8572d28679a30c446040f019386eb8ece59ecdc0cab377f7c6007,,,
24969,774,Chloe Bibby,pts,active_pmf_json,61,True,True,1.0000000099999997,0.0,1.0000000099999997,9.999999717180685e-09,0.0,60.0,6.162950319999999,68.32182713303145,0.22422678,0.3194444444444444,d115a07c8b36d5613b9142b0ba9da6afe15821cec4be96edd226e6b36c2e5706,,,
24970,66925,Pauline Astier,pts,active_pmf_json,61,True,True,1.0000000099999997,0.0,1.0000000099999997,9.999999717180685e-09,0.0,60.0,10.373500890000003,97.3165241712644,0.06561288,0.02097902097902098,7927e655b913d735f9448b75574b90ac600a1558cb2375c81e7922b997c99842,,,
24970,66926,Raquel Carrera,pts,active_pmf_json,61,True,True,0.9999999600000001,0.0,0.9999999600000001,3.9999999867923464e-08,0.0,60.0,0.4617110299999999,1.8755293462492562,0.78935687,0.3194444444444444,1eaad1eaa3e0d3db861bbd6eccdfff674410cfbb27ad58cb58c1eb93248ae062,,,
24969,66973,Justine Pissott,pts,active_pmf_json,61,True,True,0.9999999899999997,0.0,0.9999999899999997,1.0000000272292198e-08,0.0,60.0,5.0672618999999965,48.64778450003694,0.24673406,0.08333333333333333,93cdf3d5b86d041b57dab53d456247cf56c3a1b5124a155d8fdcc96cd9d37604,,,
24969,67023,Aicha Coulibaly,pts,active_pmf_json,61,True,True,1.00000004,0.0,1.00000004,3.9999999978945766e-08,0.0,60.0,5.22252829,50.729848521141776,0.24498646,0.12408759124087591,7021a50e1fc18f84b553f42abae9cff09c5a7372fc7ad520988bed0dd2437274,,,
24969,67027,Gabriela Jaquez,pts,active_pmf_json,61,True,True,1.00000001,0.0,1.00000001,9.99999993922529e-09,0.0,60.0,8.670670230000004,74.03142060439697,0.08145291,0.04790419161676647,77676a6ae22ff0fb85824066e5a79073da158e3a0821de3eb88b8f85b4d40418,,,
24969,67033,Sydney Taylor,pts,active_pmf_json,61,True,True,1.00000002,0.0,1.00000002,2.0000000100495186e-08,0.0,60.0,18.36034932,163.41349848962403,0.00964501,0.04790419161676647,4f557d17f08eb28ce6e4e63d7f13ef1ed4101690785ec87c974db3e1f944a0e3,,,
24970,67044,Aubrey Griffin,pts,active_pmf_json,61,True,True,0.9999999999999999,0.0,0.9999999999999999,1.1102230246251565e-16,0.0,60.0,0.027216650000000002,0.031245563962777504,0.97488519,0.2714285714285714,8c338e90b0ff8270561fe410e4456d2b0496a76779311075ece2c6fe6ff7db05,,,
24969,67061,Janiah Barker,pts,active_pmf_json,61,True,True,1.0,0.0,1.0,0.0,0.0,60.0,0.0,0.0,1.0,0.9487179487179487,aeb0c6c47178e0fbc3b03f22ec03a32428c3f68a46cc119d98f3cccc60837041,,,
24970,67092,Noemie Brochant,pts,active_pmf_json,61,True,True,0.9999999999999998,0.0,0.9999999999999998,2.220446049250313e-16,0.0,60.0,3.5161166999999995,14.48955291198111,0.19717723,0.04790419161676647,4803e3ae4edcfec4efe9f3beea42ff95bf8ac390e60df47b157d19147e15661e,,,
24970,67094,Shay Ciezki,pts,active_pmf_json,61,True,True,0.9999999899999998,0.0,0.9999999899999998,1.0000000161269895e-08,0.0,60.0,0.02282733,0.026308462999860224,0.97892435,0.7083333333333333,7c1a3e9f0b82e61748175a58ef0abc590d57d73c07aee737eb01c2b3b41214a3,,,
24969,67135,Ta'Niya Latson,pts,active_pmf_json,61,True,True,1.0000000199999999,0.0,1.0000000199999999,1.999999987845058e-08,0.0,60.0,3.71473211,54.99293511691962,0.47692697,0.21935483870967742,117d1ffa25904fbadda0e1c9906c84396550e60048df63dcd7acf8d5c1ef0477,,,
24970,67157,Marta Suarez,pts,active_pmf_json,61,True,True,0.9999999799999997,0.0,0.9999999799999997,2.000000032253979e-08,0.0,60.0,3.4653207399999983,26.82506794875689,0.32075661,0.6219512195121951,cea9fe5c746a95dda5afd2b575fe2ede3526ac9ae9eb142bb116a63e802e72d0,,,
24970,74551,Marine Fauthoux,pts,active_pmf_json,61,True,True,0.9999999799999997,0.0,0.9999999799999997,2.000000032253979e-08,0.0,60.0,6.9787141,77.63786147641218,0.19569294,0.02097902097902098,fd4dbafaf407ba1a7a20ecb33eb5e8264e53f6407bc057b5b9dfc9727d4432ef,,,
24970,74553,Alex Fowler,pts,active_pmf_json,61,True,True,1.0,0.0,1.0,0.0,0.0,60.0,6.145673479999999,62.7701604172247,0.21256318,0.015384615384615385,c2899a01901ad65bde7d6445bd0ab9ed1e4a68f526e7fbb9f2a08ea4e2bcf171,,,
24970,74872,Quionche Carter,pts,active_pmf_json,61,True,True,0.9999999800000005,0.0,0.9999999800000005,1.9999999545383673e-08,0.0,60.0,1.5129450199999999,12.628768360677148,0.60868176,0.6857142857142857,96120cf01982ce1af50af8d10fdfdf582a57f65aff1b9eff941fdf64b25627d2,,,
24970,74884,Jovana Nogic,pts,active_pmf_json,61,True,True,1.0,0.0,1.0,0.0,0.0,60.0,0.0,0.0,1.0,0.9487179487179487,aeb0c6c47178e0fbc3b03f22ec03a32428c3f68a46cc119d98f3cccc60837041,,,
24970,75095,Peyton Williams,pts,active_pmf_json,61,True,True,0.9999999700000002,0.0,0.9999999700000002,2.999999981767587e-08,0.0,60.0,0.7480509800000006,3.5552206945336327,0.70995589,0.08333333333333333,c5ff738b0b2d657ec303c9716ef952e72fc1f730df6b5a0dde21c7a4cdc91f7d,,,
24969,188326,Mai Yamamoto,pts,active_pmf_json,61,True,True,0.9999999800000005,0.0,0.9999999800000005,1.9999999545383673e-08,0.0,60.0,1.76581993,16.79941618245239,0.58701086,0.41420118343195267,89a2161541c6392a7943e9fd92688125d71c1cbe663c9af7cc0bde342df51a3e,,,
24970,242,DeWanna Bonner,reb,active_pmf_json,31,True,True,1.0000000100000002,0.0,1.0000000100000002,1.0000000161269895e-08,0.0,30.0,5.265794369999999,21.760439880162206,0.09427127,0.04790419161676647,a41851e6ad33a469b7bc74a51ea75f1e031326cde396db12c4ba1995002df8f7,,,
24969,285,Courtney Vandersloot,reb,active_pmf_json,31,True,True,1.0000000200000003,0.0,1.0000000200000003,2.000000032253979e-08,0.0,30.0,1.8603313499999996,5.010404567423832,0.33263607,0.08333333333333333,a2b310ae11359dd66eef75137b98bb8dc7ff17d8f42b1e9f0c5c1300e00ab79f,,,
24969,346,Skylar Diggins,reb,active_pmf_json,31,True,True,1.0,0.0,1.0,0.0,0.0,30.0,0.0,0.0,1.0,0.9487179487179487,80c79790eca92115038b7676566cad8dc7678f468fd5991785af0186df564ac3,,,
24970,373,Alyssa Thomas,reb,active_pmf_json,31,True,True,0.9999999800000001,0.0,0.9999999800000001,1.999999987845058e-08,0.0,30.0,6.794932659999999,29.63163754264313,0.05546253,0.02097902097902098,2cd4e0f4d20c4875e12d13968732c035c039bad88094e3a4c9cb61ad8773a43d,,,
24969,408,Natasha Cloud,reb,active_pmf_json,31,True,True,0.9999999899999996,0.0,0.9999999899999996,1.00000003833145e-08,0.0,30.0,2.9846124299999994,7.7806015236103825,0.16768819,0.045454545454545456,74bd640e6220d497d102a8234dce59314ca8496fa02bf1fd016b0f02526c9e1f,,,
24969,409,Elizabeth Williams,reb,active_pmf_json,31,True,True,0.9999999800000002,0.0,0.9999999800000002,1.9999999767428278e-08,0.0,30.0,4.2211399400000005,20.11321959057635,0.17147021,0.023474178403755867,593c85361b5bb531883f734238fed077222d144db99737cb8c3b4e32d73da3b3,,,
24969,410,Chelsea Gray,reb,active_pmf_json,31,True,True,0.9999999999999998,0.0,0.9999999999999998,2.220446049250313e-16,0.0,30.0,2.9768951299999995,7.776342834982283,0.16862824,0.018421052631578946,23f3e0a593f800a532964fb988a9d49d61e5146285fcc41149467028b9948867,,,
24969,418,Cheyenne Parker-Tyus,reb,active_pmf_json,31,True,True,1.0,0.0,1.0,0.0,0.0,30.0,0.0,0.0,1.0,0.9487179487179487,80c79790eca92115038b7676566cad8dc7678f468fd5991785af0186df564ac3,,,
24970,424,Rebecca Allen,reb,active_pmf_json,31,True,True,0.99999998,0.0,0.99999998,1.9999999989472883e-08,0.0,30.0,1.48303783,3.5307485208008664,0.39073311,0.04790419161676647,069edce2a8f18629537b9de393eb8dad7547e10da3cd2b04b4cc602f6e745968,,,
24969,437,Jewell Loyd,reb,active_pmf_json,31,True,True,1.0000000100000002,0.0,1.0000000100000002,1.0000000161269895e-08,0.0,30.0,2.3866336800000005,5.962545014449861,0.23064244,0.023474178403755867,1c9196e82b9b057d6fc3c32057298fd3f0134861ed40fad98a8416493387968b,,,
24970,448,Valeriane Ayayi,reb,active_pmf_json,31,True,True,1.0000000000000002,0.0,1.0000000000000002,2.220446049250313e-16,0.0,30.0,3.096203599999999,12.007133387347043,0.22534658,0.21935483870967742,13e1705079ea01cf4eb4bbabbcde8295027d3ae54e6af7536ab16e64e9cb6e47,,,
24970,462,Kahleah Copper,reb,active_pmf_json,31,True,True,0.9999999899999998,0.0,0.9999999899999998,1.0000000161269895e-08,0.0,30.0,2.8329359800000002,7.403782072966178,0.18279635,0.12408759124087591,6078cd0649bf2fbc4a9d04e0bacc2e8968b7296228d63afba108c8ce424b2038,,,
24970,465,Jonquel Jones,reb,active_pmf_json,31,True,True,0.9999999799999997,0.0,0.9999999799999997,2.000000032253979e-08,0.0,30.0,7.59527545,37.56954441486312,0.05601939,0.018421052631578946,d09533272ac30370b122c540de2ad9cbae526423d48736c5b2c9682d95f373c1,,,
24969,466,Rachel Banham,reb,active_pmf_json,31,True,True,1.00000001,0.0,1.00000001,9.99999993922529e-09,0.0,30.0,1.2414829000000003,3.878083044420388,0.50399115,0.12408759124087591,df1f291ef14bbef66ca15a64480bf2452bef09cb67b587adb261b79706cff29e,,,
24970,468,Breanna Stewart,reb,active_pmf_json,31,True,True,0.9999999800000001,0.0,0.9999999800000001,1.999999987845058e-08,0.0,30.0,8.139431929999999,38.26526500188943,0.04106201,0.02097902097902098,8c202b0ab068e46f58b3bfe00ec474215543f465606a712ea7d8481f1f538e30,,,
24970,483,Sami Whitcomb,reb,active_pmf_json,31,True,True,1.0,0.0,1.0,0.0,0.0,30.0,1.4614537399999998,4.726222385840014,0.45770194,0.41420118343195267,cc36acab882327c26143b5bb2c4825f604db78dfa2574061bec4b7ddc0946e4e,,,
24969,502,Stephanie Talbot,reb,active_pmf_json,31,True,True,1.00000002,0.0,1.00000002,2.0000000100495186e-08,0.0,30.0,1.7302184299999994,6.433006094361451,0.42221924,0.02097902097902098,2ccd6e4d05d16d26c17c78027a015b881fb92f0a7540c37d909ac52bbc1a41b0,,,
24969,525,Azura Stevens,reb,active_pmf_json,31,True,True,1.0,0.0,1.0,0.0,0.0,30.0,0.0,0.0,1.0,0.9487179487179487,80c79790eca92115038b7676566cad8dc7678f468fd5991785af0186df564ac3,,,
24969,535,A'ja Wilson,reb,active_pmf_json,31,True,True,0.99999999,0.0,0.99999999,1.0000000050247593e-08,0.0,30.0,8.35136926,39.557891725673365,0.03918319,0.018421052631578946,650ecf9b3a788479aa898fb86486eca27a0583ddc021ee9d2acf59d080e83fa7,,,
24969,555,Brianna Turner,reb,active_pmf_json,31,True,True,1.0,0.0,1.0,0.0,0.0,30.0,3.53514949,14.685972353352739,0.19889361,0.018421052631578946,02b701547ac61c2798de8f4cf4b83dc6bb471c67bf232ea3756a6e4c0a707ce7,,,
24970,566,Han Xu,reb,active_pmf_json,31,True,True,1.00000003,0.0,1.00000003,3.0000000039720476e-08,0.0,30.0,2.4398880800000002,11.069020475665528,0.34716787,0.02097902097902098,3cdfdca68ccd372123aceb9ecf93962310a67f4163a3ecd3870dfc86c881dead,,,
24969,570,Jackie Young,reb,active_pmf_json,31,True,True,1.00000002,0.0,1.00000002,2.0000000100495186e-08,0.0,30.0,2.69770176,6.674041959644796,0.18898172,0.018421052631578946,48798389eacf38c99ad73174c3316ffb5c489e1e457f4f9c06f63127be5ad2da,,,
24970,582,Marine Johannes,reb,active_pmf_json,31,True,True,0.9999999800000005,0.0,0.9999999800000005,1.9999999545383673e-08,0.0,30.0,2.1192641899999995,6.05840337315803,0.29878085,0.08163265306122448,cfcf41b8780e159879c4229fd84ab15a5057f469b789752fa69253a2d24e579b,,,
24970,591,Sabrina Ionescu,reb,active_pmf_json,31,True,True,1.0000000199999997,0.0,1.0000000199999997,1.9999999656405976e-08,0.0,30.0,3.92125804,12.115345491260655,0.11997495,0.023474178403755867,08ad707bc5d1ff26c2a84205f4549bd5b79f90d765c380efcf13d108bc3e28cc,,,
24970,602,Satou Sabally,reb,active_pmf_json,31,True,True,1.0,0.0,1.0,0.0,0.0,30.0,0.0,0.0,1.0,0.9487179487179487,80c79790eca92115038b7676566cad8dc7678f468fd5991785af0186df564ac3,,,
24969,605,Chennedy Carter,reb,active_pmf_json,31,True,True,0.9999999900000002,0.0,0.9999999900000002,9.999999828202988e-09,0.0,30.0,0.9880881299999998,1.9258908075899221,0.49625257,0.08163265306122448,b69deb44f77fb13880fad428d866c595bd7a55a2d487c6c5f75e43d838d28720,,,
24969,620,Dana Evans,reb,active_pmf_json,31,True,True,0.99999999,0.0,0.99999999,1.0000000050247593e-08,0.0,30.0,1.0823656899999998,2.79023807139567,0.51877886,0.04790419161676647,61dd1e388a368496c0ddea5128a2c79061adb6a20086e8dc660073c3bde6f3dd,,,
24970,631,Kiana Williams,reb,active_pmf_json,31,True,True,0.9999999899999997,0.0,0.9999999899999997,1.0000000272292198e-08,0.0,30.0,1.4765022699999997,9.269267894884255,0.59598817,0.5416666666666666,167068288000c1028b2731bf4cb1c3be781d15bc58efbe095d4e2e348bef6b1c,,,
24970,633,Natasha Mack,reb,active_pmf_json,31,True,True,0.9999999899999997,0.0,0.9999999899999997,1.0000000272292198e-08,0.0,30.0,3.9076024800000004,18.047929105604275,0.1890604,0.2714285714285714,4feb65a698b4c359ebf55f5c38f7d03b85012c7b090301da5f61f944ed31e898,,,
24969,636,Kierstan Bell,reb,active_pmf_json,31,True,True,0.9999999899999998,0.0,0.9999999899999998,1.0000000161269895e-08,0.0,30.0,1.8627984300000004,13.842541764489352,0.56295783,0.41420118343195267,5c1c118c6ddf3bdd28c4aac519b29d2733d755c4594c7c88277aa7978931dd11,,,
24970,642,Anneli Maley,reb,active_pmf_json,31,True,True,1.00000001,0.0,1.00000001,9.99999993922529e-09,0.0,30.0,1.0189591600000003,5.360901380634874,0.65958566,0.6219512195121951,c1b09fd6fdc614acff2b683bb301f6ad8e92e39418e758a517cbb81c08abb35c,,,
24969,645,NaLyssa Smith,reb,active_pmf_json,31,True,True,0.9999999799999996,0.0,0.9999999799999996,2.0000000433562093e-08,0.0,30.0,3.95043674,18.23864031113916,0.18582376,0.21935483870967742,3071b327f819f6e4e78ae669a7f7d2e86984d143b2df5a6617302a992f1d39a8,,,
24970,663,Rebekah Gardner,reb,active_pmf_json,31,True,True,0.99999999,0.0,0.99999999,1.0000000050247593e-08,0.0,30.0,2.352946779999999,7.555211355124047,0.28116022,0.02097902097902098,daee78a10f27f3b364a23e21fa8064b26298b81166e6d96fabff740e49515b1d,,,
24970,712,Leonie Fiebich,reb,active_pmf_json,31,True,True,1.0,0.0,1.0,0.0,0.0,30.0,0.0,0.0,1.0,0.9487179487179487,80c79790eca92115038b7676566cad8dc7678f468fd5991785af0186df564ac3,,,
24970,715,Julie Vanloo,reb,active_pmf_json,31,True,True,0.9999999899999998,0.0,0.9999999899999998,1.0000000161269895e-08,0.0,30.0,2.2418413099999994,9.422374440518958,0.36153369,0.018421052631578946,45ce37635f82051f028c3be01ab824da3cee4549a9d3d0fe92332fc2dc1e33d8,,,
24969,720,Rickea Jackson,reb,active_pmf_json,31,True,True,1.0,0.0,1.0,0.0,0.0,30.0,0.0,0.0,1.0,0.9487179487179487,80c79790eca92115038b7676566cad8dc7678f468fd5991785af0186df564ac3,,,
24969,725,Jacy Sheldon,reb,active_pmf_json,31,True,True,1.0000000000000002,0.0,1.0000000000000002,2.220446049250313e-16,0.0,30.0,2.0223249799999996,5.735211915267998,0.31160957,0.08163265306122448,970ae3e70f76bcf33ec729f21e165e554345df4952e56027dfdfd1bb1f99a3ac,,,
24969,726,Kamilla Cardoso,reb,active_pmf_json,31,True,True,1.00000001,0.0,1.00000001,9.99999993922529e-09,0.0,30.0,7.73131247,38.734182798954436,0.05489934,0.023474178403755867,0f817816b5f9805807e13be797b6873600d40ee664519be1ba6a508899ec22bd,,,
24969,751,Maddy Westbeld,reb,active_pmf_json,31,True,True,0.9999999800000002,0.0,0.9999999800000002,1.9999999767428278e-08,0.0,30.0,1.1687547199999997,6.665130397157969,0.63896427,0.34782608695652173,e9e69b447f6453116dd459cd6800f8404cf8a326139f6455c61ddb81c33528ad,,,
24970,765,Monique Akoa Makani,reb,active_pmf_json,31,True,True,1.00000001,0.0,1.00000001,9.99999993922529e-09,0.0,30.0,1.6932200800000006,4.283129649354736,0.35326738,0.08333333333333333,a81cac76c2a10a0e85e91182a525b51870011f774440ec2e89ae2827c97d5ed2,,,
24970,766,Lexi Held,reb,active_pmf_json,31,True,True,0.9999999900000004,0.0,0.9999999900000004,9.999999606158383e-09,0.0,30.0,1.2091146600000007,3.3995098043535013,0.49588843,0.11904761904761904,0aa46c168d1478b8a04b7e9221836fedab9429d5b5332282bbab61abf8ab8aa7,,,
24969,774,Chloe Bibby,reb,active_pmf_json,31,True,True,1.00000001,0.0,1.00000001,9.99999993922529e-09,0.0,30.0,1.6379772800000005,6.071708597033497,0.44167991,0.3194444444444444,fb3349c1ffa95e4cd0662dc15c7f92457e3ce1aecefe21e092ba874d3b749058,,,
24970,66925,Pauline Astier,reb,active_pmf_json,31,True,True,1.0,0.0,1.0,0.0,0.0,30.0,1.9326501600000001,5.249964519051974,0.32094077,0.02097902097902098,2c5edbbca22daf8cfce2838d94474f6f6355412a9c576b84b5179af97ebbb4af,,,
24970,66926,Raquel Carrera,reb,active_pmf_json,31,True,True,1.00000001,0.0,1.00000001,9.99999993922529e-09,0.0,30.0,1.13405311,7.8429585665600925,0.66821103,0.3194444444444444,aacd494ce86d27b2ade9461b26aa67e7199f96e6516a15f735e9e50b0a9b9cda,,,
24969,66973,Justine Pissott,reb,active_pmf_json,31,True,True,1.00000002,0.0,1.00000002,2.0000000100495186e-08,0.0,30.0,1.59159298,5.794739956678082,0.44339388,0.08333333333333333,a42626454c7a4375ced01554eb41774c3a822bf7ddac45aa41217a2f41d7cbbd,,,
24969,67023,Aicha Coulibaly,reb,active_pmf_json,31,True,True,1.00000001,0.0,1.00000001,9.99999993922529e-09,0.0,30.0,3.2132972499999997,18.309408896395233,0.30339333,0.12408759124087591,d0e9942c4ec20b2daa4c918127138cbdda67687bbfa8016f2ae7950a607dcb58,,,
24969,67027,Gabriela Jaquez,reb,active_pmf_json,31,True,True,0.99999997,0.0,0.99999997,3.0000000039720476e-08,0.0,30.0,3.0523305299999994,11.586885226128269,0.22593911,0.04790419161676647,da8cca1e48e3b51fe73258866596999b9872bf67c2bacbb78701c1e56684454a,,,
24969,67033,Sydney Taylor,reb,active_pmf_json,31,True,True,0.99999998,0.0,0.99999998,1.9999999989472883e-08,0.0,30.0,2.1194662799999997,4.959246778100215,0.25895038,0.04790419161676647,aa056f190f0b1529ecaef55064e4fbc91e5e80dabc7864eb54c9ea0db9325a8c,,,
24970,67044,Aubrey Griffin,reb,active_pmf_json,31,True,True,0.99999999,0.0,0.99999999,1.0000000050247593e-08,0.0,30.0,2.3644160899999997,20.39250030744448,0.53020249,0.2714285714285714,b6b309738a6abf32da8f9a47923b723c5787d92473f06c91447425471fd771cf,,,
24969,67061,Janiah Barker,reb,active_pmf_json,31,True,True,1.0,0.0,1.0,0.0,0.0,30.0,0.0,0.0,1.0,0.9487179487179487,80c79790eca92115038b7676566cad8dc7678f468fd5991785af0186df564ac3,,,
24970,67092,Noemie Brochant,reb,active_pmf_json,31,True,True,1.0000000099999997,0.0,1.0000000099999997,9.999999717180685e-09,0.0,30.0,1.6880023400000004,4.2435261286480435,0.35428142,0.04790419161676647,6e9d7ac8b5d32e0e939a9867a84d4b8f6e4f7f965444f6b37581e3d09f8d7277,,,
24970,67094,Shay Ciezki,reb,active_pmf_json,31,True,True,0.99999999,0.0,0.99999999,1.0000000050247593e-08,0.0,30.0,1.4108716499999996,10.46209363732069,0.62196768,0.7083333333333333,296ce542c46bdb18a679b513e01504595bc0239c34bca5226866fb0ee8c20d4b,,,
24969,67135,Ta'Niya Latson,reb,active_pmf_json,31,True,True,0.9999999799999998,0.0,0.9999999799999998,2.0000000211517488e-08,0.0,30.0,1.58852463,11.520629259415156,0.59608948,0.21935483870967742,d52e93e90719364414ee0d0272ff2c4e729d62e9863b24c401714bbdf73a19be,,,
24970,67157,Marta Suarez,reb,active_pmf_json,31,True,True,0.9999999800000005,0.0,0.9999999800000005,1.9999999545383673e-08,0.0,30.0,1.64961773,6.551461260444874,0.44748341,0.6219512195121951,a0820bf579aaeae7c904221acdf7ce932628799fa1ce7061ae9f6d029f963b22,,,
24970,74551,Marine Fauthoux,reb,active_pmf_json,31,True,True,0.9999999799999999,0.0,0.9999999799999999,2.0000000100495186e-08,0.0,30.0,3.3596090199999993,18.538902546995182,0.28472716,0.02097902097902098,8ef7027dfc52c6c0afcc050e9613114de712edf92865cb6b96c4a7675ada600d,,,
24970,74553,Alex Fowler,reb,active_pmf_json,31,True,True,1.0000000099999997,0.0,1.0000000099999997,9.999999717180685e-09,0.0,30.0,1.5683898599999997,5.144095651647647,0.43670068,0.015384615384615385,b10409e62f2ba094cea0dea4b7fe8a3f9ae9ad86f24ed75c1149caf1822f4395,,,
24970,74872,Quionche Carter,reb,active_pmf_json,31,True,True,0.99999997,0.0,0.99999997,3.0000000039720476e-08,0.0,30.0,1.0894426600000002,6.363801714965563,0.65345167,0.6857142857142857,edc46adb0d174d0630f48236ac8687bdc1b72825036bb5e76221d8c030599274,,,
24970,74884,Jovana Nogic,reb,active_pmf_json,31,True,True,1.0,0.0,1.0,0.0,0.0,30.0,0.0,0.0,1.0,0.9487179487179487,80c79790eca92115038b7676566cad8dc7678f468fd5991785af0186df564ac3,,,
24970,75095,Peyton Williams,reb,active_pmf_json,31,True,True,0.99999999,0.0,0.99999999,1.0000000050247593e-08,0.0,30.0,1.71598967,12.721120093007086,0.58341409,0.08333333333333333,dadb648fc2a9e384ed7c21d0e8b41a25ec3968ac268451f85efc53a9716aee60,,,
24969,188326,Mai Yamamoto,reb,active_pmf_json,31,True,True,0.9999999900000003,0.0,0.9999999900000003,9.999999717180685e-09,0.0,30.0,2.567988479999999,22.587572240641645,0.51326729,0.41420118343195267,b535b2bf140b307a14efb04df089ace9a40bda0283fc743df82659dad47b6e2f,,,
24970,242,DeWanna Bonner,ast,active_pmf_json,26,True,True,0.9999999999999999,0.0,0.9999999999999999,1.1102230246251565e-16,0.0,25.0,1.2972013088259897,3.1886169179526007,0.4492926813561734,0.04790419161676647,7a8da07296e2bd9ec892dc96bd0b975d683da8643b9b142c2fda42cbca0ff6d4,,,
24969,285,Courtney Vandersloot,ast,active_pmf_json,26,True,True,1.0000000000000004,0.0,1.0000000000000004,4.440892098500626e-16,0.0,25.0,3.8818391351104546,23.65798900274433,0.2866826315356673,0.08333333333333333,b58b83b090a1150c0401b83f2c3b21aa2c61e9713ee9bef1524cbb4d581a7300,,,
24969,346,Skylar Diggins,ast,active_pmf_json,1,True,True,1.0,0.0,1.0,0.0,0.0,0.0,0.0,0.0,1.0,0.9487179487179487,90f0c62486197f2b914f4a9e229079e5c71ca1474e830fdf6f9dea88159968bb,,,
24970,373,Alyssa Thomas,ast,active_pmf_json,26,True,True,0.9999999999999997,0.0,0.9999999999999997,3.3306690738754696e-16,0.0,25.0,7.255308911506605,33.541640903295885,0.0659589607888278,0.02097902097902098,cc36addaaa12369903350b24622d64ac5320331ade5d0b8d17628de7c1039e4c,,,
24969,408,Natasha Cloud,ast,active_pmf_json,26,True,True,1.0,0.0,1.0,0.0,0.0,25.0,5.802349034744443,26.726901029040043,0.1022321501846287,0.045454545454545456,77788946fb71b316077d4b7da77c8a2769904fe546278a8cb1c57145b13108af,,,
24969,409,Elizabeth Williams,ast,active_pmf_json,26,True,True,1.0,0.0,1.0,0.0,0.0,25.0,1.469176923601008,5.9623952812894485,0.5125258254576892,0.023474178403755867,b3539d74b4ffc830e0da51882e9d0ec74aa4dc89ddd344c8fe070ce1dbfa89a7,,,
24969,410,Chelsea Gray,ast,active_pmf_json,26,True,True,0.9999999999999997,0.0,0.9999999999999997,3.3306690738754696e-16,0.0,25.0,9.814196793535986,41.77745692169302,0.029064741750766634,0.018421052631578946,5b43ddc22fd2a27d3baef6727f74da704944b58779f3fd933795d7ccaabc8d0e,,,
24969,418,Cheyenne Parker-Tyus,ast,active_pmf_json,1,True,True,1.0,0.0,1.0,0.0,0.0,0.0,0.0,0.0,1.0,0.9487179487179487,90f0c62486197f2b914f4a9e229079e5c71ca1474e830fdf6f9dea88159968bb,,,
24970,424,Rebecca Allen,ast,active_pmf_json,26,True,True,0.9999999999999999,0.0,0.9999999999999999,1.1102230246251565e-16,0.0,25.0,0.49931105408421744,1.0235449827365428,0.7107993975394076,0.04790419161676647,27a0f5006cb32429fe71e05bbd583808fdacad3680dcacc5453aa6ba4d8f511d,,,
24969,437,Jewell Loyd,ast,active_pmf_json,26,True,True,1.0,0.0,1.0,0.0,0.0,25.0,2.010472845012776,6.540923183756043,0.34991633878735035,0.023474178403755867,fc8412eb0ee9f78ce5139b137ea8a5af28a63512baf7c29bf2e687fa09cd3a82,,,
24970,448,Valeriane Ayayi,ast,active_pmf_json,26,True,True,1.0000000000000002,0.0,1.0000000000000002,2.220446049250313e-16,0.0,25.0,1.2501778040106766,4.530193923674067,0.5424038276891086,0.21935483870967742,8b0dfe5695b67111ea217fdcd4d48d2d4944380fa2eeb4b776eeccd32e202dc1,,,
24970,462,Kahleah Copper,ast,active_pmf_json,26,True,True,1.0000000000000002,0.0,1.0000000000000002,2.220446049250313e-16,0.0,25.0,1.8342786616841846,5.048527546349735,0.34671632873987857,0.12408759124087591,486906a70802dc5d6c3521fbd01e7fa547500a1b0fe7be9e4507cde7271138b3,,,
24970,465,Jonquel Jones,ast,active_pmf_json,26,True,True,0.9999999999999999,0.0,0.9999999999999999,1.1102230246251565e-16,0.0,25.0,3.4695287681854534,15.474282812885901,0.23280645846257936,0.018421052631578946,0fd24ff38ecb46aa26fe24f8ca9e8f23f8e6f44edb5acd83bc0f1f9d982a07b6,,,
24969,466,Rachel Banham,ast,active_pmf_json,26,True,True,1.0000000000000002,0.0,1.0000000000000002,2.220446049250313e-16,0.0,25.0,2.64514146421714,20.052637051136905,0.49018436350369754,0.12408759124087591,5e43a76c30f87133d7b813c6ee720f498af12e034ea9b463f75ffe6b64853457,,,
24970,468,Breanna Stewart,ast,active_pmf_json,26,True,True,1.0000000000000002,0.0,1.0000000000000002,2.220446049250313e-16,0.0,25.0,3.1193109648491166,11.638719039605226,0.22583877399050514,0.02097902097902098,317a1b560664208baf4e6be01232d7959f1cd3e89343488a4e400370595140cf,,,
24970,483,Sami Whitcomb,ast,active_pmf_json,26,True,True,0.9999999999999999,0.0,0.9999999999999999,1.1102230246251565e-16,0.0,25.0,0.9042212842743877,3.6005899281327514,0.6588660048660765,0.41420118343195267,7b5bbc14293f40d49d0dcd3c6dee222eef3e028a4db483998b9b1a9a921baca1,,,
24969,502,Stephanie Talbot,ast,active_pmf_json,26,True,True,1.0000000000000002,0.0,1.0000000000000002,2.220446049250313e-16,0.0,25.0,1.3995392815408578,7.538371454213098,0.5926213267876228,0.02097902097902098,b1de84a2c6760c63e4bedfcd35bfbdaf7e4f7e8fad702e30efafedbd09903abf,,,
24969,525,Azura Stevens,ast,active_pmf_json,1,True,True,1.0,0.0,1.0,0.0,0.0,0.0,0.0,0.0,1.0,0.9487179487179487,90f0c62486197f2b914f4a9e229079e5c71ca1474e830fdf6f9dea88159968bb,,,
24969,535,A'ja Wilson,ast,active_pmf_json,26,True,True,1.0,0.0,1.0,0.0,0.0,25.0,6.232946817061955,30.316444033076856,0.09965609041207239,0.018421052631578946,deefc5c9b77423a7a1080d5cbb623ca5f43870556f0d6cf31037d7acab039f0d,,,
24969,555,Brianna Turner,ast,active_pmf_json,26,True,True,0.9999999999999996,0.0,0.9999999999999996,4.440892098500626e-16,0.0,25.0,0.9256823499639288,2.707730604618509,0.5969512583062649,0.018421052631578946,cd9fb830763e73807e448d0643e3fd111a6dfd9b6e76c164d17ebcca98de0197,,,
24970,566,Han Xu,ast,active_pmf_json,26,True,True,1.0000000000000002,0.0,1.0000000000000002,2.220446049250313e-16,0.0,25.0,0.8974155000588643,3.5543847000838387,0.6599960912589485,0.02097902097902098,746c03f98462a81fcac884e9aa2077a7308f82468c4ad9a5df04fdb56a6cea73,,,
24969,570,Jackie Young,ast,active_pmf_json,26,True,True,0.9999999999999997,0.0,0.9999999999999997,3.3306690738754696e-16,0.0,25.0,10.183165630498147,43.343350205589104,0.027747362602044502,0.018421052631578946,bba80f123f8c07eda1d6c12602914b3893cdbee273e5ff19ad2b1f6490244459,,,
24970,582,Marine Johannes,ast,active_pmf_json,26,True,True,1.0000000000000002,0.0,1.0000000000000002,2.220446049250313e-16,0.0,25.0,2.116297239573056,10.379654245187416,0.4310540713331316,0.08163265306122448,a8a8397d365d739ae49f74ea7d6478c64382bdb01ecf46210ab414af9d97de80,,,
24970,591,Sabrina Ionescu,ast,active_pmf_json,26,True,True,1.0,0.0,1.0,0.0,0.0,25.0,3.658272429786317,14.69699769431904,0.1914439009754679,0.023474178403755867,a2880c1be2aaacfb175815f6fddc29870f21e3466861a3c1e547935e873f4fc8,,,
24970,602,Satou Sabally,ast,active_pmf_json,1,True,True,1.0,0.0,1.0,0.0,0.0,0.0,0.0,0.0,1.0,0.9487179487179487,90f0c62486197f2b914f4a9e229079e5c71ca1474e830fdf6f9dea88159968bb,,,
24969,605,Chennedy Carter,ast,active_pmf_json,26,True,True,1.0,0.0,1.0,0.0,0.0,25.0,2.480865892794879,14.095551294667537,0.41631622106729893,0.08163265306122448,d5e249572adc169931603d5aa9bb1a8d219fec5003cefc09bc0e7e403d021528,,,
24969,620,Dana Evans,ast,active_pmf_json,26,True,True,0.9999999999999999,0.0,0.9999999999999999,1.1102230246251565e-16,0.0,25.0,2.936209363122434,23.145091639555453,0.4720835359547075,0.04790419161676647,c593f3ff329dc6567bdc18d8311d33e9eda02cca12d01f527e93c8bf6dd63c92,,,
24970,631,Kiana Williams,ast,active_pmf_json,26,True,True,1.0000000000000002,0.0,1.0000000000000002,2.220446049250313e-16,0.0,25.0,0.7182410589839386,2.43257683782585,0.6930337565997065,0.5416666666666666,aea1abbbe5c103199858042217012126c844936bb1102e3bebea679bf8d3d04b,,,
24970,633,Natasha Mack,ast,active_pmf_json,26,True,True,0.9999999999999999,0.0,0.9999999999999999,1.1102230246251565e-16,0.0,25.0,2.133851966613418,11.300542121434216,0.4488762235853458,0.2714285714285714,ccd645161dfd8a079a0389b4b4d99b56e80cf3e12e9839c944c27fccb296e833,,,
24969,636,Kierstan Bell,ast,active_pmf_json,26,True,True,0.9999999999999999,0.0,0.9999999999999999,1.1102230246251565e-16,0.0,25.0,0.6502990350402178,2.0576348291151167,0.7075640431812793,0.41420118343195267,fcdb691e31743a114d5469ba78a8135a385e475f1125dd22aa1b3c293cc8da7d,,,
24970,642,Anneli Maley,ast,active_pmf_json,7,True,True,1.0,0.0,1.0,0.0,0.0,6.0,0.01243277,0.013682676230127097,0.98821873,0.6219512195121951,d3c82cef26759f443d68f430b29f5033bb4e6042a9ca32eb3a62c53e20b81e32,,,
24969,645,NaLyssa Smith,ast,active_pmf_json,26,True,True,0.9999999999999996,0.0,0.9999999999999996,4.440892098500626e-16,0.0,25.0,1.789413354781778,8.337129914171252,0.4769663314518104,0.21935483870967742,993e7aa10babd3510d232df9a942356ba35092d2465485b368708479ffa640c8,,,
24970,663,Rebekah Gardner,ast,active_pmf_json,26,True,True,0.9999999999999999,0.0,0.9999999999999999,1.1102230246251565e-16,0.0,25.0,1.6902013127257836,7.545401893019755,0.4863802636893942,0.02097902097902098,9ecc21c6d5031d85c140ae75189ff5314f2ecde9be31252f9c1d588c2206f59a,,,
24970,712,Leonie Fiebich,ast,active_pmf_json,1,True,True,1.0,0.0,1.0,0.0,0.0,0.0,0.0,0.0,1.0,0.9487179487179487,90f0c62486197f2b914f4a9e229079e5c71ca1474e830fdf6f9dea88159968bb,,,
24970,715,Julie Vanloo,ast,active_pmf_json,26,True,True,1.0000000000000002,0.0,1.0000000000000002,2.220446049250313e-16,0.0,25.0,2.4185120798500885,17.65662422478405,0.5053384191889837,0.018421052631578946,ef2a5ac8237ed6e4c182eceb8c8736ecd5d4193a38fdf93b6d9d3adffc8b88dd,,,
24969,720,Rickea Jackson,ast,active_pmf_json,1,True,True,1.0,0.0,1.0,0.0,0.0,0.0,0.0,0.0,1.0,0.9487179487179487,90f0c62486197f2b914f4a9e229079e5c71ca1474e830fdf6f9dea88159968bb,,,
24969,725,Jacy Sheldon,ast,active_pmf_json,26,True,True,1.0000000000000002,0.0,1.0000000000000002,2.220446049250313e-16,0.0,25.0,0.9265595652695754,2.696941324416045,0.5957592519521905,0.08163265306122448,30dcb4bde6ae6d0225dadaba368d438bc91df65b9c1b7eec7112e5b6dbd9ef86,,,
24969,726,Kamilla Cardoso,ast,active_pmf_json,26,True,True,1.0,0.0,1.0,0.0,0.0,25.0,3.6150767161626183,16.796498708368922,0.22985632294658523,0.023474178403755867,4b8082af9f1c73723f3f7794f1e634e9180cfcea9433a1666dc608b6e126c2aa,,,
24969,751,Maddy Westbeld,ast,active_pmf_json,26,True,True,0.9999999999999998,0.0,0.9999999999999998,2.220446049250313e-16,0.0,25.0,0.769860778994833,2.7364604615919736,0.6828008561072005,0.34782608695652173,0ff812fc4203dd0f58cc42eaaeb16cd48d13b68ca0a92f84281c4a5a2b040bfb,,,
24970,765,Monique Akoa Makani,ast,active_pmf_json,26,True,True,0.9999999999999998,0.0,0.9999999999999998,2.220446049250313e-16,0.0,25.0,1.3153641405908822,4.755296085934641,0.5249285330929864,0.08333333333333333,d24398c99db4ea5f25457fa9792ae514ae691b5fccc1aaa3f8e5542aaad2063c,,,
24970,766,Lexi Held,ast,active_pmf_json,26,True,True,0.9999999999999999,0.0,0.9999999999999999,1.1102230246251565e-16,0.0,25.0,1.4310316747445417,7.82021209587794,0.5891914426019701,0.11904761904761904,265d7994a4fa56fe1ea1895dfc83e2e5f0b538ac5ea3ac343d7bc37583181912,,,
24969,774,Chloe Bibby,ast,active_pmf_json,26,True,True,0.9999999999999999,0.0,0.9999999999999999,1.1102230246251565e-16,0.0,25.0,2.3135139766655732,16.55460391266223,0.5127321023804977,0.3194444444444444,e92cfe2adf9dca06fcd484beb27505258a3434191273b5b793b3f38fbb3bfe99,,,
24970,66925,Pauline Astier,ast,active_pmf_json,26,True,True,1.0000000000000002,0.0,1.0000000000000002,2.220446049250313e-16,0.0,25.0,2.974368491158898,16.781253484038686,0.3508740312533899,0.02097902097902098,c2b59466907e0524eae29098327b6a6263e6c756ab65e720778c6185d86ea3a5,,,
24970,66926,Raquel Carrera,ast,active_pmf_json,26,True,True,1.0000000000000002,0.0,1.0000000000000002,2.220446049250313e-16,0.0,25.0,0.5437064273955021,1.5286437191000752,0.7332907524657225,0.3194444444444444,cf4a3c8b0a9745fc43466dc20835f5a8a6ffc28b0bef11124d67bf25c45dace8,,,
24969,66973,Justine Pissott,ast,active_pmf_json,26,True,True,1.0,0.0,1.0,0.0,0.0,25.0,0.36801487805003763,0.8194579897050347,0.7865031828559713,0.08333333333333333,205d7268f990a28f7be73dd742fe5a9359ebd238796f05568fff027f8870aa87,,,
24969,67023,Aicha Coulibaly,ast,active_pmf_json,26,True,True,1.0,0.0,1.0,0.0,0.0,25.0,0.530638403528383,1.468871798520559,0.736733740078196,0.12408759124087591,92be01e7464229223e6634a27fd7b19750b9e756543c27e89beeb4d28e19e783,,,
24969,67027,Gabriela Jaquez,ast,active_pmf_json,26,True,True,1.0,0.0,1.0,0.0,0.0,25.0,0.7475515482692972,1.924825505372095,0.6383178361425978,0.04790419161676647,5fba5fdb01b173f5e99e4cb00dc65220952a7e0d619ee5fc4128532ffc805a31,,,
24969,67033,Sydney Taylor,ast,active_pmf_json,26,True,True,1.0000000000000002,0.0,1.0000000000000002,2.220446049250313e-16,0.0,25.0,2.481038804591561,9.29438246464291,0.30601787671999997,0.04790419161676647,023e7715d4057f3d3646ca6dca28360bfe4e8d35796fd539171b7263e2110dc8,,,
24970,67044,Aubrey Griffin,ast,active_pmf_json,26,True,True,1.0,0.0,1.0,0.0,0.0,25.0,3.0518244517094057,24.37288741544026,0.4652550978860418,0.2714285714285714,2cacbe76c202f8e8ace0efe496d7a5a2e78ca3f28d012aa40e3e1f00db18de72,,,
24969,67061,Janiah Barker,ast,active_pmf_json,1,True,True,1.0,0.0,1.0,0.0,0.0,0.0,0.0,0.0,1.0,0.9487179487179487,90f0c62486197f2b914f4a9e229079e5c71ca1474e830fdf6f9dea88159968bb,,,
24970,67092,Noemie Brochant,ast,active_pmf_json,26,True,True,1.0000000000000002,0.0,1.0000000000000002,2.220446049250313e-16,0.0,25.0,1.0392095625109692,3.2433769162034682,0.5727903990611123,0.04790419161676647,6cae9e6bc2f637924a799b4f4750d47213c256d0074253e16c551997891fd3a9,,,
24970,67094,Shay Ciezki,ast,active_pmf_json,26,True,True,1.0,0.0,1.0,0.0,0.0,25.0,1.0914973317035679,4.964988327940396,0.6305437045353518,0.7083333333333333,291c57b238d7a4593084d5093b2f7df63b72628caac299d89473d38ab473a402,,,
24969,67135,Ta'Niya Latson,ast,active_pmf_json,26,True,True,1.0000000000000002,0.0,1.0000000000000002,2.220446049250313e-16,0.0,25.0,1.5001796289366551,8.449271265582972,0.5818943317219687,0.21935483870967742,a937f13c43b1ab2d35b6812f79000c59c8f1fc3d4fc19d0a1b95dfa3270c682f,,,
24970,67157,Marta Suarez,ast,active_pmf_json,26,True,True,1.0,0.0,1.0,0.0,0.0,25.0,0.741718830474286,2.568786765404403,0.6882993144085782,0.6219512195121951,175b28b6f37ef5b7563c6217d21116f4c068d174dae837c224e326818acd2610,,,
24970,74551,Marine Fauthoux,ast,active_pmf_json,26,True,True,1.0000000000000002,0.0,1.0000000000000002,2.220446049250313e-16,0.0,25.0,1.0639077713027827,4.753304439304233,0.6344143439174167,0.02097902097902098,9af9e847a2815c1bf0cb21685d209faac9be04d196d76570896f61b7539ae1b4,,,
24970,74553,Alex Fowler,ast,active_pmf_json,26,True,True,1.0,0.0,1.0,0.0,0.0,25.0,0.5891014525933118,1.7449464870796194,0.7218474297648024,0.015384615384615385,7a18332eeef6797b79355934dc04243ea2c21bb1b0f096ab20986a626ee3fd79,,,
24970,74872,Quionche Carter,ast,active_pmf_json,26,True,True,1.0000000000000002,0.0,1.0000000000000002,2.220446049250313e-16,0.0,25.0,0.6777717164495238,2.205765597739135,0.7015325355120334,0.6857142857142857,c883d847c3c33bc4eeba822af4db7c86e386f07568e1bf31a8d4cdc7fa1bd51d,,,
24970,74884,Jovana Nogic,ast,active_pmf_json,1,True,True,1.0,0.0,1.0,0.0,0.0,0.0,0.0,0.0,1.0,0.9487179487179487,90f0c62486197f2b914f4a9e229079e5c71ca1474e830fdf6f9dea88159968bb,,,
24970,75095,Peyton Williams,ast,active_pmf_json,26,True,True,0.9999999999999999,0.0,0.9999999999999999,1.1102230246251565e-16,0.0,25.0,1.127383272056367,5.245438058768185,0.625644538623593,0.08333333333333333,e421215cbcfa8a967eb494550a19d0d5dd36cc213415a3688f403ead2d414a65,,,
24969,188326,Mai Yamamoto,ast,active_pmf_json,26,True,True,1.0,0.0,1.0,0.0,0.0,25.0,4.1367502153024,35.633619702695356,0.4085187575018506,0.41420118343195267,9826bc6cd50119a579bbcddd26a5707545aa9a95849db57d0bf2117516e4c8e8,,,
24970,242,DeWanna Bonner,fg3m,active_pmf_json,16,True,True,1.00000001,0.0,1.00000001,9.99999993922529e-09,0.0,15.0,1.55416316,3.8956727962530455,0.38952713,0.04790419161676647,be6dd6579a94209260e10c3bb3f3df3817a66520e79e7e61b8ddebabd1881e2d,,,
24969,285,Courtney Vandersloot,fg3m,active_pmf_json,16,True,True,1.0,0.0,1.0,0.0,0.0,15.0,0.5355426900000001,0.927936877187564,0.66814735,0.08333333333333333,0bf2bf357a535bb38e6bd7a999bd3d2f5822012ab9f2170f492226f75b114f47,,,
24969,346,Skylar Diggins,fg3m,active_pmf_json,16,True,True,1.0,0.0,1.0,0.0,0.0,15.0,0.0,0.0,1.0,0.9487179487179487,827aebfb6cec8b548c35d7fd5cd3a34925b6079ecce61fcf71e6ec2adb54e90a,,,
24970,373,Alyssa Thomas,fg3m,active_pmf_json,16,True,True,1.0,0.0,1.0,0.0,0.0,15.0,0.10266826000000001,0.11133940838857241,0.90613519,0.02097902097902098,2514ef4c94635626f13469ea55138dc30e048cb800fff78ab4f954d4c9925dca,,,
24969,408,Natasha Cloud,fg3m,active_pmf_json,16,True,True,1.0,0.0,1.0,0.0,0.0,15.0,1.0650130100000004,1.99073407853074,0.4643203,0.045454545454545456,f9961ff9a45af594b882f51b9e077621c75bfdffae57b40e17aaa8a969ec2c8b,,,
24969,409,Elizabeth Williams,fg3m,active_pmf_json,16,True,True,0.9999999900000001,0.0,0.9999999900000001,9.99999993922529e-09,0.0,15.0,0.11721645999999998,0.13687374136767141,0.89722928,0.023474178403755867,98a61a2689dc2bfd8f506e577aa4a158d5a45071f6773865ed84d68f6601780c,,,
24969,410,Chelsea Gray,fg3m,active_pmf_json,16,True,True,1.0,0.0,1.0,0.0,0.0,15.0,3.2118741199999996,9.990943717274227,0.1982217,0.018421052631578946,482c8cfdefa65dc868d5bcd11448fb9da6b02570590b15bc62026d1cf05ca789,,,
24969,418,Cheyenne Parker-Tyus,fg3m,active_pmf_json,16,True,True,1.0,0.0,1.0,0.0,0.0,15.0,0.0,0.0,1.0,0.9487179487179487,827aebfb6cec8b548c35d7fd5cd3a34925b6079ecce61fcf71e6ec2adb54e90a,,,
24970,424,Rebecca Allen,fg3m,active_pmf_json,16,True,True,0.9999999999999999,0.0,0.9999999999999999,1.1102230246251565e-16,0.0,15.0,1.36114735,3.8199338815879784,0.46082825,0.04790419161676647,356c56d84a2459ba48a63b0a13d6d72676e31b7a0948cff675e9f450ba8d3d3a,,,
24969,437,Jewell Loyd,fg3m,active_pmf_json,16,True,True,0.9999999900000003,0.0,0.9999999900000003,9.999999717180685e-09,0.0,15.0,3.27015514,11.211038613392432,0.22022706,0.023474178403755867,4307be1e10d428848aac284bbb51fc3bc3e306e96a513e3882549be5e7dfff5b,,,
24970,448,Valeriane Ayayi,fg3m,active_pmf_json,16,True,True,1.00000002,0.0,1.00000002,2.0000000100495186e-08,0.0,15.0,1.0871480500000001,2.7138210910190157,0.51209655,0.21935483870967742,74db1ee52b53c6472e1c2ecdc004b94d65ca8f762423ef743040e087affcd287,,,
24970,462,Kahleah Copper,fg3m,active_pmf_json,16,True,True,0.9999999899999998,0.0,0.9999999899999998,1.0000000161269895e-08,0.0,15.0,1.87127223,4.734477596214228,0.32342004,0.12408759124087591,19c936cdc4e425dc148b03d00fe9b8f462c0ccf852a98fefbfb9522cbb9df7e0,,,
24970,465,Jonquel Jones,fg3m,active_pmf_json,16,True,True,0.9999999799999999,0.0,0.9999999799999999,2.0000000100495186e-08,0.0,15.0,1.8813371699999997,5.1906420319878,0.34335925,0.018421052631578946,2ff1f9a3c4eb991b7176561691e2047f225f33834ec8c347efdb5f5220969f56,,,
24969,466,Rachel Banham,fg3m,active_pmf_json,16,True,True,1.00000002,0.0,1.00000002,2.0000000100495186e-08,0.0,15.0,0.74728308,1.9897960495143536,0.64022575,0.12408759124087591,015fb6f9452e6ebfae1376f26a8393b3839d69f74b28fe46f50bca12611e181e,,,
24970,468,Breanna Stewart,fg3m,active_pmf_json,16,True,True,0.99999999,0.0,0.99999999,1.0000000050247593e-08,0.0,15.0,1.1908859999999997,2.3511763408219055,0.4350695,0.02097902097902098,89eee2bd714680e85d00cd711cbcbe3323aa11b72ae056cfd0920a9f7d13ad96,,,
24970,483,Sami Whitcomb,fg3m,active_pmf_json,16,True,True,0.9999999999999998,0.0,0.9999999999999998,2.220446049250313e-16,0.0,15.0,0.5552577399999999,1.1935038221700924,0.68899806,0.41420118343195267,1108353e0f37fa12de76a143fb87e496bfb7d978190f37882458123eadb77bda,,,
24969,502,Stephanie Talbot,fg3m,active_pmf_json,16,True,True,0.9999999799999999,0.0,0.9999999799999999,2.0000000100495186e-08,0.0,15.0,0.74045216,1.8866302477859467,0.63571052,0.02097902097902098,8887c013da87375fe6c50c2bca87a1d05f9aba03f44f3c226efff19608dce2b7,,,
24969,525,Azura Stevens,fg3m,active_pmf_json,16,True,True,1.0,0.0,1.0,0.0,0.0,15.0,0.0,0.0,1.0,0.9487179487179487,827aebfb6cec8b548c35d7fd5cd3a34925b6079ecce61fcf71e6ec2adb54e90a,,,
24969,535,A'ja Wilson,fg3m,active_pmf_json,16,True,True,0.9999999999999999,0.0,0.9999999999999999,1.1102230246251565e-16,0.0,15.0,1.8211353199999998,4.450152266248498,0.32632512,0.018421052631578946,8148cd255ce3797ed3c9d2687440d8d6c1dfe6cb1d2191f53f5b49a33c549d60,,,
24969,555,Brianna Turner,fg3m,active_pmf_json,16,True,True,1.0,0.0,1.0,0.0,0.0,15.0,0.21139469,0.27299605503980384,0.83048326,0.018421052631578946,7b18f09683200125f0a09bcc9f820e13579800eccb6dfa066a964c2bae5f8162,,,
24970,566,Han Xu,fg3m,active_pmf_json,16,True,True,0.9999999999999999,0.0,0.9999999999999999,1.1102230246251565e-16,0.0,15.0,0.90748096,2.518698847237478,0.59263714,0.02097902097902098,ba495fc314e7eaa5da5f86fda6f39cc8d0af5b65ae33272565a65958ee1ffedb,,,
24969,570,Jackie Young,fg3m,active_pmf_json,16,True,True,0.99999999,0.0,0.99999999,1.0000000050247593e-08,0.0,15.0,2.891537749999999,8.714286306715032,0.22061003,0.018421052631578946,7988194b29d7b2b4b4dd0b5a86f2d3ddcae295eebce433d78fa855c6926da63e,,,
24970,582,Marine Johannes,fg3m,active_pmf_json,16,True,True,1.0000000199999997,0.0,1.0000000199999997,1.9999999656405976e-08,0.0,15.0,2.7039333599999997,9.983871870904224,0.29990186,0.08163265306122448,9498344e06c499d2944ff0cd13cce70be232db8b821f3e1aab0378a739725e0f,,,
24970,591,Sabrina Ionescu,fg3m,active_pmf_json,16,True,True,0.9999999799999999,0.0,0.9999999799999999,2.0000000100495186e-08,0.0,15.0,2.75650606,8.116836729216763,0.23001032,0.023474178403755867,a19b3e64c242e63dc323600fdaff7f11446c1a9a112e240442363b1897902844,,,
24970,602,Satou Sabally,fg3m,active_pmf_json,16,True,True,1.0,0.0,1.0,0.0,0.0,15.0,0.0,0.0,1.0,0.9487179487179487,827aebfb6cec8b548c35d7fd5cd3a34925b6079ecce61fcf71e6ec2adb54e90a,,,
24969,605,Chennedy Carter,fg3m,active_pmf_json,16,True,True,0.9999999900000001,0.0,0.9999999900000001,9.99999993922529e-09,0.0,15.0,0.7602074299999999,1.5823630475936419,0.59498426,0.08163265306122448,7024e6649b68182bf9742151eecc61927419505fc225b7f3cc29b99a47e7c589,,,
24969,620,Dana Evans,fg3m,active_pmf_json,16,True,True,1.0000000000000002,0.0,1.0000000000000002,2.220446049250313e-16,0.0,15.0,1.49220032,5.330669624991898,0.48936003,0.04790419161676647,c936c6359774f38f3055959ac0dfae90070bae577ba3598676299637b1521361,,,
24970,631,Kiana Williams,fg3m,active_pmf_json,16,True,True,1.0000000100000002,0.0,1.0000000100000002,1.0000000161269895e-08,0.0,15.0,0.86625341,3.359265767167322,0.6709922,0.5416666666666666,334c35d0003cf141fb1b03e0ee063ce006f2ab6968010ccf18bb152562eb6a9b,,,
24970,633,Natasha Mack,fg3m,active_pmf_json,16,True,True,1.00000001,0.0,1.00000001,9.99999993922529e-09,0.0,15.0,0.15814512000000003,0.1944727012702844,0.86718366,0.2714285714285714,68c18adc9274ed6178907368f709fb0728a51ef659140e077e0a9dd3c3752edf,,,
24969,636,Kierstan Bell,fg3m,active_pmf_json,16,True,True,1.0000000000000002,0.0,1.0000000000000002,2.220446049250313e-16,0.0,15.0,1.15277906,5.164878878825517,0.62556167,0.41420118343195267,b9fd4d013ad5b838de41ad11d33ea6fabc9ead50c254661c00e1f96017d5c4db,,,
24970,642,Anneli Maley,fg3m,active_pmf_json,16,True,True,0.9999999999999999,0.0,0.9999999999999999,1.1102230246251565e-16,0.0,15.0,0.29796920999999993,0.6870928798919758,0.82258613,0.6219512195121951,320aa649aab691325f659f52d6336e18a84d6c8ff792ca657318621213fb10db,,,
24969,645,NaLyssa Smith,fg3m,active_pmf_json,16,True,True,0.9999999999999999,0.0,0.9999999999999999,1.1102230246251565e-16,0.0,15.0,0.19696620999999995,0.25233660211823594,0.84051155,0.21935483870967742,b94acadb51fcf45da899ddc9a2ab6edbde54a4445916b14f5cbfa703a1044de2,,,
24970,663,Rebekah Gardner,fg3m,active_pmf_json,16,True,True,1.0,0.0,1.0,0.0,0.0,15.0,0.7605315,1.5713899975077499,0.59327823,0.02097902097902098,d30033164d8b62fe2392f800c32605a0dfcd353da8dc937b1d130356c660bd78,,,
24970,712,Leonie Fiebich,fg3m,active_pmf_json,16,True,True,1.0,0.0,1.0,0.0,0.0,15.0,0.0,0.0,1.0,0.9487179487179487,827aebfb6cec8b548c35d7fd5cd3a34925b6079ecce61fcf71e6ec2adb54e90a,,,
24970,715,Julie Vanloo,fg3m,active_pmf_json,16,True,True,1.0000000299999998,0.0,1.0000000299999998,2.999999981767587e-08,0.0,15.0,1.2508454500000001,4.084151497152728,0.52561351,0.018421052631578946,f5095b7bd2809268c454bedc1e0b884b8d542a5284f6af9e020153fdf429bbc0,,,
24969,720,Rickea Jackson,fg3m,active_pmf_json,16,True,True,1.0,0.0,1.0,0.0,0.0,15.0,0.0,0.0,1.0,0.9487179487179487,827aebfb6cec8b548c35d7fd5cd3a34925b6079ecce61fcf71e6ec2adb54e90a,,,
24969,725,Jacy Sheldon,fg3m,active_pmf_json,16,True,True,0.9999999899999998,0.0,0.9999999899999998,1.0000000161269895e-08,0.0,15.0,0.84330126,1.807622617770842,0.56783514,0.08163265306122448,8c95fb2c9f65ae5b9b1b95446be9bbaf92911ba4776339a2715575238757efff,,,
24969,726,Kamilla Cardoso,fg3m,active_pmf_json,16,True,True,0.9999999800000002,0.0,0.9999999800000002,1.9999999767428278e-08,0.0,15.0,0.11247208,0.12527181096747422,0.89894499,0.023474178403755867,42202bd3b94edf6e8df6c5189adb0e78df401dbd7806c3d9e8668ad885d52616,,,
24969,751,Maddy Westbeld,fg3m,active_pmf_json,16,True,True,1.0,0.0,1.0,0.0,0.0,15.0,0.7567453899999999,2.8544647247137482,0.69777693,0.34782608695652173,4568a18169b2bf5c6ff307e0aa7d600a0af24ca5de66ca56ce3780896591fd79,,,
24970,765,Monique Akoa Makani,fg3m,active_pmf_json,16,True,True,1.00000001,0.0,1.00000001,9.99999993922529e-09,0.0,15.0,1.1569712799999998,2.9252892106409867,0.49459739,0.08333333333333333,8cdcd7e1e5bc98df4604d7e111ba85a9284b7a236b67fb98bf0f835dfd298bf7,,,
24970,766,Lexi Held,fg3m,active_pmf_json,16,True,True,1.0,0.0,1.0,0.0,0.0,15.0,0.6809304500000001,1.6148929122627975,0.64907564,0.11904761904761904,65021efeb679dd2817a4f5fe04b5e69730247b6f9553b37165f4080a1372318c,,,
24969,774,Chloe Bibby,fg3m,active_pmf_json,16,True,True,1.0,0.0,1.0,0.0,0.0,15.0,0.7686427700000001,2.0512591221267273,0.63292525,0.3194444444444444,973d1512a58ff43b3639d29ce5407f0277b4bc45a45b66a3a7658f784fe9d863,,,
24970,66925,Pauline Astier,fg3m,active_pmf_json,16,True,True,1.0,0.0,1.0,0.0,0.0,15.0,0.44142212000000003,0.7027943719747054,0.70639514,0.02097902097902098,957518303b56c39c1dba36930ac2697971d7b4ca145b6072039fa3831ee06f29,,,
24970,66926,Raquel Carrera,fg3m,active_pmf_json,16,True,True,0.9999999899999998,0.0,0.9999999899999998,1.0000000161269895e-08,0.0,15.0,0.36124243000000006,1.135645495462734,0.8152457,0.3194444444444444,a4efa416675767a1e4c028aa158ab9db09dd2eb52bb6e3bc1a6cf048342634b5,,,
24969,66973,Justine Pissott,fg3m,active_pmf_json,16,True,True,1.00000001,0.0,1.00000001,9.99999993922529e-09,0.0,15.0,1.72871645,6.768575455384003,0.46263619,0.08333333333333333,97f100ef9f6af4d8c9a95d1cfb75601342b91af710c50fe4eed382570cfed681,,,
24969,67023,Aicha Coulibaly,fg3m,active_pmf_json,16,True,True,1.0,0.0,1.0,0.0,0.0,15.0,0.22223699,0.3302533302757399,0.83368425,0.12408759124087591,52971ee2fbad53d0153fd3a9f7bdab9d66ebcaf7b303be14385d51a288032f6c,,,
24969,67027,Gabriela Jaquez,fg3m,active_pmf_json,16,True,True,1.0,0.0,1.0,0.0,0.0,15.0,0.6845756100000001,1.337350384193128,0.61584345,0.04790419161676647,d2cb4c22e0c79eda12dd2d3f7d67425a571b20e55bf585a815f63bc02038cd63,,,
24969,67033,Sydney Taylor,fg3m,active_pmf_json,16,True,True,0.9999999900000002,0.0,0.9999999900000002,9.999999828202988e-09,0.0,15.0,2.0295685199999998,5.860453581433526,0.32713162,0.04790419161676647,800850213c9c5b226d3d5c470c01be7c2da9307f7a2c808fc52197732298f027,,,
24970,67044,Aubrey Griffin,fg3m,active_pmf_json,16,True,True,0.9999999900000004,0.0,0.9999999900000004,9.999999606158383e-09,0.0,15.0,0.41857581999999993,1.2706492811592702,0.7873824,0.2714285714285714,c6849da2c7d9fe0e77cc6a0932d00fd1780c976615e9f85a5c1ec9fd3afe1256,,,
24969,67061,Janiah Barker,fg3m,active_pmf_json,16,True,True,1.0,0.0,1.0,0.0,0.0,15.0,0.0,0.0,1.0,0.9487179487179487,827aebfb6cec8b548c35d7fd5cd3a34925b6079ecce61fcf71e6ec2adb54e90a,,,
24970,67092,Noemie Brochant,fg3m,active_pmf_json,16,True,True,1.0,0.0,1.0,0.0,0.0,15.0,0.6315728700000001,1.170181799879963,0.6321809,0.04790419161676647,9778c5cd6daf5ac99f40d32b9aa845c5c90255bf7602a66c5923da6078deeb92,,,
24970,67094,Shay Ciezki,fg3m,active_pmf_json,16,True,True,1.00000001,0.0,1.00000001,9.99999993922529e-09,0.0,15.0,0.5286010099999999,1.95078374502117,0.76258271,0.7083333333333333,c64ff7c545426beeeed19dc6f322d2ed04eede6099801d633022ff4bfaba3bcb,,,
24969,67135,Ta'Niya Latson,fg3m,active_pmf_json,16,True,True,0.9999999900000002,0.0,0.9999999900000002,9.999999828202988e-09,0.0,15.0,0.46440919999999997,1.4667603727986007,0.77282141,0.21935483870967742,fa7c822865dd3300e1aaa6813c40654d78a839ddc76bde9bd6a661c7b34153cc,,,
24970,67157,Marta Suarez,fg3m,active_pmf_json,16,True,True,0.99999998,0.0,0.99999998,1.9999999989472883e-08,0.0,15.0,0.68536637,1.7934363994784817,0.65916905,0.6219512195121951,d5211b5ca4d53654f516784e143537fe5cd36d71d6092540b2488c95f29a5719,,,
24970,74551,Marine Fauthoux,fg3m,active_pmf_json,16,True,True,1.00000001,0.0,1.00000001,9.99999993922529e-09,0.0,15.0,0.9588158100000002,2.715706221687321,0.58022503,0.02097902097902098,b8f201a7d54ec14ee0aae8d1e8c3ddf496432e5a7406198b0f33a7a428cb9e6c,,,
24970,74553,Alex Fowler,fg3m,active_pmf_json,16,True,True,1.00000002,0.0,1.00000002,2.0000000100495186e-08,0.0,15.0,1.25694738,4.122192515509471,0.52497341,0.015384615384615385,2f803368c0d2a12ae967aed21d5415e18c24f6d6f278cea0cc0b28d4ff3c4167,,,
24970,74872,Quionche Carter,fg3m,active_pmf_json,16,True,True,0.9999999900000001,0.0,0.9999999900000001,9.99999993922529e-09,0.0,15.0,0.3220917799999999,0.8261583442190004,0.81696047,0.6857142857142857,da5bd29810e1ab0335bc8f150cca15c215ffd08d758d73890aaaae2becdbc7f8,,,
24970,74884,Jovana Nogic,fg3m,active_pmf_json,16,True,True,1.0,0.0,1.0,0.0,0.0,15.0,0.0,0.0,1.0,0.9487179487179487,827aebfb6cec8b548c35d7fd5cd3a34925b6079ecce61fcf71e6ec2adb54e90a,,,
24970,75095,Peyton Williams,fg3m,active_pmf_json,16,True,True,0.9999999999999999,0.0,0.9999999999999999,1.1102230246251565e-16,0.0,15.0,0.72638075,2.774291696029438,0.70725262,0.08333333333333333,878a8c372cc9a565d923a8859ab9bf2ac8dff4c040d6de4256e8994bc273bcab,,,
24969,188326,Mai Yamamoto,fg3m,active_pmf_json,16,True,True,1.00000001,0.0,1.00000001,9.99999993922529e-09,0.0,15.0,1.23522382,5.789281949762387,0.61653271,0.41420118343195267,39d56a635a9cb346cfeed3e956999e7262fcf66920d511cd39962aeb83326970,,,
24970,242,DeWanna Bonner,stl,active_pmf_json,11,True,True,1.00000001,0.0,1.00000001,9.99999993922529e-09,0.0,10.0,0.7041573799999999,1.051655309149912,0.58810576,0.04790419161676647,705e589f9e69fa448b95e1cf7e0b6b49a1e32f43d0556459491e2a0b5e88252f,,,
24969,285,Courtney Vandersloot,stl,active_pmf_json,11,True,True,1.00000001,0.0,1.00000001,9.99999993922529e-09,0.0,10.0,0.43512555999999997,0.6342427689280289,0.71105011,0.08333333333333333,ddc50cc813e0187cdc08f2789127ddbe3efda0d6a0ee4579a65521396afd766e,,,
24969,346,Skylar Diggins,stl,active_pmf_json,11,True,True,1.0,0.0,1.0,0.0,0.0,10.0,0.0,0.0,1.0,0.9487179487179487,1b5f37d370fafad2a38f75945915def1dd3e85672bf76bd2e2bb628f5dd33e74,,,
24970,373,Alyssa Thomas,stl,active_pmf_json,11,True,True,1.0,0.0,1.0,0.0,0.0,10.0,0.9096494700000001,1.2071845917287187,0.47613062,0.02097902097902098,cdfafb14e54901a205b3fe1b411bae41fba0edd2eaf722157dbba78d9c85ba92,,,
24969,408,Natasha Cloud,stl,active_pmf_json,11,True,True,0.9999999900000001,0.0,0.9999999900000001,9.99999993922529e-09,0.0,10.0,0.7506102400000001,1.0057887819729852,0.5418235,0.045454545454545456,6923d993c4ecba671b733b70b13d8af494b21745ff48c32d1b19256a00113b69,,,
24969,409,Elizabeth Williams,stl,active_pmf_json,11,True,True,0.9999999900000001,0.0,0.9999999900000001,9.99999993922529e-09,0.0,10.0,0.39790989000000004,0.5521813078568649,0.7227866,0.023474178403755867,980af72a77687953ca43b6597cbb31ac800048e85cdc3cc521ab36ab7611c604,,,
24969,410,Chelsea Gray,stl,active_pmf_json,11,True,True,1.0000000000000002,0.0,1.0000000000000002,2.220446049250313e-16,0.0,10.0,1.08355509,1.4177346169350922,0.4126338,0.018421052631578946,7e4d8b3342b4eee7b9bc6d3fd15214454349a6a7ec34b7d273745defd10f7348,,,
24969,418,Cheyenne Parker-Tyus,stl,active_pmf_json,11,True,True,1.0,0.0,1.0,0.0,0.0,10.0,0.0,0.0,1.0,0.9487179487179487,1b5f37d370fafad2a38f75945915def1dd3e85672bf76bd2e2bb628f5dd33e74,,,
24970,424,Rebecca Allen,stl,active_pmf_json,11,True,True,0.9999999899999998,0.0,0.9999999899999998,1.0000000161269895e-08,0.0,10.0,0.15114356999999998,0.20772665101921126,0.88227541,0.04790419161676647,79236d4a6c8eb7380f7f84cc848c76c7277233a2da97ec8a3a1558f24799ffa6,,,
24969,437,Jewell Loyd,stl,active_pmf_json,11,True,True,1.0000000099999997,0.0,1.0000000099999997,9.999999717180685e-09,0.0,10.0,1.0379967700000001,1.56079034624394,0.46742366,0.023474178403755867,f56df1a413255dc3bf5ee79eefd1975c941940190f1f7cbb3f647594fea721de,,,
24970,448,Valeriane Ayayi,stl,active_pmf_json,11,True,True,0.99999998,0.0,0.99999998,1.9999999989472883e-08,0.0,10.0,0.32332869000000003,0.464736706132055,0.77249722,0.21935483870967742,feeb0ef04463459041b3b10f741a79e482a6679e6c77c6e6553428fd054843b1,,,
24970,462,Kahleah Copper,stl,active_pmf_json,11,True,True,1.0000000100000002,0.0,1.0000000100000002,1.0000000161269895e-08,0.0,10.0,0.54282307,0.816757587622344,0.66235581,0.12408759124087591,cbae5ee97a3498131fa7b95aedfffb65861276e26cc4dfab85e545624d979106,,,
24970,465,Jonquel Jones,stl,active_pmf_json,11,True,True,0.9999999799999999,0.0,0.9999999799999999,2.0000000100495186e-08,0.0,10.0,0.35634301999999995,0.47719210955767266,0.74286396,0.018421052631578946,ebec606c26076ea62ce5f1bfc77c4771ebd653b3791aa2eb53e3329c3508e124,,,
24969,466,Rachel Banham,stl,active_pmf_json,11,True,True,1.0,0.0,1.0,0.0,0.0,10.0,0.19144093000000004,0.27714204032073503,0.85775373,0.12408759124087591,adf7ced502487bb718d4da9a75644afc9a0bc2347bdac44c7883b68f86128446,,,
24970,468,Breanna Stewart,stl,active_pmf_json,11,True,True,1.0000000100000002,0.0,1.0000000100000002,1.0000000161269895e-08,0.0,10.0,1.4608581099999998,2.3875092537882923,0.38400496,0.02097902097902098,ded48e658e319e7c94476150a6fb15a29beea33e30791808b43b63c0dbced2d6,,,
24970,483,Sami Whitcomb,stl,active_pmf_json,11,True,True,0.9999999900000001,0.0,0.9999999900000001,9.99999993922529e-09,0.0,10.0,0.22363764000000003,0.32164786547509244,0.83582203,0.41420118343195267,db6d89ed4b01182747f668f28657fca2bef24caebbfded98ec3d61f2295c84bf,,,
24969,502,Stephanie Talbot,stl,active_pmf_json,11,True,True,0.9999999900000001,0.0,0.9999999900000001,9.99999993922529e-09,0.0,10.0,0.38075131000000006,0.5595673484835684,0.74122014,0.02097902097902098,d6adeb0635fd868b7f9acfe7e4247833e83ffb137d03b4db7df839b6e55d8492,,,
24969,525,Azura Stevens,stl,active_pmf_json,11,True,True,1.0,0.0,1.0,0.0,0.0,10.0,0.0,0.0,1.0,0.9487179487179487,1b5f37d370fafad2a38f75945915def1dd3e85672bf76bd2e2bb628f5dd33e74,,,
24969,535,A'ja Wilson,stl,active_pmf_json,11,True,True,0.99999998,0.0,0.99999998,1.9999999989472883e-08,0.0,10.0,1.0258128699999998,1.311572884696522,0.42482042,0.018421052631578946,0a49bccb52e207393e646c1ff41683f460ed0ae3d7162b1bf8d63d330990e80e,,,
24969,555,Brianna Turner,stl,active_pmf_json,11,True,True,1.00000001,0.0,1.00000001,9.99999993922529e-09,0.0,10.0,0.35017009000000004,0.5006590392955829,0.75586127,0.018421052631578946,9af2ef72b1a781f34f380fed5e99824d51ae0d912b7e2d02375a68f562c81fff,,,
24970,566,Han Xu,stl,active_pmf_json,11,True,True,1.0,0.0,1.0,0.0,0.0,10.0,0.16936189000000001,0.2545566002156278,0.87622145,0.02097902097902098,dac39657dd12792fb51073598233812f9429e2380d10fd1d3a1a1491f40ed3a2,,,
24969,570,Jackie Young,stl,active_pmf_json,11,True,True,0.9999999900000002,0.0,0.9999999900000002,9.999999828202988e-09,0.0,10.0,1.0305692900000003,1.3891574178881654,0.43812292,0.018421052631578946,36682fef7368e3508dab39f0585069be7728cddbe9953a87358465c225ed2957,,,
24970,582,Marine Johannes,stl,active_pmf_json,11,True,True,0.9999999900000002,0.0,0.9999999900000002,9.999999828202988e-09,0.0,10.0,0.5016081600000001,0.811338591305307,0.69669123,0.08163265306122448,64b17e35adcd7260fa9ed366ccd66aa5771eaf52742be28106178947956a0705,,,
24970,591,Sabrina Ionescu,stl,active_pmf_json,11,True,True,0.99999999,0.0,0.99999999,1.0000000050247593e-08,0.0,10.0,0.34809864,0.43624281561842376,0.73818303,0.023474178403755867,d471756da33150cbf221a22b4f5eaaec6cd689c318e053a5a73fd25a20d6550b,,,
24970,602,Satou Sabally,stl,active_pmf_json,11,True,True,1.0,0.0,1.0,0.0,0.0,10.0,0.0,0.0,1.0,0.9487179487179487,1b5f37d370fafad2a38f75945915def1dd3e85672bf76bd2e2bb628f5dd33e74,,,
24969,605,Chennedy Carter,stl,active_pmf_json,11,True,True,1.00000001,0.0,1.00000001,9.99999993922529e-09,0.0,10.0,0.38317985000000004,0.5990860740222456,0.75066422,0.08163265306122448,37eb5d5da18c73999b7e8aecead1efbe2dabd4e79c05363831db6c9f2603244a,,,
24969,620,Dana Evans,stl,active_pmf_json,11,True,True,1.0000000100000002,0.0,1.0000000100000002,1.0000000161269895e-08,0.0,10.0,0.23401780000000003,0.33971770983080324,0.83015101,0.04790419161676647,f1603f8ee009bd633054246812531e2357e657002f9597042b4d54092f109aaa,,,
24970,631,Kiana Williams,stl,active_pmf_json,11,True,True,0.9999999900000001,0.0,0.9999999900000001,9.99999993922529e-09,0.0,10.0,0.22878346999999996,0.3454990933313404,0.83705941,0.5416666666666666,568f22af84c5a86be8ea0c38c09a4a016a09b1a5cb9b47b038d307f9b861a562,,,
24970,633,Natasha Mack,stl,active_pmf_json,11,True,True,0.9999999900000001,0.0,0.9999999900000001,9.99999993922529e-09,0.0,10.0,0.28823447999999996,0.4322143037083384,0.79950606,0.2714285714285714,644f7404b487006366ee81da93cc24294289bc82ffbf51fca5584270f42f8613,,,
24969,636,Kierstan Bell,stl,active_pmf_json,11,True,True,0.99999999,0.0,0.99999999,1.0000000050247593e-08,0.0,10.0,0.20744859999999998,0.3462446379276906,0.85964995,0.41420118343195267,53d06826af104fdbf92f7ead088c6e323e942dcf30a754a479290c93c845e9b6,,,
24970,642,Anneli Maley,stl,active_pmf_json,11,True,True,0.9999999900000002,0.0,0.9999999900000002,9.999999828202988e-09,0.0,10.0,0.16371724000000004,0.28146808505874915,0.8895307,0.6219512195121951,e6ba45753e33c95874c6c3fadc66ffb589a055d121ae5701431a33aca77506e2,,,
24969,645,NaLyssa Smith,stl,active_pmf_json,11,True,True,1.00000001,0.0,1.00000001,9.99999993922529e-09,0.0,10.0,0.31859526,0.43467374132056186,0.76852624,0.21935483870967742,4bba5a1600c852ce3c87b7f9ac7d0607a9e69c730eb86a511a3e20552c724011,,,
24970,663,Rebekah Gardner,stl,active_pmf_json,11,True,True,1.0,0.0,1.0,0.0,0.0,10.0,0.24924663000000005,0.3668138074336431,0.82161553,0.02097902097902098,04192062beece1be6059f5a2519d852cfcf685cbf3e2742cf127197b62c36b98,,,
24970,712,Leonie Fiebich,stl,active_pmf_json,11,True,True,1.0,0.0,1.0,0.0,0.0,10.0,0.0,0.0,1.0,0.9487179487179487,1b5f37d370fafad2a38f75945915def1dd3e85672bf76bd2e2bb628f5dd33e74,,,
24970,715,Julie Vanloo,stl,active_pmf_json,11,True,True,1.0,0.0,1.0,0.0,0.0,10.0,0.22536354999999997,0.2941537003313975,0.82478253,0.018421052631578946,764f49a754ce01124d4bf4c1e090dfed36243f72da66cf87d3c8c96d1f864b6b,,,
24969,720,Rickea Jackson,stl,active_pmf_json,11,True,True,1.0,0.0,1.0,0.0,0.0,10.0,0.0,0.0,1.0,0.9487179487179487,1b5f37d370fafad2a38f75945915def1dd3e85672bf76bd2e2bb628f5dd33e74,,,
24969,725,Jacy Sheldon,stl,active_pmf_json,11,True,True,1.00000001,0.0,1.00000001,9.99999993922529e-09,0.0,10.0,0.3955303500000001,0.5439876337933202,0.72308347,0.08163265306122448,b7fb5d2623fcb9474778246b3554814929806130f9091e9c72191b7d64567c94,,,
24969,726,Kamilla Cardoso,stl,active_pmf_json,11,True,True,0.9999999800000002,0.0,0.9999999800000002,1.9999999767428278e-08,0.0,10.0,0.5425520100000001,0.7139560405577063,0.63485818,0.023474178403755867,09896f1b0776c6662bf847289c177f118f1df441b3767fbcb6245275191b1b0f,,,
24969,751,Maddy Westbeld,stl,active_pmf_json,11,True,True,0.99999999,0.0,0.99999999,1.0000000050247593e-08,0.0,10.0,0.16942532,0.26984972065584806,0.88012063,0.34782608695652173,63a46e354af7b046e7c2eab1f6bf622ceb740fb530798e46aafcf1a137ecbf3b,,,
24970,765,Monique Akoa Makani,stl,active_pmf_json,11,True,True,1.0000000100000002,0.0,1.0000000100000002,1.0000000161269895e-08,0.0,10.0,0.49444108999999997,0.6844747809643319,0.66933247,0.08333333333333333,4be9f68b86b27ebae360643ec989677cd7813f239aa69033744c078ea86dc95b,,,
24970,766,Lexi Held,stl,active_pmf_json,11,True,True,1.00000001,0.0,1.00000001,9.99999993922529e-09,0.0,10.0,0.29722554,0.41423059925513867,0.78449469,0.11904761904761904,1c602e2fa91379d388f90946248faa38418e8a94db217c6c2a854099620b88a4,,,
24969,774,Chloe Bibby,stl,active_pmf_json,11,True,True,0.9999999900000001,0.0,0.9999999900000001,9.99999993922529e-09,0.0,10.0,0.22956416000000004,0.3375808359164974,0.83390728,0.3194444444444444,0219d39731789e80400e94ccb968be0eb35a949a1eb5b28aecf46b3c37f20dda,,,
24970,66925,Pauline Astier,stl,active_pmf_json,11,True,True,0.9999999999999999,0.0,0.9999999999999999,1.1102230246251565e-16,0.0,10.0,0.47794343000000006,0.7167556877198351,0.69365178,0.02097902097902098,f7cee96f4d4d9c1d9f544804067b8eee4e449bb98625a39ca7873dd3e9c51003,,,
24970,66926,Raquel Carrera,stl,active_pmf_json,11,True,True,1.00000002,0.0,1.00000002,2.0000000100495186e-08,0.0,10.0,0.24389048000000005,0.608286614955021,0.87729638,0.3194444444444444,716e7dc7b602f79256880743f24b3511e919373bde774b7d6c84b203327aff15,,,
24969,66973,Justine Pissott,stl,active_pmf_json,11,True,True,1.00000001,0.0,1.00000001,9.99999993922529e-09,0.0,10.0,0.21896927999999993,0.33315003489575706,0.84380343,0.08333333333333333,62469afdaa16bf91e4984445eda86e77850b049c4f663a078e5a57c8487b5ef6,,,
24969,67023,Aicha Coulibaly,stl,active_pmf_json,11,True,True,1.00000001,0.0,1.00000001,9.99999993922529e-09,0.0,10.0,0.29429929,0.4370875987716165,0.79424914,0.12408759124087591,da3dec3f5fd28e0883611488a9e8a0683ee3bb1c036be8bf70a79f368321a45a,,,
24969,67027,Gabriela Jaquez,stl,active_pmf_json,11,True,True,1.0,0.0,1.0,0.0,0.0,10.0,0.4693685200000001,0.6880675124330095,0.69276105,0.04790419161676647,4985493d989ad4e7ca8d1a0b415d64e6e224552affe54836d794823f2fb66d09,,,
24969,67033,Sydney Taylor,stl,active_pmf_json,11,True,True,1.0000000100000002,0.0,1.0000000100000002,1.0000000161269895e-08,0.0,10.0,0.45733848,0.6316388968028745,0.68972503,0.04790419161676647,976c5ca786435c254726ff8949a2c4f5a4ca65b28baea11bc3b9ed821d3da4a5,,,
24970,67044,Aubrey Griffin,stl,active_pmf_json,11,True,True,0.9999999999999999,0.0,0.9999999999999999,1.1102230246251565e-16,0.0,10.0,0.27758871999999996,0.5628170425287616,0.83772418,0.2714285714285714,6fd4030b59466776e911e65e491a07cc0aa21a14aa1a5ad899922136006eb0d9,,,
24969,67061,Janiah Barker,stl,active_pmf_json,11,True,True,1.0,0.0,1.0,0.0,0.0,10.0,0.0,0.0,1.0,0.9487179487179487,1b5f37d370fafad2a38f75945915def1dd3e85672bf76bd2e2bb628f5dd33e74,,,
24970,67092,Noemie Brochant,stl,active_pmf_json,11,True,True,1.00000001,0.0,1.00000001,9.99999993922529e-09,0.0,10.0,0.5205673800000002,0.7661767055898395,0.66828652,0.04790419161676647,622cf83824222b5e3c5f15f10f724ab8dcf139c122f3fb099095b773eeb9e338,,,
24970,67094,Shay Ciezki,stl,active_pmf_json,11,True,True,1.0,0.0,1.0,0.0,0.0,10.0,0.43846561999999994,1.2045364600780157,0.80335423,0.7083333333333333,4fe27351d23914114917d1a6431ba51bd27b1110b188b0f63f204b59b33cbe4e,,,
24969,67135,Ta'Niya Latson,stl,active_pmf_json,11,True,True,1.0000000100000002,0.0,1.0000000100000002,1.0000000161269895e-08,0.0,10.0,0.25721792,0.5066717222924843,0.84590827,0.21935483870967742,14f96a7fc3cc7069e9c37e6c554d01369d9475c71fbe8d09a0544819bcd54e46,,,
24970,67157,Marta Suarez,stl,active_pmf_json,11,True,True,0.9999999900000001,0.0,0.9999999900000001,9.99999993922529e-09,0.0,10.0,0.25535982000000007,0.4058453016774812,0.82539729,0.6219512195121951,256d13e36e0234ecab9554f2784275339be01b633e04db6f5080d13d89f318ec,,,
24970,74551,Marine Fauthoux,stl,active_pmf_json,11,True,True,0.9999999899999998,0.0,0.9999999899999998,1.0000000161269895e-08,0.0,10.0,0.18795839,0.26765771327532434,0.85905004,0.02097902097902098,02c64dffede22a037592edae3d610ba633759fea125be10b7574e88c2874efbd,,,
24970,74553,Alex Fowler,stl,active_pmf_json,11,True,True,1.00000001,0.0,1.00000001,9.99999993922529e-09,0.0,10.0,0.2771535399999999,0.3974742960336093,0.8010433,0.015384615384615385,414d0578687a333a61f98b84d199662768654d280b00dc5e1311d32d83bc672f,,,
24970,74872,Quionche Carter,stl,active_pmf_json,11,True,True,1.0,0.0,1.0,0.0,0.0,10.0,0.22563478,0.43375926605435156,0.86123362,0.6857142857142857,1688cad5edd1094dbdd6efa253b98f68a50df2286c4daa653939153066eb5c41,,,
24970,74884,Jovana Nogic,stl,active_pmf_json,11,True,True,1.0,0.0,1.0,0.0,0.0,10.0,0.0,0.0,1.0,0.9487179487179487,1b5f37d370fafad2a38f75945915def1dd3e85672bf76bd2e2bb628f5dd33e74,,,
24970,75095,Peyton Williams,stl,active_pmf_json,11,True,True,1.00000001,0.0,1.00000001,9.99999993922529e-09,0.0,10.0,0.32111205000000004,0.578927522375927,0.79997771,0.08333333333333333,d02c59826747eaa5d504e890edf02687cb09588c25a15b040d15dd9e66c97e4a,,,
24969,188326,Mai Yamamoto,stl,active_pmf_json,11,True,True,1.00000002,0.0,1.00000002,2.0000000100495186e-08,0.0,10.0,0.44660222000000005,0.8933367010801425,0.74947076,0.41420118343195267,24344414b4f9e4a3ce33286daefb244e40ed709ded53e5d70671d30bf64a32fa,,,
24970,242,DeWanna Bonner,blk,active_pmf_json,11,True,True,0.9999999999999999,0.0,0.9999999999999999,1.1102230246251565e-16,0.0,10.0,0.23355094999999998,0.3448154037540975,0.83030039,0.04790419161676647,edf9f9fc7783e36536a3c0f3dbd274243ff60a0f982c9e408bd84f04bb4cc183,,,
24969,285,Courtney Vandersloot,blk,active_pmf_json,11,True,True,1.0,0.0,1.0,0.0,0.0,10.0,0.06517321000000001,0.08025284269829588,0.94341975,0.08333333333333333,a6ca2cb749a5810eaa40b6e4b43fdc6134416e53413e299750429ed7e678bb4f,,,
24969,346,Skylar Diggins,blk,active_pmf_json,11,True,True,1.0,0.0,1.0,0.0,0.0,10.0,0.0,0.0,1.0,0.9487179487179487,1b5f37d370fafad2a38f75945915def1dd3e85672bf76bd2e2bb628f5dd33e74,,,
24970,373,Alyssa Thomas,blk,active_pmf_json,11,True,True,0.9999999999999999,0.0,0.9999999999999999,1.1102230246251565e-16,0.0,10.0,0.36029990999999995,0.5476898848539918,0.75530363,0.02097902097902098,829e3f7b5cc9ec39719b5b9e9fe426c0783766c7170d8b39bfaef7388ca0e56b,,,
24969,408,Natasha Cloud,blk,active_pmf_json,11,True,True,0.9999999900000001,0.0,0.9999999900000001,9.99999993922529e-09,0.0,10.0,0.08205374,0.10700046368468426,0.93160213,0.045454545454545456,50578c8c85db74b62f3da4f51bc3f1c0f62c99ce97993baf17479c889bea6222,,,
24969,409,Elizabeth Williams,blk,active_pmf_json,11,True,True,0.99999999,0.0,0.99999999,1.0000000050247593e-08,0.0,10.0,0.38997724000000006,0.6439075507611601,0.74924803,0.023474178403755867,a77e813de31201b581ef75716c768d2baee3d470c77fe32b7a675be8aa5654a6,,,
24969,410,Chelsea Gray,blk,active_pmf_json,11,True,True,0.9999999900000003,0.0,0.9999999900000003,9.999999717180685e-09,0.0,10.0,0.06990366999999999,0.09546122687166586,0.94298606,0.018421052631578946,0a734ffed97064fb6340768fd77fa4170f6392838836cf20b5780e593b2a2f92,,,
24969,418,Cheyenne Parker-Tyus,blk,active_pmf_json,11,True,True,1.0,0.0,1.0,0.0,0.0,10.0,0.0,0.0,1.0,0.9487179487179487,1b5f37d370fafad2a38f75945915def1dd3e85672bf76bd2e2bb628f5dd33e74,,,
24970,424,Rebecca Allen,blk,active_pmf_json,11,True,True,0.99999999,0.0,0.99999999,1.0000000050247593e-08,0.0,10.0,0.11919948000000002,0.17958676382564445,0.91027613,0.04790419161676647,8d910d9e7d207acafca23f8a34ceac7b7a945c57537d198fe5e1917281dbc9ef,,,
24969,437,Jewell Loyd,blk,active_pmf_json,11,True,True,0.99999999,0.0,0.99999999,1.0000000050247593e-08,0.0,10.0,0.023881539999999996,0.02868131204152512,0.97857462,0.023474178403755867,167ee79675dafefa67664021e4d2da38f3ec0b8f95f45d9f139de9624d726c0f,,,
24970,448,Valeriane Ayayi,blk,active_pmf_json,11,True,True,1.0,0.0,1.0,0.0,0.0,10.0,0.04858435,0.0609702309350775,0.95793906,0.21935483870967742,cea1bc0d089c9cf80c614c54e606bc24de3f376bcedf522a01c9690979600087,,,
24970,462,Kahleah Copper,blk,active_pmf_json,11,True,True,0.9999999900000002,0.0,0.9999999900000002,9.999999828202988e-09,0.0,10.0,0.031556469999999996,0.038332759191180996,0.97196947,0.12408759124087591,0a7b3ab268df8b71e75abb05254add2e3791931a58f0948a58dd0cea7dab537f,,,
24970,465,Jonquel Jones,blk,active_pmf_json,11,True,True,1.0000000100000002,0.0,1.0000000100000002,1.0000000161269895e-08,0.0,10.0,0.40090884,0.6549887836171334,0.74318162,0.018421052631578946,8eafde3f53eaf143092ecc43fb99ca931776a623ce93c6016e1d3eb903596d6d,,,
24969,466,Rachel Banham,blk,active_pmf_json,11,True,True,1.0,0.0,1.0,0.0,0.0,10.0,0.046535549999999995,0.0614810325861975,0.96082095,0.12408759124087591,077a0c3458ff9ced6302c89f536cef2cac4a868110e2d38e1b748b2ea514f671,,,
24970,468,Breanna Stewart,blk,active_pmf_json,11,True,True,1.0,0.0,1.0,0.0,0.0,10.0,0.7634487500000001,1.0987269961234374,0.54001945,0.02097902097902098,e4f2269a6dbc4fc3c21a6b3dff660cb72dd4a2e16feb453a0899314b4f534e7d,,,
24970,483,Sami Whitcomb,blk,active_pmf_json,11,True,True,1.0,0.0,1.0,0.0,0.0,10.0,0.04281583,0.05717019470141111,0.96414647,0.41420118343195267,97fa14a8be256175e4cbca54a074a11c216357a80e446cc98072d92d2e5ac45a,,,
24969,502,Stephanie Talbot,blk,active_pmf_json,11,True,True,1.0,0.0,1.0,0.0,0.0,10.0,0.07246804,0.10459064317855839,0.94273847,0.02097902097902098,2cf8781f2d280a2a0b48edc1176ad12f25c3343ff86edd7682cf0dbf98d0e022,,,
24969,525,Azura Stevens,blk,active_pmf_json,11,True,True,1.0,0.0,1.0,0.0,0.0,10.0,0.0,0.0,1.0,0.9487179487179487,1b5f37d370fafad2a38f75945915def1dd3e85672bf76bd2e2bb628f5dd33e74,,,
24969,535,A'ja Wilson,blk,active_pmf_json,11,True,True,1.0000000000000002,0.0,1.0000000000000002,2.220446049250313e-16,0.0,10.0,1.4594857799999998,2.503049837977792,0.35648266,0.018421052631578946,97dd916d5ef5388b62d56a9e6e92ab9c5537ec2425efc06cc9b7d14757855619,,,
24969,555,Brianna Turner,blk,active_pmf_json,11,True,True,0.9999999999999998,0.0,0.9999999999999998,2.220446049250313e-16,0.0,10.0,0.39524174,0.7679143469617725,0.77170469,0.018421052631578946,6d0b507647195e400b28da3273627fa076c29d3d0b49e9c506ace42be071b7b3,,,
24970,566,Han Xu,blk,active_pmf_json,11,True,True,0.9999999799999999,0.0,0.9999999799999999,2.0000000100495186e-08,0.0,10.0,0.17565254000000002,0.28571962457447214,0.87657111,0.02097902097902098,8ff5eae1bae312bcec571c0b6fbcf528c5203636655340776cf9301b5c3d73b4,,,
24969,570,Jackie Young,blk,active_pmf_json,11,True,True,1.0,0.0,1.0,0.0,0.0,10.0,0.07509785999999999,0.10425529142342038,0.9394838,0.018421052631578946,e9a7977f78ee2fbbf4fb40e3e60d658a37f794e98154b51cd2cae4b2f60cf929,,,
24970,582,Marine Johannes,blk,active_pmf_json,11,True,True,1.0,0.0,1.0,0.0,0.0,10.0,0.016247190000000005,0.019882798817103906,0.98552528,0.08163265306122448,10f03e204cb724020e928580e9c440111af9b64387a291ca127793c51643452b,,,
24970,591,Sabrina Ionescu,blk,active_pmf_json,11,True,True,1.00000002,0.0,1.00000002,2.0000000100495186e-08,0.0,10.0,0.03671578000000001,0.04598127152595258,0.96802633,0.023474178403755867,be62432546d60125b1fc9ddf3cba86bad14aadfa591bce88799edea3db0724a1,,,
24970,602,Satou Sabally,blk,active_pmf_json,11,True,True,1.0,0.0,1.0,0.0,0.0,10.0,0.0,0.0,1.0,0.9487179487179487,1b5f37d370fafad2a38f75945915def1dd3e85672bf76bd2e2bb628f5dd33e74,,,
24969,605,Chennedy Carter,blk,active_pmf_json,11,True,True,1.0,0.0,1.0,0.0,0.0,10.0,0.04968174000000001,0.061204324710572404,0.95656224,0.08163265306122448,5107de128985d6b5d2bac09227da138aed9970665fc666d39bc159d9bff61f3b,,,
24969,620,Dana Evans,blk,active_pmf_json,11,True,True,0.99999999,0.0,0.99999999,1.0000000050247593e-08,0.0,10.0,0.040875619999999994,0.05088718367290743,0.96433661,0.04790419161676647,b8db2e5b0245f6aeb5a583c7710f84e685c91edcaf87bb2e3e7eaba1e44820bb,,,
24970,631,Kiana Williams,blk,active_pmf_json,11,True,True,0.9999999900000001,0.0,0.9999999900000001,9.99999993922529e-09,0.0,10.0,0.023947269999999996,0.030226458253812385,0.97909335,0.5416666666666666,6008a50ab60c231212ca6282602be377b8880019c5e8ed77fa197f1c54d336f0,,,
24970,633,Natasha Mack,blk,active_pmf_json,11,True,True,0.99999999,0.0,0.99999999,1.0000000050247593e-08,0.0,10.0,0.5223232200000001,0.952156311120616,0.69837337,0.2714285714285714,cffaea5ba0c69d35951c6f5ab301627648110b602f9312c28e5d652bed34ae2d,,,
24969,636,Kierstan Bell,blk,active_pmf_json,11,True,True,1.0,0.0,1.0,0.0,0.0,10.0,0.21940314999999996,0.4870477077700775,0.87492338,0.41420118343195267,626a74a28a48829e045b0b5ca6f6fefc5bfe0e8aeec91c8f706e8e4f6e5a0c6e,,,
24970,642,Anneli Maley,blk,active_pmf_json,11,True,True,1.00000001,0.0,1.00000001,9.99999993922529e-09,0.0,10.0,0.020103649999999997,0.027690713260719067,0.98326928,0.6219512195121951,72c411c068ae121bdb67b5932d33f4157e9fc650835a52f1c2a86e53e89043c4,,,
24969,645,NaLyssa Smith,blk,active_pmf_json,11,True,True,1.0,0.0,1.0,0.0,0.0,10.0,0.26981599000000006,0.4057348815403199,0.80857812,0.21935483870967742,fd636b5881dd8bf78b8f1400cdadc99b28c8f472ddafd81859dcfd6943b43732,,,
24970,663,Rebekah Gardner,blk,active_pmf_json,11,True,True,1.0,0.0,1.0,0.0,0.0,10.0,0.03800552,0.0479299604495296,0.96703206,0.02097902097902098,4be11aa37ed7a1f2133ef2499d6b5bdc8f6baf658eef47c19223cccc61f72eb4,,,
24970,712,Leonie Fiebich,blk,active_pmf_json,11,True,True,1.0,0.0,1.0,0.0,0.0,10.0,0.0,0.0,1.0,0.9487179487179487,1b5f37d370fafad2a38f75945915def1dd3e85672bf76bd2e2bb628f5dd33e74,,,
24970,715,Julie Vanloo,blk,active_pmf_json,11,True,True,0.9999999900000002,0.0,0.9999999900000002,9.999999828202988e-09,0.0,10.0,0.024024219999999995,0.030200456847619968,0.97899343,0.018421052631578946,222381b67805589e29da793216e2c5ad40b024f29812d45c329420009a527c11,,,
24969,720,Rickea Jackson,blk,active_pmf_json,11,True,True,1.0,0.0,1.0,0.0,0.0,10.0,0.0,0.0,1.0,0.9487179487179487,1b5f37d370fafad2a38f75945915def1dd3e85672bf76bd2e2bb628f5dd33e74,,,
24969,725,Jacy Sheldon,blk,active_pmf_json,11,True,True,1.0,0.0,1.0,0.0,0.0,10.0,0.08037129000000003,0.1204659857437359,0.93826415,0.08163265306122448,b20137dc6140a83f42f0569e3e67f48605c1bd89744a674d730ee1db8a9ac5de,,,
24969,726,Kamilla Cardoso,blk,active_pmf_json,11,True,True,0.9999999999999999,0.0,0.9999999999999999,1.1102230246251565e-16,0.0,10.0,0.8261135700000001,1.1797244594618548,0.51060592,0.023474178403755867,1ba7113afa8dbd7dd27bec4b3cfde7bf9e3c16e653b3ab87327ed993ad3c5d50,,,
24969,751,Maddy Westbeld,blk,active_pmf_json,11,True,True,0.9999999899999997,0.0,0.9999999899999997,1.0000000272292198e-08,0.0,10.0,0.03529046,0.048079223420534244,0.97064285,0.34782608695652173,6f823a134705d690de5d3e7818f907bb713ab22b520d92861c6e9f87d813df7b,,,
24970,765,Monique Akoa Makani,blk,active_pmf_json,11,True,True,0.99999999,0.0,0.99999999,1.0000000050247593e-08,0.0,10.0,0.06484714999999998,0.09157013709482596,0.94799744,0.08333333333333333,dacd89d9e2cd73b8586e756e1a0f82a87d1695effd1cf89835bb6187c563da30,,,
24970,766,Lexi Held,blk,active_pmf_json,11,True,True,0.9999999900000001,0.0,0.9999999900000001,9.99999993922529e-09,0.0,10.0,0.032565880000000005,0.04100918344922023,0.97165699,0.11904761904761904,9b901b009b72554ef1159ab42ad817c8cb96de56160cb8bd1faa7fdfe830ce79,,,
24969,774,Chloe Bibby,blk,active_pmf_json,11,True,True,0.99999999,0.0,0.99999999,1.0000000050247593e-08,0.0,10.0,0.04299708,0.059774591092986114,0.96482237,0.3194444444444444,28416e8f9815e04632d712fb521d7c0927d5e9d41831ca9463437db5d649aaa8,,,
24970,66925,Pauline Astier,blk,active_pmf_json,11,True,True,1.0,0.0,1.0,0.0,0.0,10.0,0.01901515,0.023355734070477502,0.98311509,0.02097902097902098,1b286e5ce4a81c3d1c18d7f974fa523970ccfaa4b40547af473019709da7a99d,,,
24970,66926,Raquel Carrera,blk,active_pmf_json,11,True,True,0.99999999,0.0,0.99999999,1.0000000050247593e-08,0.0,10.0,0.04925938999999999,0.08996190247256304,0.96597004,0.3194444444444444,84207812f1bdfa080cc4dc330cad07c5bf5c296fa1822d63cbece62775dc8a48,,,
24969,66973,Justine Pissott,blk,active_pmf_json,11,True,True,0.9999999999999999,0.0,0.9999999999999999,1.1102230246251565e-16,0.0,10.0,0.06458201,0.0859357939843599,0.94623308,0.08333333333333333,ff51fbdf9c471992e33e797b96dee24d69d501cbe0b20d0e84fa379d55da7977,,,
24969,67023,Aicha Coulibaly,blk,active_pmf_json,11,True,True,0.9999999900000001,0.0,0.9999999900000001,9.99999993922529e-09,0.0,10.0,0.13002352,0.18576636407774844,0.8991421,0.12408759124087591,e8f49c13e3b2a1905c6ee927ac60029fe5f06f57d6f262ec91efba7f301cbab6,,,
24969,67027,Gabriela Jaquez,blk,active_pmf_json,11,True,True,0.9999999900000001,0.0,0.9999999900000001,9.99999993922529e-09,0.0,10.0,0.04490088999999999,0.056404100057047005,0.9610798,0.04790419161676647,44c1ccc9c594c4e9329955a0914559568d523fe0897b6b1d367001df88e0784a,,,
24969,67033,Sydney Taylor,blk,active_pmf_json,11,True,True,1.00000001,0.0,1.00000001,9.99999993922529e-09,0.0,10.0,0.06494515,0.08964493753365622,0.94724955,0.04790419161676647,e443b39dc1c68ba183bafbb04a483cebac918e16eb589425bd716e00ea40682b,,,
24970,67044,Aubrey Griffin,blk,active_pmf_json,11,True,True,1.0,0.0,1.0,0.0,0.0,10.0,0.020668219999999998,0.03260394468203161,0.98412281,0.2714285714285714,62bc081d075bacf66e2b57c2ff552e78fa9bea783a901744ea3382a926c48f59,,,
24969,67061,Janiah Barker,blk,active_pmf_json,11,True,True,1.0,0.0,1.0,0.0,0.0,10.0,0.0,0.0,1.0,0.9487179487179487,1b5f37d370fafad2a38f75945915def1dd3e85672bf76bd2e2bb628f5dd33e74,,,
24970,67092,Noemie Brochant,blk,active_pmf_json,11,True,True,0.9999999900000002,0.0,0.9999999900000002,9.999999828202988e-09,0.0,10.0,0.060364169999999995,0.07836091694377277,0.94903588,0.04790419161676647,32347725bff06f6b3ee1a7de27ea74bb4a295941b4c6fe4cc4ce34496d7484ad,,,
24970,67094,Shay Ciezki,blk,active_pmf_json,11,True,True,1.00000001,0.0,1.00000001,9.99999993922529e-09,0.0,10.0,0.10388341999999999,0.19253127515702126,0.9300327,0.7083333333333333,90be38b9277b5ba512783da5ba9db3b50cfc0bf854d66d3aecd3169fdf1320c9,,,
24969,67135,Ta'Niya Latson,blk,active_pmf_json,11,True,True,0.9999999900000001,0.0,0.9999999900000001,9.99999993922529e-09,0.0,10.0,0.06309768,0.09440492273880442,0.95077098,0.21935483870967742,12c2a66b495ceb6dcffd6d16e9efd06cfb3bb6704ee55f7cda7b0332331ad786,,,
24970,67157,Marta Suarez,blk,active_pmf_json,11,True,True,0.99999999,0.0,0.99999999,1.0000000050247593e-08,0.0,10.0,0.04889424999999999,0.06636664229303102,0.95948506,0.6219512195121951,b30a125804352323d7d48399eb71bd27e779896f4167b790b4736132ffc48822,,,
24970,74551,Marine Fauthoux,blk,active_pmf_json,11,True,True,0.9999999899999998,0.0,0.9999999899999998,1.0000000161269895e-08,0.0,10.0,0.025586599999999998,0.03195858589389327,0.97756,0.02097902097902098,6d75b2fbe1adc65c218bca3629c99c8fb0c27f8bc5b3be2efd88e017de0bd249,,,
24970,74553,Alex Fowler,blk,active_pmf_json,11,True,True,0.9999999900000001,0.0,0.9999999900000001,9.99999993922529e-09,0.0,10.0,0.02553911,0.031287463853885436,0.97735493,0.015384615384615385,551cd011be6098c8530c8e08ee42ad6be99004fccfd77f62e27dccf67ab0c676,,,
24970,74872,Quionche Carter,blk,active_pmf_json,11,True,True,0.99999999,0.0,0.99999999,1.0000000050247593e-08,0.0,10.0,0.04407996000000001,0.06435513710696798,0.964854,0.6857142857142857,bb043f57e14fe55d3e91d168ff62af9fdd4fd81b66554bad55779f1818844910,,,
24970,74884,Jovana Nogic,blk,active_pmf_json,11,True,True,1.0,0.0,1.0,0.0,0.0,10.0,0.0,0.0,1.0,0.9487179487179487,1b5f37d370fafad2a38f75945915def1dd3e85672bf76bd2e2bb628f5dd33e74,,,
24970,75095,Peyton Williams,blk,active_pmf_json,11,True,True,0.9999999900000001,0.0,0.9999999900000001,9.99999993922529e-09,0.0,10.0,0.37993145999999994,1.2444905242587894,0.84290592,0.08333333333333333,842d464806e327ee1ebe3fb0ee22ab92a56f5590aed7528b69a5527702c090c8,,,
24969,188326,Mai Yamamoto,blk,active_pmf_json,11,True,True,0.9999999999999997,0.0,0.9999999999999997,3.3306690738754696e-16,0.0,10.0,0.08996236000000002,0.1403467137832304,0.93213242,0.41420118343195267,a66937e31c86439a2a7ffb067e3cf7c5502f38b048717c1ef1f06e1bce81a438,,,
24970,242,DeWanna Bonner,turnover,active_pmf_json,13,True,True,0.9999999999999999,0.0,0.9999999999999999,1.1102230246251565e-16,0.0,12.0,2.364627804284052,3.990861779038102,0.16760468271188086,0.04790419161676647,10ed76150b2da2e7112d8c4da0513a1609e8103b3c6df3a6cf95c0609cce9e2b,,,
24969,285,Courtney Vandersloot,turnover,active_pmf_json,13,True,True,1.0,0.0,1.0,0.0,0.0,12.0,2.0106133647982536,4.034972879013175,0.2534104346065378,0.08333333333333333,8793ede221d1a417954752589f7077aa8feff5bb44e69aa2cf1f3ffefd5b25d8,,,
24969,346,Skylar Diggins,turnover,active_pmf_json,1,True,True,1.0,0.0,1.0,0.0,0.0,0.0,0.0,0.0,1.0,0.9487179487179487,90f0c62486197f2b914f4a9e229079e5c71ca1474e830fdf6f9dea88159968bb,,,
24970,373,Alyssa Thomas,turnover,active_pmf_json,13,True,True,0.9999999999999999,0.0,0.9999999999999999,1.1102230246251565e-16,0.0,12.0,3.8044817518819993,6.375230275479695,0.060147718826898684,0.02097902097902098,97d0ba30da6159a3c12bfcfe926033aa52873a0d11e9dd73bb7726aa1bd6048c,,,
24969,408,Natasha Cloud,turnover,active_pmf_json,13,True,True,1.0,0.0,1.0,0.0,0.0,12.0,2.5495301114028583,4.102602139254623,0.13848370684197991,0.045454545454545456,fdd76940ee732d5175b1a2b948eb989f86ccfe521272f7052927d71e63147337,,,
24969,409,Elizabeth Williams,turnover,active_pmf_json,13,True,True,1.0,0.0,1.0,0.0,0.0,12.0,1.5686944326935621,2.9702678510670606,0.32803096289758843,0.023474178403755867,d877fa962156d14671908c66cde1e03b02c767051066ca1da5d9d3e04474c5d1,,,
24969,410,Chelsea Gray,turnover,active_pmf_json,13,True,True,1.0,0.0,1.0,0.0,0.0,12.0,2.6772829146150174,4.410556881746245,0.12939676812013487,0.018421052631578946,d376f0da6694bf1c55e9ccbb95c3664997f43c7622285bcbf8e64dd6a2fd3122,,,
24969,418,Cheyenne Parker-Tyus,turnover,active_pmf_json,1,True,True,1.0,0.0,1.0,0.0,0.0,0.0,0.0,0.0,1.0,0.9487179487179487,90f0c62486197f2b914f4a9e229079e5c71ca1474e830fdf6f9dea88159968bb,,,
24970,424,Rebecca Allen,turnover,active_pmf_json,13,True,True,1.0000000000000002,0.0,1.0000000000000002,2.220446049250313e-16,0.0,12.0,1.1809479827075713,1.9818050275380654,0.406383453780258,0.04790419161676647,7ebb95d3c758015adb1015e3576388d61a445a088773f9023e4ab1da577ff4da,,,
24969,437,Jewell Loyd,turnover,active_pmf_json,13,True,True,1.0,0.0,1.0,0.0,0.0,12.0,1.5649359542059098,2.342125790566561,0.28096160046922086,0.023474178403755867,d637913720f6584e2eccc5a441447ed18a55204d564659dfbd11deb69898e799,,,
24970,448,Valeriane Ayayi,turnover,active_pmf_json,13,True,True,1.0,0.0,1.0,0.0,0.0,12.0,1.9265643165477935,3.873978330146292,0.26841093151063317,0.21935483870967742,80db420632f81888911f40ac210c48b1d2f86f152f28a791826fbbcc1ff40dc7,,,
24970,462,Kahleah Copper,turnover,active_pmf_json,13,True,True,0.9999999999999999,0.0,0.9999999999999999,1.1102230246251565e-16,0.0,12.0,2.9610035342017027,5.158624628392176,0.11345329781370835,0.12408759124087591,e2bc1c98e0928a7eea705755d735213a1d2f2537db16234fb8721ba8f243e2f7,,,
24970,465,Jonquel Jones,turnover,active_pmf_json,13,True,True,1.0,0.0,1.0,0.0,0.0,12.0,1.9807610413767447,3.169865284488001,0.21295226328494316,0.018421052631578946,ae768a6c718dd3ad3a3957e047960d904a4e79fb2363b096d24d7e26bd61886c,,,
24969,466,Rachel Banham,turnover,active_pmf_json,13,True,True,0.9999999999999998,0.0,0.9999999999999998,2.220446049250313e-16,0.0,12.0,1.4692751627043765,4.1784388856762105,0.44921098229058454,0.12408759124087591,b52485455e2c82434b791ae52508b00a08b6febba4f8b00b46151db7985ddf50,,,
24970,468,Breanna Stewart,turnover,active_pmf_json,13,True,True,0.9999999999999998,0.0,0.9999999999999998,2.220446049250313e-16,0.0,12.0,2.2019940021142927,3.4264370787815244,0.17467007069245516,0.02097902097902098,edcd6251c5f51c5cf1008e218c20c6055a8079b9eb4112789db8c8785f205f70,,,
24970,483,Sami Whitcomb,turnover,active_pmf_json,13,True,True,1.0000000000000002,0.0,1.0000000000000002,2.220446049250313e-16,0.0,12.0,1.4005689054419215,3.6156085371987183,0.4408059133804628,0.41420118343195267,f67754118f250ef7a9d6191a3d738d03c56088e9533ad1f28e3c6d46408de91c,,,
24969,502,Stephanie Talbot,turnover,active_pmf_json,13,True,True,0.9999999999999999,0.0,0.9999999999999999,1.1102230246251565e-16,0.0,12.0,0.8888950118208113,1.8913965439552276,0.553102816281028,0.02097902097902098,ca1fd366a2eb322c6ff9f67e6c07b24366db953fa6b1560057e641cdf9f53701,,,
24969,525,Azura Stevens,turnover,active_pmf_json,1,True,True,1.0,0.0,1.0,0.0,0.0,0.0,0.0,0.0,1.0,0.9487179487179487,90f0c62486197f2b914f4a9e229079e5c71ca1474e830fdf6f9dea88159968bb,,,
24969,535,A'ja Wilson,turnover,active_pmf_json,13,True,True,0.9999999999999999,0.0,0.9999999999999999,1.1102230246251565e-16,0.0,12.0,2.2847045734489435,3.6157679241745084,0.16657418107597474,0.018421052631578946,1c6a4a9eed2000a2956863a5248edfd516cc3e8ca702fe57919f1cb65b4287aa,,,
24969,555,Brianna Turner,turnover,active_pmf_json,13,True,True,1.0,0.0,1.0,0.0,0.0,12.0,1.071512772198114,1.7213382448288013,0.43299697131678055,0.018421052631578946,02cc4082c05ceb55e39d95164525289341811fc5341315aaab2c3a9f9cc5ee28,,,
24970,566,Han Xu,turnover,active_pmf_json,13,True,True,1.0,0.0,1.0,0.0,0.0,12.0,0.8617999732565028,1.7720066440781077,0.5565493503250717,0.02097902097902098,cc614dd0402a095eb4611a81ea5902120d448625c1caa6ba46d35cf43a672c3e,,,
24969,570,Jackie Young,turnover,active_pmf_json,13,True,True,0.9999999999999999,0.0,0.9999999999999999,1.1102230246251565e-16,0.0,12.0,2.4812784753006047,4.04732365799401,0.14806886916575024,0.018421052631578946,3ea1e47287d8d12b9f889d710a55ff2e8a51280f5ae069b8f01cea8ff71b06a8,,,
24970,582,Marine Johannes,turnover,active_pmf_json,13,True,True,1.0,0.0,1.0,0.0,0.0,12.0,1.4950742657176959,2.6598260389273456,0.33221994663160287,0.08163265306122448,cd051d7a3ece1102ca19028d3a5de690a7a7d38a75d68357dce5b4a60ab9abdf,,,
24970,591,Sabrina Ionescu,turnover,active_pmf_json,13,True,True,1.0,0.0,1.0,0.0,0.0,12.0,2.156651943361847,3.3106895962659686,0.17864807714105072,0.023474178403755867,81eb16647cb5f4907cd1352defc703fa1e3fda60344cb21ed9983c314edcd650,,,
24970,602,Satou Sabally,turnover,active_pmf_json,1,True,True,1.0,0.0,1.0,0.0,0.0,0.0,0.0,0.0,1.0,0.9487179487179487,90f0c62486197f2b914f4a9e229079e5c71ca1474e830fdf6f9dea88159968bb,,,
24969,605,Chennedy Carter,turnover,active_pmf_json,13,True,True,0.9999999999999997,0.0,0.9999999999999997,3.3306690738754696e-16,0.0,12.0,1.226339308299883,2.1250373964487794,0.3991550967674655,0.08163265306122448,51fe7283f4ca00c3b2251c8f9ea1a5159b57f21ba8a0a724474a4a77206fa065,,,
24969,620,Dana Evans,turnover,active_pmf_json,13,True,True,1.0000000000000002,0.0,1.0000000000000002,2.220446049250313e-16,0.0,12.0,1.2910611780632313,3.1570211744020606,0.45615862444731203,0.04790419161676647,6d6fe769b503a97034046212dde72ea4cca12c21af632903d90f9fca4560b534,,,
24970,631,Kiana Williams,turnover,active_pmf_json,13,True,True,0.9999999999999999,0.0,0.9999999999999999,1.1102230246251565e-16,0.0,12.0,0.7640974816189089,2.454807804181538,0.6784976914041541,0.5416666666666666,1b1d8cf12030c3d4414e5c5060933ab76f3650c019e55f7a27af789e9eb2add3,,,
24970,633,Natasha Mack,turnover,active_pmf_json,13,True,True,0.9999999999999999,0.0,0.9999999999999999,1.1102230246251565e-16,0.0,12.0,1.5760979522946261,3.06269047367277,0.3319558147628526,0.2714285714285714,76ddf24498addb308e2a19c79642c667e0d391789e6d0e32ac84ae2ee9bfed61,,,
24969,636,Kierstan Bell,turnover,active_pmf_json,13,True,True,0.9999999999999999,0.0,0.9999999999999999,1.1102230246251565e-16,0.0,12.0,0.6448660948434293,1.9192632587334928,0.7066932216685994,0.41420118343195267,ef501e337d69eaa0473d5b2de877bc8e9a1991e7c8f7cae3e363ce1b8251cc2a,,,
24970,642,Anneli Maley,turnover,active_pmf_json,13,True,True,1.0,0.0,1.0,0.0,0.0,12.0,0.48663960052242194,1.2481549970124288,0.7482129992706131,0.6219512195121951,38cf0fb263d4a70759380dc30ad71ea1eea0ec4853200bc3977fb25e2124e14a,,,
24969,645,NaLyssa Smith,turnover,active_pmf_json,13,True,True,1.0,0.0,1.0,0.0,0.0,12.0,1.349393717854927,2.4249149864037376,0.3717437482836071,0.21935483870967742,a5e9816cf55f8cb65c5fa5207e16e57cdc7b4a93d95a5aeb8f82c9f361aa5d0d,,,
24970,663,Rebekah Gardner,turnover,active_pmf_json,13,True,True,1.0000000000000002,0.0,1.0000000000000002,2.220446049250313e-16,0.0,12.0,1.1349916439166177,1.8897691270634116,0.41925726736249125,0.02097902097902098,285f2654e9f26c1142f7edb670251b00c9166e27d0e28d0c23217655dc031588,,,
24970,712,Leonie Fiebich,turnover,active_pmf_json,1,True,True,1.0,0.0,1.0,0.0,0.0,0.0,0.0,0.0,1.0,0.9487179487179487,90f0c62486197f2b914f4a9e229079e5c71ca1474e830fdf6f9dea88159968bb,,,
24970,715,Julie Vanloo,turnover,active_pmf_json,13,True,True,1.0,0.0,1.0,0.0,0.0,12.0,1.7132546323099878,4.459397888535619,0.3720887039541362,0.018421052631578946,c9fc08a88590d94b3680ac309867a3817c12e4e8cc53ebe7d58d4cfbbafeaa73,,,
24969,720,Rickea Jackson,turnover,active_pmf_json,1,True,True,1.0,0.0,1.0,0.0,0.0,0.0,0.0,0.0,1.0,0.9487179487179487,90f0c62486197f2b914f4a9e229079e5c71ca1474e830fdf6f9dea88159968bb,,,
24969,725,Jacy Sheldon,turnover,active_pmf_json,13,True,True,1.0,0.0,1.0,0.0,0.0,12.0,1.2994548039370415,2.2234972483630044,0.3753679518207391,0.08163265306122448,efdcf1107f7cc4ca1b7638d5ee6fd1e7bfa9106bc94af2797982595476749696,,,
24969,726,Kamilla Cardoso,turnover,active_pmf_json,13,True,True,1.0,0.0,1.0,0.0,0.0,12.0,2.202545225534104,3.699130858420357,0.18809518066444939,0.023474178403755867,ab9528da200496c67479288b8232558184288cb83c2de1585c8bc538a44edab8,,,
24969,751,Maddy Westbeld,turnover,active_pmf_json,13,True,True,0.9999999999999999,0.0,0.9999999999999999,1.1102230246251565e-16,0.0,12.0,0.7745677126633006,2.5250340878451163,0.6779158506451929,0.34782608695652173,6da9e4135b23392f189ecd97d00f7ae61868f8c1594e2917f942aa63817246eb,,,
24970,765,Monique Akoa Makani,turnover,active_pmf_json,13,True,True,1.0,0.0,1.0,0.0,0.0,12.0,1.9879399083854086,3.7778666902582185,0.24558957609905782,0.08333333333333333,3be52706fb26ee0fe956ef1378fb011a9caad4a7fda2acdcd73b18db3690098b,,,
24970,766,Lexi Held,turnover,active_pmf_json,13,True,True,1.0000000000000002,0.0,1.0000000000000002,2.220446049250313e-16,0.0,12.0,1.4826259827106567,3.766301967946232,0.4167540794152783,0.11904761904761904,aa34d61dac8cd0d8ebffd6d1a2046db385050a818547ee20c271c4c7f03cf937,,,
24969,774,Chloe Bibby,turnover,active_pmf_json,13,True,True,0.9999999999999999,0.0,0.9999999999999999,1.1102230246251565e-16,0.0,12.0,1.8291331176428143,5.505895000402907,0.39037902506172606,0.3194444444444444,893a18e3d36687f71428efbb8fdbf1f574c32e1531f81fb6ed8d7b9b4c80aca8,,,
24970,66925,Pauline Astier,turnover,active_pmf_json,13,True,True,1.0,0.0,1.0,0.0,0.0,12.0,1.581122509885222,2.881483573512081,0.317022069404606,0.02097902097902098,475db7eab608bdda783ebabbf0f55ab08d117f4b972c68f5494cf1bf86ed5364,,,
24970,66926,Raquel Carrera,turnover,active_pmf_json,13,True,True,1.0,0.0,1.0,0.0,0.0,12.0,0.5198203570146401,1.3812155159308335,0.7387646776713972,0.3194444444444444,e2cd4bd45d2b07c0310752c9200b19029930da8bcaf8fb9769719f2049a106b9,,,
24969,66973,Justine Pissott,turnover,active_pmf_json,13,True,True,0.9999999999999999,0.0,0.9999999999999999,1.1102230246251565e-16,0.0,12.0,0.8046132006368125,1.7091853561111932,0.584567362405014,0.08333333333333333,7177fc85d81d4cf6761eab705faa70a9dc84d6e57b8d7ec414a3b0afc8308fe5,,,
24969,67023,Aicha Coulibaly,turnover,active_pmf_json,13,True,True,0.9999999999999999,0.0,0.9999999999999999,1.1102230246251565e-16,0.0,12.0,2.014024113015447,6.280944525101212,0.36910412406908294,0.12408759124087591,f4559b553285e52dbe5aba04e282da5c7912f4dc5733ce0f6900b6794502853c,,,
24969,67027,Gabriela Jaquez,turnover,active_pmf_json,13,True,True,1.0,0.0,1.0,0.0,0.0,12.0,1.4195443174257165,2.5480362016005484,0.352977786087426,0.04790419161676647,5e7f1c54054c43e8eb34bbff7437be304db97df3ca7cd6ba32ac815c93b74bc4,,,
24969,67033,Sydney Taylor,turnover,active_pmf_json,13,True,True,0.9999999999999998,0.0,0.9999999999999998,2.220446049250313e-16,0.0,12.0,2.1588425308079904,3.5982238154760955,0.19292926523080017,0.04790419161676647,3ed86982d31e9898b5875557cc801b9313d867ff10c6a6f247d2bbc45662e52d,,,
24970,67044,Aubrey Griffin,turnover,active_pmf_json,13,True,True,1.0,0.0,1.0,0.0,0.0,12.0,1.0878339301537125,4.104497115411623,0.6203252805778924,0.2714285714285714,9fa98c9704a161229bc9ddcf6e0deed27d812131a1a6fae6373021ec9321110a,,,
24969,67061,Janiah Barker,turnover,active_pmf_json,1,True,True,1.0,0.0,1.0,0.0,0.0,0.0,0.0,0.0,1.0,0.9487179487179487,90f0c62486197f2b914f4a9e229079e5c71ca1474e830fdf6f9dea88159968bb,,,
24970,67092,Noemie Brochant,turnover,active_pmf_json,13,True,True,0.9999999999999999,0.0,0.9999999999999999,1.1102230246251565e-16,0.0,12.0,1.6957491174794055,3.186882569239691,0.2984682065164958,0.04790419161676647,143d06ecbbcf2527201593e98eb24ed5e8e5e1aea8fc67eba646962056e2b22c,,,
24970,67094,Shay Ciezki,turnover,active_pmf_json,13,True,True,1.0000000000000002,0.0,1.0000000000000002,2.220446049250313e-16,0.0,12.0,0.5110282763637402,1.3455163573294422,0.7412244173923155,0.7083333333333333,c8eb643ce17c1728e3e19b94762a23709eff54ee58ad1ec1d2e4e8bb2ad6ac8e,,,
24969,67135,Ta'Niya Latson,turnover,active_pmf_json,13,True,True,1.0000000000000004,0.0,1.0000000000000004,4.440892098500626e-16,0.0,12.0,0.9867116891174971,3.582734702994528,0.6374974012847638,0.21935483870967742,84d49c31b2794c60c5c143baea9f73465392e00786524e9d0b869179e56b87c7,,,
24970,67157,Marta Suarez,turnover,active_pmf_json,13,True,True,1.0,0.0,1.0,0.0,0.0,12.0,1.3839832105286742,3.989382945543492,0.4732211624143036,0.6219512195121951,366c977a3e0a3df5d2b9a9eb9520f59881b720d4d11768ef4d970020878a78ba,,,
24970,74551,Marine Fauthoux,turnover,active_pmf_json,13,True,True,0.9999999999999999,0.0,0.9999999999999999,1.1102230246251565e-16,0.0,12.0,1.0079754658737743,2.193415369168034,0.5158356513022149,0.02097902097902098,f4ef51a890ada36d77685a515604be0584b809dafcf3a28f73a53249bcf7f69a,,,
24970,74553,Alex Fowler,turnover,active_pmf_json,13,True,True,1.0,0.0,1.0,0.0,0.0,12.0,1.2850833854583754,3.0718991369293227,0.4524551816222038,0.015384615384615385,dcf7ed6232109c4db72dd0b6582250f6e5ab48b308a5e11ead95490bb227cd75,,,
24970,74872,Quionche Carter,turnover,active_pmf_json,13,True,True,1.0000000000000002,0.0,1.0000000000000002,2.220446049250313e-16,0.0,12.0,0.6636531559084818,2.0043912123183096,0.7022789350616921,0.6857142857142857,f0cad35061dbe4c7c32b4758a77551ff6b0ceb0b3368a7a3f29210b47cae5096,,,
24970,74884,Jovana Nogic,turnover,active_pmf_json,1,True,True,1.0,0.0,1.0,0.0,0.0,0.0,0.0,0.0,1.0,0.9487179487179487,90f0c62486197f2b914f4a9e229079e5c71ca1474e830fdf6f9dea88159968bb,,,
24970,75095,Peyton Williams,turnover,active_pmf_json,13,True,True,1.0,0.0,1.0,0.0,0.0,12.0,0.836991236474566,2.8293327433772295,0.6652908841445446,0.08333333333333333,bed05919c469710577a9ddce3d8dfd701f6a44140af24d08f3faba05f650e505,,,
24969,188326,Mai Yamamoto,turnover,active_pmf_json,13,True,True,1.0000000000000002,0.0,1.0000000000000002,2.220446049250313e-16,0.0,12.0,1.0481561541517237,3.898860228116833,0.6269296496379952,0.41420118343195267,27e307c8dd8df919861a7110e51bace56f0b33291eb5d9d48da63cfef83ccb43,,,
24970,242,DeWanna Bonner,stocks,active_pmf_json,61,True,True,0.9999999900000001,0.0,0.9999999900000001,9.99999993922529e-09,0.0,60.0,8.229419190000002,43.464679868026344,0.03968402,0.04790419161676647,98033e1e1529c7c0c666dd2832d21229b64ad129b5062436d24429adc3ced592,,,
24970,242,DeWanna Bonner,pts_ast,active_pmf_json,61,True,True,0.9999999900000001,0.0,0.9999999900000001,9.99999993922529e-09,0.0,60.0,8.229419190000002,43.464679868026344,0.03968402,0.04790419161676647,98033e1e1529c7c0c666dd2832d21229b64ad129b5062436d24429adc3ced592,,,
24970,242,DeWanna Bonner,pts_reb,active_pmf_json,61,True,True,0.9999999900000001,0.0,0.9999999900000001,9.99999993922529e-09,0.0,60.0,8.229419190000002,43.464679868026344,0.03968402,0.04790419161676647,98033e1e1529c7c0c666dd2832d21229b64ad129b5062436d24429adc3ced592,,,
24970,242,DeWanna Bonner,reb_ast,active_pmf_json,61,True,True,0.9999999900000001,0.0,0.9999999900000001,9.99999993922529e-09,0.0,60.0,8.229419190000002,43.464679868026344,0.03968402,0.04790419161676647,98033e1e1529c7c0c666dd2832d21229b64ad129b5062436d24429adc3ced592,,,
24970,242,DeWanna Bonner,pts_reb_ast,active_pmf_json,61,True,True,0.9999999900000001,0.0,0.9999999900000001,9.99999993922529e-09,0.0,60.0,8.229419190000002,43.464679868026344,0.03968402,0.04790419161676647,98033e1e1529c7c0c666dd2832d21229b64ad129b5062436d24429adc3ced592,,,
24969,285,Courtney Vandersloot,stocks,active_pmf_json,61,True,True,1.0,0.0,1.0,0.0,0.0,60.0,7.456519749999999,56.50074390785997,0.09625847,0.08333333333333333,588d86a517fc1fc3eb627436720532a48db2f056965bdc92eb87ea21b9dcb9f7,,,
24969,285,Courtney Vandersloot,pts_ast,active_pmf_json,61,True,True,1.0,0.0,1.0,0.0,0.0,60.0,7.456519749999999,56.50074390785997,0.09625847,0.08333333333333333,588d86a517fc1fc3eb627436720532a48db2f056965bdc92eb87ea21b9dcb9f7,,,
24969,285,Courtney Vandersloot,pts_reb,active_pmf_json,61,True,True,1.0,0.0,1.0,0.0,0.0,60.0,7.456519749999999,56.50074390785997,0.09625847,0.08333333333333333,588d86a517fc1fc3eb627436720532a48db2f056965bdc92eb87ea21b9dcb9f7,,,
24969,285,Courtney Vandersloot,reb_ast,active_pmf_json,61,True,True,1.0,0.0,1.0,0.0,0.0,60.0,7.456519749999999,56.50074390785997,0.09625847,0.08333333333333333,588d86a517fc1fc3eb627436720532a48db2f056965bdc92eb87ea21b9dcb9f7,,,
24969,285,Courtney Vandersloot,pts_reb_ast,active_pmf_json,61,True,True,1.0,0.0,1.0,0.0,0.0,60.0,7.456519749999999,56.50074390785997,0.09625847,0.08333333333333333,588d86a517fc1fc3eb627436720532a48db2f056965bdc92eb87ea21b9dcb9f7,,,
24969,346,Skylar Diggins,stocks,active_pmf_json,61,True,True,1.0,0.0,1.0,0.0,0.0,60.0,0.0,0.0,1.0,0.9487179487179487,aeb0c6c47178e0fbc3b03f22ec03a32428c3f68a46cc119d98f3cccc60837041,,,
24969,346,Skylar Diggins,pts_ast,active_pmf_json,61,True,True,1.0,0.0,1.0,0.0,0.0,60.0,0.0,0.0,1.0,0.9487179487179487,aeb0c6c47178e0fbc3b03f22ec03a32428c3f68a46cc119d98f3cccc60837041,,,
24969,346,Skylar Diggins,pts_reb,active_pmf_json,61,True,True,1.0,0.0,1.0,0.0,0.0,60.0,0.0,0.0,1.0,0.9487179487179487,aeb0c6c47178e0fbc3b03f22ec03a32428c3f68a46cc119d98f3cccc60837041,,,
24969,346,Skylar Diggins,reb_ast,active_pmf_json,61,True,True,1.0,0.0,1.0,0.0,0.0,60.0,0.0,0.0,1.0,0.9487179487179487,aeb0c6c47178e0fbc3b03f22ec03a32428c3f68a46cc119d98f3cccc60837041,,,
24969,346,Skylar Diggins,pts_reb_ast,active_pmf_json,61,True,True,1.0,0.0,1.0,0.0,0.0,60.0,0.0,0.0,1.0,0.9487179487179487,aeb0c6c47178e0fbc3b03f22ec03a32428c3f68a46cc119d98f3cccc60837041,,,
24970,373,Alyssa Thomas,stocks,active_pmf_json,61,True,True,0.9999999900000003,0.0,0.9999999900000003,9.999999717180685e-09,0.0,60.0,13.656411400000001,86.55730372897433,0.00899072,0.02097902097902098,bd4d0921babd9fdef186282365fda0738f0063e206d03aac7c48eff33b4750fe,,,
24970,373,Alyssa Thomas,pts_ast,active_pmf_json,61,True,True,0.9999999900000003,0.0,0.9999999900000003,9.999999717180685e-09,0.0,60.0,13.656411400000001,86.55730372897433,0.00899072,0.02097902097902098,bd4d0921babd9fdef186282365fda0738f0063e206d03aac7c48eff33b4750fe,,,
24970,373,Alyssa Thomas,pts_reb,active_pmf_json,61,True,True,0.9999999900000003,0.0,0.9999999900000003,9.999999717180685e-09,0.0,60.0,13.656411400000001,86.55730372897433,0.00899072,0.02097902097902098,bd4d0921babd9fdef186282365fda0738f0063e206d03aac7c48eff33b4750fe,,,
24970,373,Alyssa Thomas,reb_ast,active_pmf_json,61,True,True,0.9999999900000003,0.0,0.9999999900000003,9.999999717180685e-09,0.0,60.0,13.656411400000001,86.55730372897433,0.00899072,0.02097902097902098,bd4d0921babd9fdef186282365fda0738f0063e206d03aac7c48eff33b4750fe,,,
24970,373,Alyssa Thomas,pts_reb_ast,active_pmf_json,61,True,True,0.9999999900000003,0.0,0.9999999900000003,9.999999717180685e-09,0.0,60.0,13.656411400000001,86.55730372897433,0.00899072,0.02097902097902098,bd4d0921babd9fdef186282365fda0738f0063e206d03aac7c48eff33b4750fe,,,
24969,408,Natasha Cloud,stocks,active_pmf_json,61,True,True,1.0000000100000004,0.0,1.0000000100000004,1.00000003833145e-08,0.0,60.0,11.516466940000003,64.03130812617714,0.01288365,0.045454545454545456,e59e863ec0857360eb35453101af2e94d6d07b5083a788135f31c61dace601b1,,,
24969,408,Natasha Cloud,pts_ast,active_pmf_json,61,True,True,1.0000000100000004,0.0,1.0000000100000004,1.00000003833145e-08,0.0,60.0,11.516466940000003,64.03130812617714,0.01288365,0.045454545454545456,e59e863ec0857360eb35453101af2e94d6d07b5083a788135f31c61dace601b1,,,
24969,408,Natasha Cloud,pts_reb,active_pmf_json,61,True,True,1.0000000100000004,0.0,1.0000000100000004,1.00000003833145e-08,0.0,60.0,11.516466940000003,64.03130812617714,0.01288365,0.045454545454545456,e59e863ec0857360eb35453101af2e94d6d07b5083a788135f31c61dace601b1,,,
24969,408,Natasha Cloud,reb_ast,active_pmf_json,61,True,True,1.0000000100000004,0.0,1.0000000100000004,1.00000003833145e-08,0.0,60.0,11.516466940000003,64.03130812617714,0.01288365,0.045454545454545456,e59e863ec0857360eb35453101af2e94d6d07b5083a788135f31c61dace601b1,,,
24969,408,Natasha Cloud,pts_reb_ast,active_pmf_json,61,True,True,1.0000000100000004,0.0,1.0000000100000004,1.00000003833145e-08,0.0,60.0,11.516466940000003,64.03130812617714,0.01288365,0.045454545454545456,e59e863ec0857360eb35453101af2e94d6d07b5083a788135f31c61dace601b1,,,
24969,409,Elizabeth Williams,stocks,active_pmf_json,61,True,True,1.0000000199999999,0.0,1.0000000199999999,1.999999987845058e-08,0.0,60.0,7.559208729999997,59.86933080912451,0.09680075,0.023474178403755867,190b28ebe7ad27a3742e1fc87d0a446113670b5078dcbed70a38774f672aa724,,,
24969,409,Elizabeth Williams,pts_ast,active_pmf_json,61,True,True,1.0000000199999999,0.0,1.0000000199999999,1.999999987845058e-08,0.0,60.0,7.559208729999997,59.86933080912451,0.09680075,0.023474178403755867,190b28ebe7ad27a3742e1fc87d0a446113670b5078dcbed70a38774f672aa724,,,
24969,409,Elizabeth Williams,pts_reb,active_pmf_json,61,True,True,1.0000000199999999,0.0,1.0000000199999999,1.999999987845058e-08,0.0,60.0,7.559208729999997,59.86933080912451,0.09680075,0.023474178403755867,190b28ebe7ad27a3742e1fc87d0a446113670b5078dcbed70a38774f672aa724,,,
24969,409,Elizabeth Williams,reb_ast,active_pmf_json,61,True,True,1.0000000199999999,0.0,1.0000000199999999,1.999999987845058e-08,0.0,60.0,7.559208729999997,59.86933080912451,0.09680075,0.023474178403755867,190b28ebe7ad27a3742e1fc87d0a446113670b5078dcbed70a38774f672aa724,,,
24969,409,Elizabeth Williams,pts_reb_ast,active_pmf_json,61,True,True,1.0000000199999999,0.0,1.0000000199999999,1.999999987845058e-08,0.0,60.0,7.559208729999997,59.86933080912451,0.09680075,0.023474178403755867,190b28ebe7ad27a3742e1fc87d0a446113670b5078dcbed70a38774f672aa724,,,
24969,410,Chelsea Gray,stocks,active_pmf_json,61,True,True,0.9999999999999997,0.0,0.9999999999999997,3.3306690738754696e-16,0.0,60.0,16.965692749999995,122.62823734259742,0.00546364,0.018421052631578946,0a3dced5cb89ea46b120a9195f6ae4708a51b964d4006580d46465ec532fef8d,,,
24969,410,Chelsea Gray,pts_ast,active_pmf_json,61,True,True,0.9999999999999997,0.0,0.9999999999999997,3.3306690738754696e-16,0.0,60.0,16.965692749999995,122.62823734259742,0.00546364,0.018421052631578946,0a3dced5cb89ea46b120a9195f6ae4708a51b964d4006580d46465ec532fef8d,,,
24969,410,Chelsea Gray,pts_reb,active_pmf_json,61,True,True,0.9999999999999997,0.0,0.9999999999999997,3.3306690738754696e-16,0.0,60.0,16.965692749999995,122.62823734259742,0.00546364,0.018421052631578946,0a3dced5cb89ea46b120a9195f6ae4708a51b964d4006580d46465ec532fef8d,,,
24969,410,Chelsea Gray,reb_ast,active_pmf_json,61,True,True,0.9999999999999997,0.0,0.9999999999999997,3.3306690738754696e-16,0.0,60.0,16.965692749999995,122.62823734259742,0.00546364,0.018421052631578946,0a3dced5cb89ea46b120a9195f6ae4708a51b964d4006580d46465ec532fef8d,,,
24969,410,Chelsea Gray,pts_reb_ast,active_pmf_json,61,True,True,0.9999999999999997,0.0,0.9999999999999997,3.3306690738754696e-16,0.0,60.0,16.965692749999995,122.62823734259742,0.00546364,0.018421052631578946,0a3dced5cb89ea46b120a9195f6ae4708a51b964d4006580d46465ec532fef8d,,,
24969,418,Cheyenne Parker-Tyus,stocks,active_pmf_json,61,True,True,1.0,0.0,1.0,0.0,0.0,60.0,0.0,0.0,1.0,0.9487179487179487,aeb0c6c47178e0fbc3b03f22ec03a32428c3f68a46cc119d98f3cccc60837041,,,
24969,418,Cheyenne Parker-Tyus,pts_ast,active_pmf_json,61,True,True,1.0,0.0,1.0,0.0,0.0,60.0,0.0,0.0,1.0,0.9487179487179487,aeb0c6c47178e0fbc3b03f22ec03a32428c3f68a46cc119d98f3cccc60837041,,,
24969,418,Cheyenne Parker-Tyus,pts_reb,active_pmf_json,61,True,True,1.0,0.0,1.0,0.0,0.0,60.0,0.0,0.0,1.0,0.9487179487179487,aeb0c6c47178e0fbc3b03f22ec03a32428c3f68a46cc119d98f3cccc60837041,,,
24969,418,Cheyenne Parker-Tyus,reb_ast,active_pmf_json,61,True,True,1.0,0.0,1.0,0.0,0.0,60.0,0.0,0.0,1.0,0.9487179487179487,aeb0c6c47178e0fbc3b03f22ec03a32428c3f68a46cc119d98f3cccc60837041,,,
24969,418,Cheyenne Parker-Tyus,pts_reb_ast,active_pmf_json,61,True,True,1.0,0.0,1.0,0.0,0.0,60.0,0.0,0.0,1.0,0.9487179487179487,aeb0c6c47178e0fbc3b03f22ec03a32428c3f68a46cc119d98f3cccc60837041,,,
24970,424,Rebecca Allen,stocks,active_pmf_json,61,True,True,1.0000000199999999,0.0,1.0000000199999999,1.999999987845058e-08,0.0,60.0,4.578738569999996,23.883882676891297,0.15932461,0.04790419161676647,075880caeaf32e61d39a2008ad0a959ebab91f5046bdd8fbb9b28ce951c7d64a,,,
24970,424,Rebecca Allen,pts_ast,active_pmf_json,61,True,True,1.0000000199999999,0.0,1.0000000199999999,1.999999987845058e-08,0.0,60.0,4.578738569999996,23.883882676891297,0.15932461,0.04790419161676647,075880caeaf32e61d39a2008ad0a959ebab91f5046bdd8fbb9b28ce951c7d64a,,,
24970,424,Rebecca Allen,pts_reb,active_pmf_json,61,True,True,1.0000000199999999,0.0,1.0000000199999999,1.999999987845058e-08,0.0,60.0,4.578738569999996,23.883882676891297,0.15932461,0.04790419161676647,075880caeaf32e61d39a2008ad0a959ebab91f5046bdd8fbb9b28ce951c7d64a,,,
24970,424,Rebecca Allen,reb_ast,active_pmf_json,61,True,True,1.0000000199999999,0.0,1.0000000199999999,1.999999987845058e-08,0.0,60.0,4.578738569999996,23.883882676891297,0.15932461,0.04790419161676647,075880caeaf32e61d39a2008ad0a959ebab91f5046bdd8fbb9b28ce951c7d64a,,,
24970,424,Rebecca Allen,pts_reb_ast,active_pmf_json,61,True,True,1.0000000199999999,0.0,1.0000000199999999,1.999999987845058e-08,0.0,60.0,4.578738569999996,23.883882676891297,0.15932461,0.04790419161676647,075880caeaf32e61d39a2008ad0a959ebab91f5046bdd8fbb9b28ce951c7d64a,,,
24969,437,Jewell Loyd,stocks,active_pmf_json,61,True,True,0.9999999800000001,0.0,0.9999999800000001,1.999999987845058e-08,0.0,60.0,11.747407450000003,82.10023243365285,0.02213663,0.023474178403755867,6979a871eb3f1fe6d287e44fd8112e04d0d490dd00e8f85849ba6282d1ad4c27,,,
24969,437,Jewell Loyd,pts_ast,active_pmf_json,61,True,True,0.9999999800000001,0.0,0.9999999800000001,1.999999987845058e-08,0.0,60.0,11.747407450000003,82.10023243365285,0.02213663,0.023474178403755867,6979a871eb3f1fe6d287e44fd8112e04d0d490dd00e8f85849ba6282d1ad4c27,,,
24969,437,Jewell Loyd,pts_reb,active_pmf_json,61,True,True,0.9999999800000001,0.0,0.9999999800000001,1.999999987845058e-08,0.0,60.0,11.747407450000003,82.10023243365285,0.02213663,0.023474178403755867,6979a871eb3f1fe6d287e44fd8112e04d0d490dd00e8f85849ba6282d1ad4c27,,,
24969,437,Jewell Loyd,reb_ast,active_pmf_json,61,True,True,0.9999999800000001,0.0,0.9999999800000001,1.999999987845058e-08,0.0,60.0,11.747407450000003,82.10023243365285,0.02213663,0.023474178403755867,6979a871eb3f1fe6d287e44fd8112e04d0d490dd00e8f85849ba6282d1ad4c27,,,
24969,437,Jewell Loyd,pts_reb_ast,active_pmf_json,61,True,True,0.9999999800000001,0.0,0.9999999800000001,1.999999987845058e-08,0.0,60.0,11.747407450000003,82.10023243365285,0.02213663,0.023474178403755867,6979a871eb3f1fe6d287e44fd8112e04d0d490dd00e8f85849ba6282d1ad4c27,,,
24970,448,Valeriane Ayayi,stocks,active_pmf_json,61,True,True,0.9999999900000001,0.0,0.9999999900000001,9.99999993922529e-09,0.0,60.0,7.145892630000001,53.80430261987386,0.10176604,0.21935483870967742,2dea42bbc38d32aa80b1e51dc55b057ac0054f4e9966ba1e27faaa52f88cc735,,,
24970,448,Valeriane Ayayi,pts_ast,active_pmf_json,61,True,True,0.9999999900000001,0.0,0.9999999900000001,9.99999993922529e-09,0.0,60.0,7.145892630000001,53.80430261987386,0.10176604,0.21935483870967742,2dea42bbc38d32aa80b1e51dc55b057ac0054f4e9966ba1e27faaa52f88cc735,,,
24970,448,Valeriane Ayayi,pts_reb,active_pmf_json,61,True,True,0.9999999900000001,0.0,0.9999999900000001,9.99999993922529e-09,0.0,60.0,7.145892630000001,53.80430261987386,0.10176604,0.21935483870967742,2dea42bbc38d32aa80b1e51dc55b057ac0054f4e9966ba1e27faaa52f88cc735,,,
24970,448,Valeriane Ayayi,reb_ast,active_pmf_json,61,True,True,0.9999999900000001,0.0,0.9999999900000001,9.99999993922529e-09,0.0,60.0,7.145892630000001,53.80430261987386,0.10176604,0.21935483870967742,2dea42bbc38d32aa80b1e51dc55b057ac0054f4e9966ba1e27faaa52f88cc735,,,
24970,448,Valeriane Ayayi,pts_reb_ast,active_pmf_json,61,True,True,0.9999999900000001,0.0,0.9999999900000001,9.99999993922529e-09,0.0,60.0,7.145892630000001,53.80430261987386,0.10176604,0.21935483870967742,2dea42bbc38d32aa80b1e51dc55b057ac0054f4e9966ba1e27faaa52f88cc735,,,
24970,462,Kahleah Copper,stocks,active_pmf_json,61,True,True,0.9999999999999998,0.0,0.9999999999999998,2.220446049250313e-16,0.0,60.0,16.923608499999993,127.38091359872777,0.00607929,0.12408759124087591,2a6497958965e570e46d49de0f5545eaf3af68341ab99cce9660a6009b6c9dd5,,,
24970,462,Kahleah Copper,pts_ast,active_pmf_json,61,True,True,0.9999999999999998,0.0,0.9999999999999998,2.220446049250313e-16,0.0,60.0,16.923608499999993,127.38091359872777,0.00607929,0.12408759124087591,2a6497958965e570e46d49de0f5545eaf3af68341ab99cce9660a6009b6c9dd5,,,
24970,462,Kahleah Copper,pts_reb,active_pmf_json,61,True,True,0.9999999999999998,0.0,0.9999999999999998,2.220446049250313e-16,0.0,60.0,16.923608499999993,127.38091359872777,0.00607929,0.12408759124087591,2a6497958965e570e46d49de0f5545eaf3af68341ab99cce9660a6009b6c9dd5,,,
24970,462,Kahleah Copper,reb_ast,active_pmf_json,61,True,True,0.9999999999999998,0.0,0.9999999999999998,2.220446049250313e-16,0.0,60.0,16.923608499999993,127.38091359872777,0.00607929,0.12408759124087591,2a6497958965e570e46d49de0f5545eaf3af68341ab99cce9660a6009b6c9dd5,,,
24970,462,Kahleah Copper,pts_reb_ast,active_pmf_json,61,True,True,0.9999999999999998,0.0,0.9999999999999998,2.220446049250313e-16,0.0,60.0,16.923608499999993,127.38091359872777,0.00607929,0.12408759124087591,2a6497958965e570e46d49de0f5545eaf3af68341ab99cce9660a6009b6c9dd5,,,
24970,465,Jonquel Jones,stocks,active_pmf_json,61,True,True,0.9999999799999997,0.0,0.9999999799999997,2.000000032253979e-08,0.0,60.0,13.724133440000005,105.165203154037,0.01657415,0.018421052631578946,df33437e00e493b9c5a949cec731f786ef7e2797c7749968b7e5512fcfa48758,,,
24970,465,Jonquel Jones,pts_ast,active_pmf_json,61,True,True,0.9999999799999997,0.0,0.9999999799999997,2.000000032253979e-08,0.0,60.0,13.724133440000005,105.165203154037,0.01657415,0.018421052631578946,df33437e00e493b9c5a949cec731f786ef7e2797c7749968b7e5512fcfa48758,,,
24970,465,Jonquel Jones,pts_reb,active_pmf_json,61,True,True,0.9999999799999997,0.0,0.9999999799999997,2.000000032253979e-08,0.0,60.0,13.724133440000005,105.165203154037,0.01657415,0.018421052631578946,df33437e00e493b9c5a949cec731f786ef7e2797c7749968b7e5512fcfa48758,,,
24970,465,Jonquel Jones,reb_ast,active_pmf_json,61,True,True,0.9999999799999997,0.0,0.9999999799999997,2.000000032253979e-08,0.0,60.0,13.724133440000005,105.165203154037,0.01657415,0.018421052631578946,df33437e00e493b9c5a949cec731f786ef7e2797c7749968b7e5512fcfa48758,,,
24970,465,Jonquel Jones,pts_reb_ast,active_pmf_json,61,True,True,0.9999999799999997,0.0,0.9999999799999997,2.000000032253979e-08,0.0,60.0,13.724133440000005,105.165203154037,0.01657415,0.018421052631578946,df33437e00e493b9c5a949cec731f786ef7e2797c7749968b7e5512fcfa48758,,,
24969,466,Rachel Banham,stocks,active_pmf_json,61,True,True,1.0000000100000002,0.0,1.0000000100000002,1.0000000161269895e-08,0.0,60.0,3.6368355699999997,27.863748719048512,0.30903791,0.12408759124087591,1980eaa6470cc2271ba8693cc1887d26d6bd7de47f4813df0c4abddd7afd3f85,,,
24969,466,Rachel Banham,pts_ast,active_pmf_json,61,True,True,1.0000000100000002,0.0,1.0000000100000002,1.0000000161269895e-08,0.0,60.0,3.6368355699999997,27.863748719048512,0.30903791,0.12408759124087591,1980eaa6470cc2271ba8693cc1887d26d6bd7de47f4813df0c4abddd7afd3f85,,,
24969,466,Rachel Banham,pts_reb,active_pmf_json,61,True,True,1.0000000100000002,0.0,1.0000000100000002,1.0000000161269895e-08,0.0,60.0,3.6368355699999997,27.863748719048512,0.30903791,0.12408759124087591,1980eaa6470cc2271ba8693cc1887d26d6bd7de47f4813df0c4abddd7afd3f85,,,
24969,466,Rachel Banham,reb_ast,active_pmf_json,61,True,True,1.0000000100000002,0.0,1.0000000100000002,1.0000000161269895e-08,0.0,60.0,3.6368355699999997,27.863748719048512,0.30903791,0.12408759124087591,1980eaa6470cc2271ba8693cc1887d26d6bd7de47f4813df0c4abddd7afd3f85,,,
24969,466,Rachel Banham,pts_reb_ast,active_pmf_json,61,True,True,1.0000000100000002,0.0,1.0000000100000002,1.0000000161269895e-08,0.0,60.0,3.6368355699999997,27.863748719048512,0.30903791,0.12408759124087591,1980eaa6470cc2271ba8693cc1887d26d6bd7de47f4813df0c4abddd7afd3f85,,,
24970,468,Breanna Stewart,stocks,active_pmf_json,61,True,True,0.9999999700000001,0.0,0.9999999700000001,2.9999999928698173e-08,0.0,60.0,20.388142539999997,158.23072869835167,0.00342647,0.02097902097902098,9dfa375e88921ca084f794cf2e3f31299a0a0cbd0a38245a91258c1a2eb1145b,,,
24970,468,Breanna Stewart,pts_ast,active_pmf_json,61,True,True,0.9999999700000001,0.0,0.9999999700000001,2.9999999928698173e-08,0.0,60.0,20.388142539999997,158.23072869835167,0.00342647,0.02097902097902098,9dfa375e88921ca084f794cf2e3f31299a0a0cbd0a38245a91258c1a2eb1145b,,,
24970,468,Breanna Stewart,pts_reb,active_pmf_json,61,True,True,0.9999999700000001,0.0,0.9999999700000001,2.9999999928698173e-08,0.0,60.0,20.388142539999997,158.23072869835167,0.00342647,0.02097902097902098,9dfa375e88921ca084f794cf2e3f31299a0a0cbd0a38245a91258c1a2eb1145b,,,
24970,468,Breanna Stewart,reb_ast,active_pmf_json,61,True,True,0.9999999700000001,0.0,0.9999999700000001,2.9999999928698173e-08,0.0,60.0,20.388142539999997,158.23072869835167,0.00342647,0.02097902097902098,9dfa375e88921ca084f794cf2e3f31299a0a0cbd0a38245a91258c1a2eb1145b,,,
24970,468,Breanna Stewart,pts_reb_ast,active_pmf_json,61,True,True,0.9999999700000001,0.0,0.9999999700000001,2.9999999928698173e-08,0.0,60.0,20.388142539999997,158.23072869835167,0.00342647,0.02097902097902098,9dfa375e88921ca084f794cf2e3f31299a0a0cbd0a38245a91258c1a2eb1145b,,,
24970,483,Sami Whitcomb,stocks,active_pmf_json,61,True,True,1.0000000200000003,0.0,1.0000000200000003,2.000000032253979e-08,0.0,60.0,2.13746948,9.778166153444046,0.39331987,0.41420118343195267,aa7e18b3f2d4762237fdd8d0164ee17189761d2274ac93b219f83e93bf25d1d5,,,
24970,483,Sami Whitcomb,pts_ast,active_pmf_json,61,True,True,1.0000000200000003,0.0,1.0000000200000003,2.000000032253979e-08,0.0,60.0,2.13746948,9.778166153444046,0.39331987,0.41420118343195267,aa7e18b3f2d4762237fdd8d0164ee17189761d2274ac93b219f83e93bf25d1d5,,,
24970,483,Sami Whitcomb,pts_reb,active_pmf_json,61,True,True,1.0000000200000003,0.0,1.0000000200000003,2.000000032253979e-08,0.0,60.0,2.13746948,9.778166153444046,0.39331987,0.41420118343195267,aa7e18b3f2d4762237fdd8d0164ee17189761d2274ac93b219f83e93bf25d1d5,,,
24970,483,Sami Whitcomb,reb_ast,active_pmf_json,61,True,True,1.0000000200000003,0.0,1.0000000200000003,2.000000032253979e-08,0.0,60.0,2.13746948,9.778166153444046,0.39331987,0.41420118343195267,aa7e18b3f2d4762237fdd8d0164ee17189761d2274ac93b219f83e93bf25d1d5,,,
24970,483,Sami Whitcomb,pts_reb_ast,active_pmf_json,61,True,True,1.0000000200000003,0.0,1.0000000200000003,2.000000032253979e-08,0.0,60.0,2.13746948,9.778166153444046,0.39331987,0.41420118343195267,aa7e18b3f2d4762237fdd8d0164ee17189761d2274ac93b219f83e93bf25d1d5,,,
24969,502,Stephanie Talbot,stocks,active_pmf_json,61,True,True,1.0000000600000003,0.0,1.0000000600000003,6.000000030148556e-08,0.0,60.0,5.482281890000002,54.0651453119029,0.23313183,0.02097902097902098,a93173c4e849c4f51ab00e185ed2a15e26aef5507a61c50f11740ccec7dbe6af,,,
24969,502,Stephanie Talbot,pts_ast,active_pmf_json,61,True,True,1.0000000600000003,0.0,1.0000000600000003,6.000000030148556e-08,0.0,60.0,5.482281890000002,54.0651453119029,0.23313183,0.02097902097902098,a93173c4e849c4f51ab00e185ed2a15e26aef5507a61c50f11740ccec7dbe6af,,,
24969,502,Stephanie Talbot,pts_reb,active_pmf_json,61,True,True,1.0000000600000003,0.0,1.0000000600000003,6.000000030148556e-08,0.0,60.0,5.482281890000002,54.0651453119029,0.23313183,0.02097902097902098,a93173c4e849c4f51ab00e185ed2a15e26aef5507a61c50f11740ccec7dbe6af,,,
24969,502,Stephanie Talbot,reb_ast,active_pmf_json,61,True,True,1.0000000600000003,0.0,1.0000000600000003,6.000000030148556e-08,0.0,60.0,5.482281890000002,54.0651453119029,0.23313183,0.02097902097902098,a93173c4e849c4f51ab00e185ed2a15e26aef5507a61c50f11740ccec7dbe6af,,,
24969,502,Stephanie Talbot,pts_reb_ast,active_pmf_json,61,True,True,1.0000000600000003,0.0,1.0000000600000003,6.000000030148556e-08,0.0,60.0,5.482281890000002,54.0651453119029,0.23313183,0.02097902097902098,a93173c4e849c4f51ab00e185ed2a15e26aef5507a61c50f11740ccec7dbe6af,,,
24969,525,Azura Stevens,stocks,active_pmf_json,61,True,True,1.0,0.0,1.0,0.0,0.0,60.0,0.0,0.0,1.0,0.9487179487179487,aeb0c6c47178e0fbc3b03f22ec03a32428c3f68a46cc119d98f3cccc60837041,,,
24969,525,Azura Stevens,pts_ast,active_pmf_json,61,True,True,1.0,0.0,1.0,0.0,0.0,60.0,0.0,0.0,1.0,0.9487179487179487,aeb0c6c47178e0fbc3b03f22ec03a32428c3f68a46cc119d98f3cccc60837041,,,
24969,525,Azura Stevens,pts_reb,active_pmf_json,61,True,True,1.0,0.0,1.0,0.0,0.0,60.0,0.0,0.0,1.0,0.9487179487179487,aeb0c6c47178e0fbc3b03f22ec03a32428c3f68a46cc119d98f3cccc60837041,,,
24969,525,Azura Stevens,reb_ast,active_pmf_json,61,True,True,1.0,0.0,1.0,0.0,0.0,60.0,0.0,0.0,1.0,0.9487179487179487,aeb0c6c47178e0fbc3b03f22ec03a32428c3f68a46cc119d98f3cccc60837041,,,
24969,525,Azura Stevens,pts_reb_ast,active_pmf_json,61,True,True,1.0,0.0,1.0,0.0,0.0,60.0,0.0,0.0,1.0,0.9487179487179487,aeb0c6c47178e0fbc3b03f22ec03a32428c3f68a46cc119d98f3cccc60837041,,,
24969,535,A'ja Wilson,stocks,active_pmf_json,61,True,True,0.99999999,0.0,0.99999999,1.0000000050247593e-08,0.0,60.0,27.94124634,212.6702583203041,0.00127291,0.018421052631578946,44d06b61ff09a7b8620f399c65e051bde85d56d6221c2ab5599708b588828dcc,,,
24969,535,A'ja Wilson,pts_ast,active_pmf_json,61,True,True,0.99999999,0.0,0.99999999,1.0000000050247593e-08,0.0,60.0,27.94124634,212.6702583203041,0.00127291,0.018421052631578946,44d06b61ff09a7b8620f399c65e051bde85d56d6221c2ab5599708b588828dcc,,,
24969,535,A'ja Wilson,pts_reb,active_pmf_json,61,True,True,0.99999999,0.0,0.99999999,1.0000000050247593e-08,0.0,60.0,27.94124634,212.6702583203041,0.00127291,0.018421052631578946,44d06b61ff09a7b8620f399c65e051bde85d56d6221c2ab5599708b588828dcc,,,
24969,535,A'ja Wilson,reb_ast,active_pmf_json,61,True,True,0.99999999,0.0,0.99999999,1.0000000050247593e-08,0.0,60.0,27.94124634,212.6702583203041,0.00127291,0.018421052631578946,44d06b61ff09a7b8620f399c65e051bde85d56d6221c2ab5599708b588828dcc,,,
24969,535,A'ja Wilson,pts_reb_ast,active_pmf_json,61,True,True,0.99999999,0.0,0.99999999,1.0000000050247593e-08,0.0,60.0,27.94124634,212.6702583203041,0.00127291,0.018421052631578946,44d06b61ff09a7b8620f399c65e051bde85d56d6221c2ab5599708b588828dcc,,,
24969,555,Brianna Turner,stocks,active_pmf_json,61,True,True,1.0000000100000004,0.0,1.0000000100000004,1.00000003833145e-08,0.0,60.0,4.942213100000002,27.090871678443087,0.14529036,0.018421052631578946,f4e603fce2a05dac2db99a950c1eff0ae0217b09724d8c524d6ede77f69ee395,,,
24969,555,Brianna Turner,pts_ast,active_pmf_json,61,True,True,1.0000000100000004,0.0,1.0000000100000004,1.00000003833145e-08,0.0,60.0,4.942213100000002,27.090871678443087,0.14529036,0.018421052631578946,f4e603fce2a05dac2db99a950c1eff0ae0217b09724d8c524d6ede77f69ee395,,,
24969,555,Brianna Turner,pts_reb,active_pmf_json,61,True,True,1.0000000100000004,0.0,1.0000000100000004,1.00000003833145e-08,0.0,60.0,4.942213100000002,27.090871678443087,0.14529036,0.018421052631578946,f4e603fce2a05dac2db99a950c1eff0ae0217b09724d8c524d6ede77f69ee395,,,
24969,555,Brianna Turner,reb_ast,active_pmf_json,61,True,True,1.0000000100000004,0.0,1.0000000100000004,1.00000003833145e-08,0.0,60.0,4.942213100000002,27.090871678443087,0.14529036,0.018421052631578946,f4e603fce2a05dac2db99a950c1eff0ae0217b09724d8c524d6ede77f69ee395,,,
24969,555,Brianna Turner,pts_reb_ast,active_pmf_json,61,True,True,1.0000000100000004,0.0,1.0000000100000004,1.00000003833145e-08,0.0,60.0,4.942213100000002,27.090871678443087,0.14529036,0.018421052631578946,f4e603fce2a05dac2db99a950c1eff0ae0217b09724d8c524d6ede77f69ee395,,,
24970,566,Han Xu,stocks,active_pmf_json,61,True,True,0.9999999500000003,0.0,0.9999999500000003,4.999999969612645e-08,0.0,60.0,6.719017380000002,73.78733328999822,0.20201144,0.02097902097902098,f44b5b182f351b328cae4b651716b4e1667bc506c99bfe4d1ef23b80f81a64ed,,,
24970,566,Han Xu,pts_ast,active_pmf_json,61,True,True,0.9999999500000003,0.0,0.9999999500000003,4.999999969612645e-08,0.0,60.0,6.719017380000002,73.78733328999822,0.20201144,0.02097902097902098,f44b5b182f351b328cae4b651716b4e1667bc506c99bfe4d1ef23b80f81a64ed,,,
24970,566,Han Xu,pts_reb,active_pmf_json,61,True,True,0.9999999500000003,0.0,0.9999999500000003,4.999999969612645e-08,0.0,60.0,6.719017380000002,73.78733328999822,0.20201144,0.02097902097902098,f44b5b182f351b328cae4b651716b4e1667bc506c99bfe4d1ef23b80f81a64ed,,,
24970,566,Han Xu,reb_ast,active_pmf_json,61,True,True,0.9999999500000003,0.0,0.9999999500000003,4.999999969612645e-08,0.0,60.0,6.719017380000002,73.78733328999822,0.20201144,0.02097902097902098,f44b5b182f351b328cae4b651716b4e1667bc506c99bfe4d1ef23b80f81a64ed,,,
24970,566,Han Xu,pts_reb_ast,active_pmf_json,61,True,True,0.9999999500000003,0.0,0.9999999500000003,4.999999969612645e-08,0.0,60.0,6.719017380000002,73.78733328999822,0.20201144,0.02097902097902098,f44b5b182f351b328cae4b651716b4e1667bc506c99bfe4d1ef23b80f81a64ed,,,
24969,570,Jackie Young,stocks,active_pmf_json,61,True,True,1.00000001,0.0,1.00000001,9.99999993922529e-09,0.0,60.0,24.62708741,194.5786720351539,0.0019851,0.018421052631578946,5e3d962ea67f64ed31334f54d9dc28904852b7b90cd162d5fcddf1f9eb04ee40,,,
24969,570,Jackie Young,pts_ast,active_pmf_json,61,True,True,1.00000001,0.0,1.00000001,9.99999993922529e-09,0.0,60.0,24.62708741,194.5786720351539,0.0019851,0.018421052631578946,5e3d962ea67f64ed31334f54d9dc28904852b7b90cd162d5fcddf1f9eb04ee40,,,
24969,570,Jackie Young,pts_reb,active_pmf_json,61,True,True,1.00000001,0.0,1.00000001,9.99999993922529e-09,0.0,60.0,24.62708741,194.5786720351539,0.0019851,0.018421052631578946,5e3d962ea67f64ed31334f54d9dc28904852b7b90cd162d5fcddf1f9eb04ee40,,,
24969,570,Jackie Young,reb_ast,active_pmf_json,61,True,True,1.00000001,0.0,1.00000001,9.99999993922529e-09,0.0,60.0,24.62708741,194.5786720351539,0.0019851,0.018421052631578946,5e3d962ea67f64ed31334f54d9dc28904852b7b90cd162d5fcddf1f9eb04ee40,,,
24969,570,Jackie Young,pts_reb_ast,active_pmf_json,61,True,True,1.00000001,0.0,1.00000001,9.99999993922529e-09,0.0,60.0,24.62708741,194.5786720351539,0.0019851,0.018421052631578946,5e3d962ea67f64ed31334f54d9dc28904852b7b90cd162d5fcddf1f9eb04ee40,,,
24970,582,Marine Johannes,stocks,active_pmf_json,61,True,True,1.0000000299999998,0.0,1.0000000299999998,2.999999981767587e-08,0.0,60.0,9.14059374,78.31053620678642,0.07531169,0.08163265306122448,e1467a87d79c03e91719392e40aebc59f952856959b440e745093f83592e0793,,,
24970,582,Marine Johannes,pts_ast,active_pmf_json,61,True,True,1.0000000299999998,0.0,1.0000000299999998,2.999999981767587e-08,0.0,60.0,9.14059374,78.31053620678642,0.07531169,0.08163265306122448,e1467a87d79c03e91719392e40aebc59f952856959b440e745093f83592e0793,,,
24970,582,Marine Johannes,pts_reb,active_pmf_json,61,True,True,1.0000000299999998,0.0,1.0000000299999998,2.999999981767587e-08,0.0,60.0,9.14059374,78.31053620678642,0.07531169,0.08163265306122448,e1467a87d79c03e91719392e40aebc59f952856959b440e745093f83592e0793,,,
24970,582,Marine Johannes,reb_ast,active_pmf_json,61,True,True,1.0000000299999998,0.0,1.0000000299999998,2.999999981767587e-08,0.0,60.0,9.14059374,78.31053620678642,0.07531169,0.08163265306122448,e1467a87d79c03e91719392e40aebc59f952856959b440e745093f83592e0793,,,
24970,582,Marine Johannes,pts_reb_ast,active_pmf_json,61,True,True,1.0000000299999998,0.0,1.0000000299999998,2.999999981767587e-08,0.0,60.0,9.14059374,78.31053620678642,0.07531169,0.08163265306122448,e1467a87d79c03e91719392e40aebc59f952856959b440e745093f83592e0793,,,
24970,591,Sabrina Ionescu,stocks,active_pmf_json,61,True,True,1.00000006,0.0,1.00000006,6.000000007944095e-08,0.0,60.0,15.361663890000004,104.02812681951306,0.00678841,0.023474178403755867,92dc2ac3aedbbfc9ec24c3f1c09907b9c7349896ae277988d53e9ab96978e941,,,
24970,591,Sabrina Ionescu,pts_ast,active_pmf_json,61,True,True,1.00000006,0.0,1.00000006,6.000000007944095e-08,0.0,60.0,15.361663890000004,104.02812681951306,0.00678841,0.023474178403755867,92dc2ac3aedbbfc9ec24c3f1c09907b9c7349896ae277988d53e9ab96978e941,,,
24970,591,Sabrina Ionescu,pts_reb,active_pmf_json,61,True,True,1.00000006,0.0,1.00000006,6.000000007944095e-08,0.0,60.0,15.361663890000004,104.02812681951306,0.00678841,0.023474178403755867,92dc2ac3aedbbfc9ec24c3f1c09907b9c7349896ae277988d53e9ab96978e941,,,
24970,591,Sabrina Ionescu,reb_ast,active_pmf_json,61,True,True,1.00000006,0.0,1.00000006,6.000000007944095e-08,0.0,60.0,15.361663890000004,104.02812681951306,0.00678841,0.023474178403755867,92dc2ac3aedbbfc9ec24c3f1c09907b9c7349896ae277988d53e9ab96978e941,,,
24970,591,Sabrina Ionescu,pts_reb_ast,active_pmf_json,61,True,True,1.00000006,0.0,1.00000006,6.000000007944095e-08,0.0,60.0,15.361663890000004,104.02812681951306,0.00678841,0.023474178403755867,92dc2ac3aedbbfc9ec24c3f1c09907b9c7349896ae277988d53e9ab96978e941,,,
24970,602,Satou Sabally,stocks,active_pmf_json,61,True,True,1.0,0.0,1.0,0.0,0.0,60.0,0.0,0.0,1.0,0.9487179487179487,aeb0c6c47178e0fbc3b03f22ec03a32428c3f68a46cc119d98f3cccc60837041,,,
24970,602,Satou Sabally,pts_ast,active_pmf_json,61,True,True,1.0,0.0,1.0,0.0,0.0,60.0,0.0,0.0,1.0,0.9487179487179487,aeb0c6c47178e0fbc3b03f22ec03a32428c3f68a46cc119d98f3cccc60837041,,,
24970,602,Satou Sabally,pts_reb,active_pmf_json,61,True,True,1.0,0.0,1.0,0.0,0.0,60.0,0.0,0.0,1.0,0.9487179487179487,aeb0c6c47178e0fbc3b03f22ec03a32428c3f68a46cc119d98f3cccc60837041,,,
24970,602,Satou Sabally,reb_ast,active_pmf_json,61,True,True,1.0,0.0,1.0,0.0,0.0,60.0,0.0,0.0,1.0,0.9487179487179487,aeb0c6c47178e0fbc3b03f22ec03a32428c3f68a46cc119d98f3cccc60837041,,,
24970,602,Satou Sabally,pts_reb_ast,active_pmf_json,61,True,True,1.0,0.0,1.0,0.0,0.0,60.0,0.0,0.0,1.0,0.9487179487179487,aeb0c6c47178e0fbc3b03f22ec03a32428c3f68a46cc119d98f3cccc60837041,,,
24969,605,Chennedy Carter,stocks,active_pmf_json,61,True,True,1.0000000500000001,0.0,1.0000000500000001,5.000000014021566e-08,0.0,60.0,12.846383969999998,140.83928459680612,0.05382223,0.08163265306122448,ae49a5929f4c82034337095bcddd29fb9b7e1f2396d5c926910267b4bd2d0596,,,
24969,605,Chennedy Carter,pts_ast,active_pmf_json,61,True,True,1.0000000500000001,0.0,1.0000000500000001,5.000000014021566e-08,0.0,60.0,12.846383969999998,140.83928459680612,0.05382223,0.08163265306122448,ae49a5929f4c82034337095bcddd29fb9b7e1f2396d5c926910267b4bd2d0596,,,
24969,605,Chennedy Carter,pts_reb,active_pmf_json,61,True,True,1.0000000500000001,0.0,1.0000000500000001,5.000000014021566e-08,0.0,60.0,12.846383969999998,140.83928459680612,0.05382223,0.08163265306122448,ae49a5929f4c82034337095bcddd29fb9b7e1f2396d5c926910267b4bd2d0596,,,
24969,605,Chennedy Carter,reb_ast,active_pmf_json,61,True,True,1.0000000500000001,0.0,1.0000000500000001,5.000000014021566e-08,0.0,60.0,12.846383969999998,140.83928459680612,0.05382223,0.08163265306122448,ae49a5929f4c82034337095bcddd29fb9b7e1f2396d5c926910267b4bd2d0596,,,
24969,605,Chennedy Carter,pts_reb_ast,active_pmf_json,61,True,True,1.0000000500000001,0.0,1.0000000500000001,5.000000014021566e-08,0.0,60.0,12.846383969999998,140.83928459680612,0.05382223,0.08163265306122448,ae49a5929f4c82034337095bcddd29fb9b7e1f2396d5c926910267b4bd2d0596,,,
24969,620,Dana Evans,stocks,active_pmf_json,61,True,True,0.9999999799999999,0.0,0.9999999799999999,2.0000000100495186e-08,0.0,60.0,5.092452420000001,45.2671804713747,0.23912487,0.04790419161676647,7bf800d61c5ecc95d368846888fc24191905b4c9dc2f94619019725421a23389,,,
24969,620,Dana Evans,pts_ast,active_pmf_json,61,True,True,0.9999999799999999,0.0,0.9999999799999999,2.0000000100495186e-08,0.0,60.0,5.092452420000001,45.2671804713747,0.23912487,0.04790419161676647,7bf800d61c5ecc95d368846888fc24191905b4c9dc2f94619019725421a23389,,,
24969,620,Dana Evans,pts_reb,active_pmf_json,61,True,True,0.9999999799999999,0.0,0.9999999799999999,2.0000000100495186e-08,0.0,60.0,5.092452420000001,45.2671804713747,0.23912487,0.04790419161676647,7bf800d61c5ecc95d368846888fc24191905b4c9dc2f94619019725421a23389,,,
24969,620,Dana Evans,reb_ast,active_pmf_json,61,True,True,0.9999999799999999,0.0,0.9999999799999999,2.0000000100495186e-08,0.0,60.0,5.092452420000001,45.2671804713747,0.23912487,0.04790419161676647,7bf800d61c5ecc95d368846888fc24191905b4c9dc2f94619019725421a23389,,,
24969,620,Dana Evans,pts_reb_ast,active_pmf_json,61,True,True,0.9999999799999999,0.0,0.9999999799999999,2.0000000100495186e-08,0.0,60.0,5.092452420000001,45.2671804713747,0.23912487,0.04790419161676647,7bf800d61c5ecc95d368846888fc24191905b4c9dc2f94619019725421a23389,,,
24970,631,Kiana Williams,stocks,active_pmf_json,61,True,True,0.9999999699999997,0.0,0.9999999699999997,3.000000026176508e-08,0.0,60.0,3.422831929999999,44.19317747749913,0.47858608,0.5416666666666666,8e13c5b26bb6926c6bcb4570e1da908e9a73f672696b5a1fb087d21656ebc5c0,,,
24970,631,Kiana Williams,pts_ast,active_pmf_json,61,True,True,0.9999999699999997,0.0,0.9999999699999997,3.000000026176508e-08,0.0,60.0,3.422831929999999,44.19317747749913,0.47858608,0.5416666666666666,8e13c5b26bb6926c6bcb4570e1da908e9a73f672696b5a1fb087d21656ebc5c0,,,
24970,631,Kiana Williams,pts_reb,active_pmf_json,61,True,True,0.9999999699999997,0.0,0.9999999699999997,3.000000026176508e-08,0.0,60.0,3.422831929999999,44.19317747749913,0.47858608,0.5416666666666666,8e13c5b26bb6926c6bcb4570e1da908e9a73f672696b5a1fb087d21656ebc5c0,,,
24970,631,Kiana Williams,reb_ast,active_pmf_json,61,True,True,0.9999999699999997,0.0,0.9999999699999997,3.000000026176508e-08,0.0,60.0,3.422831929999999,44.19317747749913,0.47858608,0.5416666666666666,8e13c5b26bb6926c6bcb4570e1da908e9a73f672696b5a1fb087d21656ebc5c0,,,
24970,631,Kiana Williams,pts_reb_ast,active_pmf_json,61,True,True,0.9999999699999997,0.0,0.9999999699999997,3.000000026176508e-08,0.0,60.0,3.422831929999999,44.19317747749913,0.47858608,0.5416666666666666,8e13c5b26bb6926c6bcb4570e1da908e9a73f672696b5a1fb087d21656ebc5c0,,,
24970,633,Natasha Mack,stocks,active_pmf_json,61,True,True,1.00000003,0.0,1.00000003,3.0000000039720476e-08,0.0,60.0,5.978872820000001,40.18042727467285,0.12734111,0.2714285714285714,8b158c73eedb8b2db6564d04d8b3222a5e8476ef5a3c515c78e8dbf60a6e991c,,,
24970,633,Natasha Mack,pts_ast,active_pmf_json,61,True,True,1.00000003,0.0,1.00000003,3.0000000039720476e-08,0.0,60.0,5.978872820000001,40.18042727467285,0.12734111,0.2714285714285714,8b158c73eedb8b2db6564d04d8b3222a5e8476ef5a3c515c78e8dbf60a6e991c,,,
24970,633,Natasha Mack,pts_reb,active_pmf_json,61,True,True,1.00000003,0.0,1.00000003,3.0000000039720476e-08,0.0,60.0,5.978872820000001,40.18042727467285,0.12734111,0.2714285714285714,8b158c73eedb8b2db6564d04d8b3222a5e8476ef5a3c515c78e8dbf60a6e991c,,,
24970,633,Natasha Mack,reb_ast,active_pmf_json,61,True,True,1.00000003,0.0,1.00000003,3.0000000039720476e-08,0.0,60.0,5.978872820000001,40.18042727467285,0.12734111,0.2714285714285714,8b158c73eedb8b2db6564d04d8b3222a5e8476ef5a3c515c78e8dbf60a6e991c,,,
24970,633,Natasha Mack,pts_reb_ast,active_pmf_json,61,True,True,1.00000003,0.0,1.00000003,3.0000000039720476e-08,0.0,60.0,5.978872820000001,40.18042727467285,0.12734111,0.2714285714285714,8b158c73eedb8b2db6564d04d8b3222a5e8476ef5a3c515c78e8dbf60a6e991c,,,
24969,636,Kierstan Bell,stocks,active_pmf_json,61,True,True,0.99999997,0.0,0.99999997,3.0000000039720476e-08,0.0,60.0,2.675995629999999,30.644607383392316,0.51751928,0.41420118343195267,cc70ebfc336a219ee6eb7756771cc6f6149ff4db00f7369176289097343e4582,,,
24969,636,Kierstan Bell,pts_ast,active_pmf_json,61,True,True,0.99999997,0.0,0.99999997,3.0000000039720476e-08,0.0,60.0,2.675995629999999,30.644607383392316,0.51751928,0.41420118343195267,cc70ebfc336a219ee6eb7756771cc6f6149ff4db00f7369176289097343e4582,,,
24969,636,Kierstan Bell,pts_reb,active_pmf_json,61,True,True,0.99999997,0.0,0.99999997,3.0000000039720476e-08,0.0,60.0,2.675995629999999,30.644607383392316,0.51751928,0.41420118343195267,cc70ebfc336a219ee6eb7756771cc6f6149ff4db00f7369176289097343e4582,,,
24969,636,Kierstan Bell,reb_ast,active_pmf_json,61,True,True,0.99999997,0.0,0.99999997,3.0000000039720476e-08,0.0,60.0,2.675995629999999,30.644607383392316,0.51751928,0.41420118343195267,cc70ebfc336a219ee6eb7756771cc6f6149ff4db00f7369176289097343e4582,,,
24969,636,Kierstan Bell,pts_reb_ast,active_pmf_json,61,True,True,0.99999997,0.0,0.99999997,3.0000000039720476e-08,0.0,60.0,2.675995629999999,30.644607383392316,0.51751928,0.41420118343195267,cc70ebfc336a219ee6eb7756771cc6f6149ff4db00f7369176289097343e4582,,,
24970,642,Anneli Maley,stocks,active_pmf_json,61,True,True,0.9999999900000001,0.0,0.9999999900000001,9.99999993922529e-09,0.0,60.0,0.24702279,0.5187110106104132,0.84320194,0.6219512195121951,c63180f04293b72d8073725f7ba10e061c54e2f1f50c649982848c5e5d53f6dd,,,
24970,642,Anneli Maley,pts_ast,active_pmf_json,61,True,True,0.9999999900000001,0.0,0.9999999900000001,9.99999993922529e-09,0.0,60.0,0.24702279,0.5187110106104132,0.84320194,0.6219512195121951,c63180f04293b72d8073725f7ba10e061c54e2f1f50c649982848c5e5d53f6dd,,,
24970,642,Anneli Maley,pts_reb,active_pmf_json,61,True,True,0.9999999900000001,0.0,0.9999999900000001,9.99999993922529e-09,0.0,60.0,0.24702279,0.5187110106104132,0.84320194,0.6219512195121951,c63180f04293b72d8073725f7ba10e061c54e2f1f50c649982848c5e5d53f6dd,,,
24970,642,Anneli Maley,reb_ast,active_pmf_json,61,True,True,0.9999999900000001,0.0,0.9999999900000001,9.99999993922529e-09,0.0,60.0,0.24702279,0.5187110106104132,0.84320194,0.6219512195121951,c63180f04293b72d8073725f7ba10e061c54e2f1f50c649982848c5e5d53f6dd,,,
24970,642,Anneli Maley,pts_reb_ast,active_pmf_json,61,True,True,0.9999999900000001,0.0,0.9999999900000001,9.99999993922529e-09,0.0,60.0,0.24702279,0.5187110106104132,0.84320194,0.6219512195121951,c63180f04293b72d8073725f7ba10e061c54e2f1f50c649982848c5e5d53f6dd,,,
24969,645,NaLyssa Smith,stocks,active_pmf_json,61,True,True,1.00000004,0.0,1.00000004,3.9999999978945766e-08,0.0,60.0,10.30126894,101.72915401043691,0.07100808,0.21935483870967742,92e739169d8bfde5ad3b520a0cb8d50996efa8bab3a297b5884e99b55602923d,,,
24969,645,NaLyssa Smith,pts_ast,active_pmf_json,61,True,True,1.00000004,0.0,1.00000004,3.9999999978945766e-08,0.0,60.0,10.30126894,101.72915401043691,0.07100808,0.21935483870967742,92e739169d8bfde5ad3b520a0cb8d50996efa8bab3a297b5884e99b55602923d,,,
24969,645,NaLyssa Smith,pts_reb,active_pmf_json,61,True,True,1.00000004,0.0,1.00000004,3.9999999978945766e-08,0.0,60.0,10.30126894,101.72915401043691,0.07100808,0.21935483870967742,92e739169d8bfde5ad3b520a0cb8d50996efa8bab3a297b5884e99b55602923d,,,
24969,645,NaLyssa Smith,reb_ast,active_pmf_json,61,True,True,1.00000004,0.0,1.00000004,3.9999999978945766e-08,0.0,60.0,10.30126894,101.72915401043691,0.07100808,0.21935483870967742,92e739169d8bfde5ad3b520a0cb8d50996efa8bab3a297b5884e99b55602923d,,,
24969,645,NaLyssa Smith,pts_reb_ast,active_pmf_json,61,True,True,1.00000004,0.0,1.00000004,3.9999999978945766e-08,0.0,60.0,10.30126894,101.72915401043691,0.07100808,0.21935483870967742,92e739169d8bfde5ad3b520a0cb8d50996efa8bab3a297b5884e99b55602923d,,,
24970,663,Rebekah Gardner,stocks,active_pmf_json,61,True,True,0.9999999799999997,0.0,0.9999999799999997,2.000000032253979e-08,0.0,60.0,6.88915504,50.261298265633464,0.10542378,0.02097902097902098,7444adf5f73f1cebd5da2a0b8b0acfc34a068bc1e917f14d5be12f978debaf5d,,,
24970,663,Rebekah Gardner,pts_ast,active_pmf_json,61,True,True,0.9999999799999997,0.0,0.9999999799999997,2.000000032253979e-08,0.0,60.0,6.88915504,50.261298265633464,0.10542378,0.02097902097902098,7444adf5f73f1cebd5da2a0b8b0acfc34a068bc1e917f14d5be12f978debaf5d,,,
24970,663,Rebekah Gardner,pts_reb,active_pmf_json,61,True,True,0.9999999799999997,0.0,0.9999999799999997,2.000000032253979e-08,0.0,60.0,6.88915504,50.261298265633464,0.10542378,0.02097902097902098,7444adf5f73f1cebd5da2a0b8b0acfc34a068bc1e917f14d5be12f978debaf5d,,,
24970,663,Rebekah Gardner,reb_ast,active_pmf_json,61,True,True,0.9999999799999997,0.0,0.9999999799999997,2.000000032253979e-08,0.0,60.0,6.88915504,50.261298265633464,0.10542378,0.02097902097902098,7444adf5f73f1cebd5da2a0b8b0acfc34a068bc1e917f14d5be12f978debaf5d,,,
24970,663,Rebekah Gardner,pts_reb_ast,active_pmf_json,61,True,True,0.9999999799999997,0.0,0.9999999799999997,2.000000032253979e-08,0.0,60.0,6.88915504,50.261298265633464,0.10542378,0.02097902097902098,7444adf5f73f1cebd5da2a0b8b0acfc34a068bc1e917f14d5be12f978debaf5d,,,
24970,712,Leonie Fiebich,stocks,active_pmf_json,61,True,True,1.0,0.0,1.0,0.0,0.0,60.0,0.0,0.0,1.0,0.9487179487179487,aeb0c6c47178e0fbc3b03f22ec03a32428c3f68a46cc119d98f3cccc60837041,,,
24970,712,Leonie Fiebich,pts_ast,active_pmf_json,61,True,True,1.0,0.0,1.0,0.0,0.0,60.0,0.0,0.0,1.0,0.9487179487179487,aeb0c6c47178e0fbc3b03f22ec03a32428c3f68a46cc119d98f3cccc60837041,,,
24970,712,Leonie Fiebich,pts_reb,active_pmf_json,61,True,True,1.0,0.0,1.0,0.0,0.0,60.0,0.0,0.0,1.0,0.9487179487179487,aeb0c6c47178e0fbc3b03f22ec03a32428c3f68a46cc119d98f3cccc60837041,,,
24970,712,Leonie Fiebich,reb_ast,active_pmf_json,61,True,True,1.0,0.0,1.0,0.0,0.0,60.0,0.0,0.0,1.0,0.9487179487179487,aeb0c6c47178e0fbc3b03f22ec03a32428c3f68a46cc119d98f3cccc60837041,,,
24970,712,Leonie Fiebich,pts_reb_ast,active_pmf_json,61,True,True,1.0,0.0,1.0,0.0,0.0,60.0,0.0,0.0,1.0,0.9487179487179487,aeb0c6c47178e0fbc3b03f22ec03a32428c3f68a46cc119d98f3cccc60837041,,,
24970,715,Julie Vanloo,stocks,active_pmf_json,61,True,True,1.0000000300000003,0.0,1.0000000300000003,3.000000026176508e-08,0.0,60.0,5.838644669999996,57.31395839017373,0.21911843,0.018421052631578946,64419133bed7410a4d47d35c178fb5ca230f78fe2cabf2e96153762888ca257d,,,
24970,715,Julie Vanloo,pts_ast,active_pmf_json,61,True,True,1.0000000300000003,0.0,1.0000000300000003,3.000000026176508e-08,0.0,60.0,5.838644669999996,57.31395839017373,0.21911843,0.018421052631578946,64419133bed7410a4d47d35c178fb5ca230f78fe2cabf2e96153762888ca257d,,,
24970,715,Julie Vanloo,pts_reb,active_pmf_json,61,True,True,1.0000000300000003,0.0,1.0000000300000003,3.000000026176508e-08,0.0,60.0,5.838644669999996,57.31395839017373,0.21911843,0.018421052631578946,64419133bed7410a4d47d35c178fb5ca230f78fe2cabf2e96153762888ca257d,,,
24970,715,Julie Vanloo,reb_ast,active_pmf_json,61,True,True,1.0000000300000003,0.0,1.0000000300000003,3.000000026176508e-08,0.0,60.0,5.838644669999996,57.31395839017373,0.21911843,0.018421052631578946,64419133bed7410a4d47d35c178fb5ca230f78fe2cabf2e96153762888ca257d,,,
24970,715,Julie Vanloo,pts_reb_ast,active_pmf_json,61,True,True,1.0000000300000003,0.0,1.0000000300000003,3.000000026176508e-08,0.0,60.0,5.838644669999996,57.31395839017373,0.21911843,0.018421052631578946,64419133bed7410a4d47d35c178fb5ca230f78fe2cabf2e96153762888ca257d,,,
24969,720,Rickea Jackson,stocks,active_pmf_json,61,True,True,1.0,0.0,1.0,0.0,0.0,60.0,0.0,0.0,1.0,0.9487179487179487,aeb0c6c47178e0fbc3b03f22ec03a32428c3f68a46cc119d98f3cccc60837041,,,
24969,720,Rickea Jackson,pts_ast,active_pmf_json,61,True,True,1.0,0.0,1.0,0.0,0.0,60.0,0.0,0.0,1.0,0.9487179487179487,aeb0c6c47178e0fbc3b03f22ec03a32428c3f68a46cc119d98f3cccc60837041,,,
24969,720,Rickea Jackson,pts_reb,active_pmf_json,61,True,True,1.0,0.0,1.0,0.0,0.0,60.0,0.0,0.0,1.0,0.9487179487179487,aeb0c6c47178e0fbc3b03f22ec03a32428c3f68a46cc119d98f3cccc60837041,,,
24969,720,Rickea Jackson,reb_ast,active_pmf_json,61,True,True,1.0,0.0,1.0,0.0,0.0,60.0,0.0,0.0,1.0,0.9487179487179487,aeb0c6c47178e0fbc3b03f22ec03a32428c3f68a46cc119d98f3cccc60837041,,,
24969,720,Rickea Jackson,pts_reb_ast,active_pmf_json,61,True,True,1.0,0.0,1.0,0.0,0.0,60.0,0.0,0.0,1.0,0.9487179487179487,aeb0c6c47178e0fbc3b03f22ec03a32428c3f68a46cc119d98f3cccc60837041,,,
24969,725,Jacy Sheldon,stocks,active_pmf_json,61,True,True,0.9999999800000003,0.0,0.9999999800000003,1.9999999656405976e-08,0.0,60.0,7.707521209999998,59.49882401928247,0.09164205,0.08163265306122448,49d3f47a8bc4e576086d3717207e531316136bf5d41e2c08c30c4871d187b703,,,
24969,725,Jacy Sheldon,pts_ast,active_pmf_json,61,True,True,0.9999999800000003,0.0,0.9999999800000003,1.9999999656405976e-08,0.0,60.0,7.707521209999998,59.49882401928247,0.09164205,0.08163265306122448,49d3f47a8bc4e576086d3717207e531316136bf5d41e2c08c30c4871d187b703,,,
24969,725,Jacy Sheldon,pts_reb,active_pmf_json,61,True,True,0.9999999800000003,0.0,0.9999999800000003,1.9999999656405976e-08,0.0,60.0,7.707521209999998,59.49882401928247,0.09164205,0.08163265306122448,49d3f47a8bc4e576086d3717207e531316136bf5d41e2c08c30c4871d187b703,,,
24969,725,Jacy Sheldon,reb_ast,active_pmf_json,61,True,True,0.9999999800000003,0.0,0.9999999800000003,1.9999999656405976e-08,0.0,60.0,7.707521209999998,59.49882401928247,0.09164205,0.08163265306122448,49d3f47a8bc4e576086d3717207e531316136bf5d41e2c08c30c4871d187b703,,,
24969,725,Jacy Sheldon,pts_reb_ast,active_pmf_json,61,True,True,0.9999999800000003,0.0,0.9999999800000003,1.9999999656405976e-08,0.0,60.0,7.707521209999998,59.49882401928247,0.09164205,0.08163265306122448,49d3f47a8bc4e576086d3717207e531316136bf5d41e2c08c30c4871d187b703,,,
24969,726,Kamilla Cardoso,stocks,active_pmf_json,61,True,True,1.00000001,0.0,1.00000001,9.99999993922529e-09,0.0,60.0,17.239034200000006,149.42616144307337,0.01082778,0.023474178403755867,d76f9d3e1877f4a9648739afd5b4a7ffd6749d16e316bb81e0dada241a29697b,,,
24969,726,Kamilla Cardoso,pts_ast,active_pmf_json,61,True,True,1.00000001,0.0,1.00000001,9.99999993922529e-09,0.0,60.0,17.239034200000006,149.42616144307337,0.01082778,0.023474178403755867,d76f9d3e1877f4a9648739afd5b4a7ffd6749d16e316bb81e0dada241a29697b,,,
24969,726,Kamilla Cardoso,pts_reb,active_pmf_json,61,True,True,1.00000001,0.0,1.00000001,9.99999993922529e-09,0.0,60.0,17.239034200000006,149.42616144307337,0.01082778,0.023474178403755867,d76f9d3e1877f4a9648739afd5b4a7ffd6749d16e316bb81e0dada241a29697b,,,
24969,726,Kamilla Cardoso,reb_ast,active_pmf_json,61,True,True,1.00000001,0.0,1.00000001,9.99999993922529e-09,0.0,60.0,17.239034200000006,149.42616144307337,0.01082778,0.023474178403755867,d76f9d3e1877f4a9648739afd5b4a7ffd6749d16e316bb81e0dada241a29697b,,,
24969,726,Kamilla Cardoso,pts_reb_ast,active_pmf_json,61,True,True,1.00000001,0.0,1.00000001,9.99999993922529e-09,0.0,60.0,17.239034200000006,149.42616144307337,0.01082778,0.023474178403755867,d76f9d3e1877f4a9648739afd5b4a7ffd6749d16e316bb81e0dada241a29697b,,,
24969,751,Maddy Westbeld,stocks,active_pmf_json,61,True,True,1.0000000000000002,0.0,1.0000000000000002,2.220446049250313e-16,0.0,60.0,1.12876341,6.657493194245172,0.64568335,0.34782608695652173,0edf4384c8aec5dcd2e40490f25bc190f03a58e766d6dea832299f9df3ac931d,,,
24969,751,Maddy Westbeld,pts_ast,active_pmf_json,61,True,True,1.0000000000000002,0.0,1.0000000000000002,2.220446049250313e-16,0.0,60.0,1.12876341,6.657493194245172,0.64568335,0.34782608695652173,0edf4384c8aec5dcd2e40490f25bc190f03a58e766d6dea832299f9df3ac931d,,,
24969,751,Maddy Westbeld,pts_reb,active_pmf_json,61,True,True,1.0000000000000002,0.0,1.0000000000000002,2.220446049250313e-16,0.0,60.0,1.12876341,6.657493194245172,0.64568335,0.34782608695652173,0edf4384c8aec5dcd2e40490f25bc190f03a58e766d6dea832299f9df3ac931d,,,
24969,751,Maddy Westbeld,reb_ast,active_pmf_json,61,True,True,1.0000000000000002,0.0,1.0000000000000002,2.220446049250313e-16,0.0,60.0,1.12876341,6.657493194245172,0.64568335,0.34782608695652173,0edf4384c8aec5dcd2e40490f25bc190f03a58e766d6dea832299f9df3ac931d,,,
24969,751,Maddy Westbeld,pts_reb_ast,active_pmf_json,61,True,True,1.0000000000000002,0.0,1.0000000000000002,2.220446049250313e-16,0.0,60.0,1.12876341,6.657493194245172,0.64568335,0.34782608695652173,0edf4384c8aec5dcd2e40490f25bc190f03a58e766d6dea832299f9df3ac931d,,,
24970,765,Monique Akoa Makani,stocks,active_pmf_json,61,True,True,1.0000000400000004,0.0,1.0000000400000004,4.0000000423034976e-08,0.0,60.0,8.076812460000003,64.30673385538475,0.0868518,0.08333333333333333,0fb138f6fc831ab4dcb8bf175ba152cc9885c57002a2beba51f455f971704c6f,,,
24970,765,Monique Akoa Makani,pts_ast,active_pmf_json,61,True,True,1.0000000400000004,0.0,1.0000000400000004,4.0000000423034976e-08,0.0,60.0,8.076812460000003,64.30673385538475,0.0868518,0.08333333333333333,0fb138f6fc831ab4dcb8bf175ba152cc9885c57002a2beba51f455f971704c6f,,,
24970,765,Monique Akoa Makani,pts_reb,active_pmf_json,61,True,True,1.0000000400000004,0.0,1.0000000400000004,4.0000000423034976e-08,0.0,60.0,8.076812460000003,64.30673385538475,0.0868518,0.08333333333333333,0fb138f6fc831ab4dcb8bf175ba152cc9885c57002a2beba51f455f971704c6f,,,
24970,765,Monique Akoa Makani,reb_ast,active_pmf_json,61,True,True,1.0000000400000004,0.0,1.0000000400000004,4.0000000423034976e-08,0.0,60.0,8.076812460000003,64.30673385538475,0.0868518,0.08333333333333333,0fb138f6fc831ab4dcb8bf175ba152cc9885c57002a2beba51f455f971704c6f,,,
24970,765,Monique Akoa Makani,pts_reb_ast,active_pmf_json,61,True,True,1.0000000400000004,0.0,1.0000000400000004,4.0000000423034976e-08,0.0,60.0,8.076812460000003,64.30673385538475,0.0868518,0.08333333333333333,0fb138f6fc831ab4dcb8bf175ba152cc9885c57002a2beba51f455f971704c6f,,,
24970,766,Lexi Held,stocks,active_pmf_json,61,True,True,0.9999999900000003,0.0,0.9999999900000003,9.999999717180685e-09,0.0,60.0,4.2024520999999995,32.66322945059956,0.26957601,0.11904761904761904,97ae8138b2c8572d28679a30c446040f019386eb8ece59ecdc0cab377f7c6007,,,
24970,766,Lexi Held,pts_ast,active_pmf_json,61,True,True,0.9999999900000003,0.0,0.9999999900000003,9.999999717180685e-09,0.0,60.0,4.2024520999999995,32.66322945059956,0.26957601,0.11904761904761904,97ae8138b2c8572d28679a30c446040f019386eb8ece59ecdc0cab377f7c6007,,,
24970,766,Lexi Held,pts_reb,active_pmf_json,61,True,True,0.9999999900000003,0.0,0.9999999900000003,9.999999717180685e-09,0.0,60.0,4.2024520999999995,32.66322945059956,0.26957601,0.11904761904761904,97ae8138b2c8572d28679a30c446040f019386eb8ece59ecdc0cab377f7c6007,,,
24970,766,Lexi Held,reb_ast,active_pmf_json,61,True,True,0.9999999900000003,0.0,0.9999999900000003,9.999999717180685e-09,0.0,60.0,4.2024520999999995,32.66322945059956,0.26957601,0.11904761904761904,97ae8138b2c8572d28679a30c446040f019386eb8ece59ecdc0cab377f7c6007,,,
24970,766,Lexi Held,pts_reb_ast,active_pmf_json,61,True,True,0.9999999900000003,0.0,0.9999999900000003,9.999999717180685e-09,0.0,60.0,4.2024520999999995,32.66322945059956,0.26957601,0.11904761904761904,97ae8138b2c8572d28679a30c446040f019386eb8ece59ecdc0cab377f7c6007,,,
24969,774,Chloe Bibby,stocks,active_pmf_json,61,True,True,1.0000000099999997,0.0,1.0000000099999997,9.999999717180685e-09,0.0,60.0,6.162950319999999,68.32182713303145,0.22422678,0.3194444444444444,d115a07c8b36d5613b9142b0ba9da6afe15821cec4be96edd226e6b36c2e5706,,,
24969,774,Chloe Bibby,pts_ast,active_pmf_json,61,True,True,1.0000000099999997,0.0,1.0000000099999997,9.999999717180685e-09,0.0,60.0,6.162950319999999,68.32182713303145,0.22422678,0.3194444444444444,d115a07c8b36d5613b9142b0ba9da6afe15821cec4be96edd226e6b36c2e5706,,,
24969,774,Chloe Bibby,pts_reb,active_pmf_json,61,True,True,1.0000000099999997,0.0,1.0000000099999997,9.999999717180685e-09,0.0,60.0,6.162950319999999,68.32182713303145,0.22422678,0.3194444444444444,d115a07c8b36d5613b9142b0ba9da6afe15821cec4be96edd226e6b36c2e5706,,,
24969,774,Chloe Bibby,reb_ast,active_pmf_json,61,True,True,1.0000000099999997,0.0,1.0000000099999997,9.999999717180685e-09,0.0,60.0,6.162950319999999,68.32182713303145,0.22422678,0.3194444444444444,d115a07c8b36d5613b9142b0ba9da6afe15821cec4be96edd226e6b36c2e5706,,,
24969,774,Chloe Bibby,pts_reb_ast,active_pmf_json,61,True,True,1.0000000099999997,0.0,1.0000000099999997,9.999999717180685e-09,0.0,60.0,6.162950319999999,68.32182713303145,0.22422678,0.3194444444444444,d115a07c8b36d5613b9142b0ba9da6afe15821cec4be96edd226e6b36c2e5706,,,
24970,66925,Pauline Astier,stocks,active_pmf_json,61,True,True,1.0000000099999997,0.0,1.0000000099999997,9.999999717180685e-09,0.0,60.0,10.373500890000003,97.3165241712644,0.06561288,0.02097902097902098,7927e655b913d735f9448b75574b90ac600a1558cb2375c81e7922b997c99842,,,
24970,66925,Pauline Astier,pts_ast,active_pmf_json,61,True,True,1.0000000099999997,0.0,1.0000000099999997,9.999999717180685e-09,0.0,60.0,10.373500890000003,97.3165241712644,0.06561288,0.02097902097902098,7927e655b913d735f9448b75574b90ac600a1558cb2375c81e7922b997c99842,,,
24970,66925,Pauline Astier,pts_reb,active_pmf_json,61,True,True,1.0000000099999997,0.0,1.0000000099999997,9.999999717180685e-09,0.0,60.0,10.373500890000003,97.3165241712644,0.06561288,0.02097902097902098,7927e655b913d735f9448b75574b90ac600a1558cb2375c81e7922b997c99842,,,
24970,66925,Pauline Astier,reb_ast,active_pmf_json,61,True,True,1.0000000099999997,0.0,1.0000000099999997,9.999999717180685e-09,0.0,60.0,10.373500890000003,97.3165241712644,0.06561288,0.02097902097902098,7927e655b913d735f9448b75574b90ac600a1558cb2375c81e7922b997c99842,,,
24970,66925,Pauline Astier,pts_reb_ast,active_pmf_json,61,True,True,1.0000000099999997,0.0,1.0000000099999997,9.999999717180685e-09,0.0,60.0,10.373500890000003,97.3165241712644,0.06561288,0.02097902097902098,7927e655b913d735f9448b75574b90ac600a1558cb2375c81e7922b997c99842,,,
24970,66926,Raquel Carrera,stocks,active_pmf_json,61,True,True,0.9999999600000001,0.0,0.9999999600000001,3.9999999867923464e-08,0.0,60.0,0.4617110299999999,1.8755293462492562,0.78935687,0.3194444444444444,1eaad1eaa3e0d3db861bbd6eccdfff674410cfbb27ad58cb58c1eb93248ae062,,,
24970,66926,Raquel Carrera,pts_ast,active_pmf_json,61,True,True,0.9999999600000001,0.0,0.9999999600000001,3.9999999867923464e-08,0.0,60.0,0.4617110299999999,1.8755293462492562,0.78935687,0.3194444444444444,1eaad1eaa3e0d3db861bbd6eccdfff674410cfbb27ad58cb58c1eb93248ae062,,,
24970,66926,Raquel Carrera,pts_reb,active_pmf_json,61,True,True,0.9999999600000001,0.0,0.9999999600000001,3.9999999867923464e-08,0.0,60.0,0.4617110299999999,1.8755293462492562,0.78935687,0.3194444444444444,1eaad1eaa3e0d3db861bbd6eccdfff674410cfbb27ad58cb58c1eb93248ae062,,,
24970,66926,Raquel Carrera,reb_ast,active_pmf_json,61,True,True,0.9999999600000001,0.0,0.9999999600000001,3.9999999867923464e-08,0.0,60.0,0.4617110299999999,1.8755293462492562,0.78935687,0.3194444444444444,1eaad1eaa3e0d3db861bbd6eccdfff674410cfbb27ad58cb58c1eb93248ae062,,,
24970,66926,Raquel Carrera,pts_reb_ast,active_pmf_json,61,True,True,0.9999999600000001,0.0,0.9999999600000001,3.9999999867923464e-08,0.0,60.0,0.4617110299999999,1.8755293462492562,0.78935687,0.3194444444444444,1eaad1eaa3e0d3db861bbd6eccdfff674410cfbb27ad58cb58c1eb93248ae062,,,
24969,66973,Justine Pissott,stocks,active_pmf_json,61,True,True,0.9999999899999997,0.0,0.9999999899999997,1.0000000272292198e-08,0.0,60.0,5.0672618999999965,48.64778450003694,0.24673406,0.08333333333333333,93cdf3d5b86d041b57dab53d456247cf56c3a1b5124a155d8fdcc96cd9d37604,,,
24969,66973,Justine Pissott,pts_ast,active_pmf_json,61,True,True,0.9999999899999997,0.0,0.9999999899999997,1.0000000272292198e-08,0.0,60.0,5.0672618999999965,48.64778450003694,0.24673406,0.08333333333333333,93cdf3d5b86d041b57dab53d456247cf56c3a1b5124a155d8fdcc96cd9d37604,,,
24969,66973,Justine Pissott,pts_reb,active_pmf_json,61,True,True,0.9999999899999997,0.0,0.9999999899999997,1.0000000272292198e-08,0.0,60.0,5.0672618999999965,48.64778450003694,0.24673406,0.08333333333333333,93cdf3d5b86d041b57dab53d456247cf56c3a1b5124a155d8fdcc96cd9d37604,,,
24969,66973,Justine Pissott,reb_ast,active_pmf_json,61,True,True,0.9999999899999997,0.0,0.9999999899999997,1.0000000272292198e-08,0.0,60.0,5.0672618999999965,48.64778450003694,0.24673406,0.08333333333333333,93cdf3d5b86d041b57dab53d456247cf56c3a1b5124a155d8fdcc96cd9d37604,,,
24969,66973,Justine Pissott,pts_reb_ast,active_pmf_json,61,True,True,0.9999999899999997,0.0,0.9999999899999997,1.0000000272292198e-08,0.0,60.0,5.0672618999999965,48.64778450003694,0.24673406,0.08333333333333333,93cdf3d5b86d041b57dab53d456247cf56c3a1b5124a155d8fdcc96cd9d37604,,,
24969,67023,Aicha Coulibaly,stocks,active_pmf_json,61,True,True,1.00000004,0.0,1.00000004,3.9999999978945766e-08,0.0,60.0,5.22252829,50.729848521141776,0.24498646,0.12408759124087591,7021a50e1fc18f84b553f42abae9cff09c5a7372fc7ad520988bed0dd2437274,,,
24969,67023,Aicha Coulibaly,pts_ast,active_pmf_json,61,True,True,1.00000004,0.0,1.00000004,3.9999999978945766e-08,0.0,60.0,5.22252829,50.729848521141776,0.24498646,0.12408759124087591,7021a50e1fc18f84b553f42abae9cff09c5a7372fc7ad520988bed0dd2437274,,,
24969,67023,Aicha Coulibaly,pts_reb,active_pmf_json,61,True,True,1.00000004,0.0,1.00000004,3.9999999978945766e-08,0.0,60.0,5.22252829,50.729848521141776,0.24498646,0.12408759124087591,7021a50e1fc18f84b553f42abae9cff09c5a7372fc7ad520988bed0dd2437274,,,
24969,67023,Aicha Coulibaly,reb_ast,active_pmf_json,61,True,True,1.00000004,0.0,1.00000004,3.9999999978945766e-08,0.0,60.0,5.22252829,50.729848521141776,0.24498646,0.12408759124087591,7021a50e1fc18f84b553f42abae9cff09c5a7372fc7ad520988bed0dd2437274,,,
24969,67023,Aicha Coulibaly,pts_reb_ast,active_pmf_json,61,True,True,1.00000004,0.0,1.00000004,3.9999999978945766e-08,0.0,60.0,5.22252829,50.729848521141776,0.24498646,0.12408759124087591,7021a50e1fc18f84b553f42abae9cff09c5a7372fc7ad520988bed0dd2437274,,,
24969,67027,Gabriela Jaquez,stocks,active_pmf_json,61,True,True,1.00000001,0.0,1.00000001,9.99999993922529e-09,0.0,60.0,8.670670230000004,74.03142060439697,0.08145291,0.04790419161676647,77676a6ae22ff0fb85824066e5a79073da158e3a0821de3eb88b8f85b4d40418,,,
24969,67027,Gabriela Jaquez,pts_ast,active_pmf_json,61,True,True,1.00000001,0.0,1.00000001,9.99999993922529e-09,0.0,60.0,8.670670230000004,74.03142060439697,0.08145291,0.04790419161676647,77676a6ae22ff0fb85824066e5a79073da158e3a0821de3eb88b8f85b4d40418,,,
24969,67027,Gabriela Jaquez,pts_reb,active_pmf_json,61,True,True,1.00000001,0.0,1.00000001,9.99999993922529e-09,0.0,60.0,8.670670230000004,74.03142060439697,0.08145291,0.04790419161676647,77676a6ae22ff0fb85824066e5a79073da158e3a0821de3eb88b8f85b4d40418,,,
24969,67027,Gabriela Jaquez,reb_ast,active_pmf_json,61,True,True,1.00000001,0.0,1.00000001,9.99999993922529e-09,0.0,60.0,8.670670230000004,74.03142060439697,0.08145291,0.04790419161676647,77676a6ae22ff0fb85824066e5a79073da158e3a0821de3eb88b8f85b4d40418,,,
24969,67027,Gabriela Jaquez,pts_reb_ast,active_pmf_json,61,True,True,1.00000001,0.0,1.00000001,9.99999993922529e-09,0.0,60.0,8.670670230000004,74.03142060439697,0.08145291,0.04790419161676647,77676a6ae22ff0fb85824066e5a79073da158e3a0821de3eb88b8f85b4d40418,,,
24969,67033,Sydney Taylor,stocks,active_pmf_json,61,True,True,1.00000002,0.0,1.00000002,2.0000000100495186e-08,0.0,60.0,18.36034932,163.41349848962403,0.00964501,0.04790419161676647,4f557d17f08eb28ce6e4e63d7f13ef1ed4101690785ec87c974db3e1f944a0e3,,,
24969,67033,Sydney Taylor,pts_ast,active_pmf_json,61,True,True,1.00000002,0.0,1.00000002,2.0000000100495186e-08,0.0,60.0,18.36034932,163.41349848962403,0.00964501,0.04790419161676647,4f557d17f08eb28ce6e4e63d7f13ef1ed4101690785ec87c974db3e1f944a0e3,,,
24969,67033,Sydney Taylor,pts_reb,active_pmf_json,61,True,True,1.00000002,0.0,1.00000002,2.0000000100495186e-08,0.0,60.0,18.36034932,163.41349848962403,0.00964501,0.04790419161676647,4f557d17f08eb28ce6e4e63d7f13ef1ed4101690785ec87c974db3e1f944a0e3,,,
24969,67033,Sydney Taylor,reb_ast,active_pmf_json,61,True,True,1.00000002,0.0,1.00000002,2.0000000100495186e-08,0.0,60.0,18.36034932,163.41349848962403,0.00964501,0.04790419161676647,4f557d17f08eb28ce6e4e63d7f13ef1ed4101690785ec87c974db3e1f944a0e3,,,
24969,67033,Sydney Taylor,pts_reb_ast,active_pmf_json,61,True,True,1.00000002,0.0,1.00000002,2.0000000100495186e-08,0.0,60.0,18.36034932,163.41349848962403,0.00964501,0.04790419161676647,4f557d17f08eb28ce6e4e63d7f13ef1ed4101690785ec87c974db3e1f944a0e3,,,
24970,67044,Aubrey Griffin,stocks,active_pmf_json,61,True,True,0.9999999999999999,0.0,0.9999999999999999,1.1102230246251565e-16,0.0,60.0,0.027216650000000002,0.031245563962777504,0.97488519,0.2714285714285714,8c338e90b0ff8270561fe410e4456d2b0496a76779311075ece2c6fe6ff7db05,,,
24970,67044,Aubrey Griffin,pts_ast,active_pmf_json,61,True,True,0.9999999999999999,0.0,0.9999999999999999,1.1102230246251565e-16,0.0,60.0,0.027216650000000002,0.031245563962777504,0.97488519,0.2714285714285714,8c338e90b0ff8270561fe410e4456d2b0496a76779311075ece2c6fe6ff7db05,,,
24970,67044,Aubrey Griffin,pts_reb,active_pmf_json,61,True,True,0.9999999999999999,0.0,0.9999999999999999,1.1102230246251565e-16,0.0,60.0,0.027216650000000002,0.031245563962777504,0.97488519,0.2714285714285714,8c338e90b0ff8270561fe410e4456d2b0496a76779311075ece2c6fe6ff7db05,,,
24970,67044,Aubrey Griffin,reb_ast,active_pmf_json,61,True,True,0.9999999999999999,0.0,0.9999999999999999,1.1102230246251565e-16,0.0,60.0,0.027216650000000002,0.031245563962777504,0.97488519,0.2714285714285714,8c338e90b0ff8270561fe410e4456d2b0496a76779311075ece2c6fe6ff7db05,,,
24970,67044,Aubrey Griffin,pts_reb_ast,active_pmf_json,61,True,True,0.9999999999999999,0.0,0.9999999999999999,1.1102230246251565e-16,0.0,60.0,0.027216650000000002,0.031245563962777504,0.97488519,0.2714285714285714,8c338e90b0ff8270561fe410e4456d2b0496a76779311075ece2c6fe6ff7db05,,,
24969,67061,Janiah Barker,stocks,active_pmf_json,61,True,True,1.0,0.0,1.0,0.0,0.0,60.0,0.0,0.0,1.0,0.9487179487179487,aeb0c6c47178e0fbc3b03f22ec03a32428c3f68a46cc119d98f3cccc60837041,,,
24969,67061,Janiah Barker,pts_ast,active_pmf_json,61,True,True,1.0,0.0,1.0,0.0,0.0,60.0,0.0,0.0,1.0,0.9487179487179487,aeb0c6c47178e0fbc3b03f22ec03a32428c3f68a46cc119d98f3cccc60837041,,,
24969,67061,Janiah Barker,pts_reb,active_pmf_json,61,True,True,1.0,0.0,1.0,0.0,0.0,60.0,0.0,0.0,1.0,0.9487179487179487,aeb0c6c47178e0fbc3b03f22ec03a32428c3f68a46cc119d98f3cccc60837041,,,
24969,67061,Janiah Barker,reb_ast,active_pmf_json,61,True,True,1.0,0.0,1.0,0.0,0.0,60.0,0.0,0.0,1.0,0.9487179487179487,aeb0c6c47178e0fbc3b03f22ec03a32428c3f68a46cc119d98f3cccc60837041,,,
24969,67061,Janiah Barker,pts_reb_ast,active_pmf_json,61,True,True,1.0,0.0,1.0,0.0,0.0,60.0,0.0,0.0,1.0,0.9487179487179487,aeb0c6c47178e0fbc3b03f22ec03a32428c3f68a46cc119d98f3cccc60837041,,,
24970,67092,Noemie Brochant,stocks,active_pmf_json,61,True,True,0.9999999999999998,0.0,0.9999999999999998,2.220446049250313e-16,0.0,60.0,3.5161166999999995,14.48955291198111,0.19717723,0.04790419161676647,4803e3ae4edcfec4efe9f3beea42ff95bf8ac390e60df47b157d19147e15661e,,,
24970,67092,Noemie Brochant,pts_ast,active_pmf_json,61,True,True,0.9999999999999998,0.0,0.9999999999999998,2.220446049250313e-16,0.0,60.0,3.5161166999999995,14.48955291198111,0.19717723,0.04790419161676647,4803e3ae4edcfec4efe9f3beea42ff95bf8ac390e60df47b157d19147e15661e,,,
24970,67092,Noemie Brochant,pts_reb,active_pmf_json,61,True,True,0.9999999999999998,0.0,0.9999999999999998,2.220446049250313e-16,0.0,60.0,3.5161166999999995,14.48955291198111,0.19717723,0.04790419161676647,4803e3ae4edcfec4efe9f3beea42ff95bf8ac390e60df47b157d19147e15661e,,,
24970,67092,Noemie Brochant,reb_ast,active_pmf_json,61,True,True,0.9999999999999998,0.0,0.9999999999999998,2.220446049250313e-16,0.0,60.0,3.5161166999999995,14.48955291198111,0.19717723,0.04790419161676647,4803e3ae4edcfec4efe9f3beea42ff95bf8ac390e60df47b157d19147e15661e,,,
24970,67092,Noemie Brochant,pts_reb_ast,active_pmf_json,61,True,True,0.9999999999999998,0.0,0.9999999999999998,2.220446049250313e-16,0.0,60.0,3.5161166999999995,14.48955291198111,0.19717723,0.04790419161676647,4803e3ae4edcfec4efe9f3beea42ff95bf8ac390e60df47b157d19147e15661e,,,
24970,67094,Shay Ciezki,stocks,active_pmf_json,61,True,True,0.9999999899999998,0.0,0.9999999899999998,1.0000000161269895e-08,0.0,60.0,0.02282733,0.026308462999860224,0.97892435,0.7083333333333333,7c1a3e9f0b82e61748175a58ef0abc590d57d73c07aee737eb01c2b3b41214a3,,,
24970,67094,Shay Ciezki,pts_ast,active_pmf_json,61,True,True,0.9999999899999998,0.0,0.9999999899999998,1.0000000161269895e-08,0.0,60.0,0.02282733,0.026308462999860224,0.97892435,0.7083333333333333,7c1a3e9f0b82e61748175a58ef0abc590d57d73c07aee737eb01c2b3b41214a3,,,
24970,67094,Shay Ciezki,pts_reb,active_pmf_json,61,True,True,0.9999999899999998,0.0,0.9999999899999998,1.0000000161269895e-08,0.0,60.0,0.02282733,0.026308462999860224,0.97892435,0.7083333333333333,7c1a3e9f0b82e61748175a58ef0abc590d57d73c07aee737eb01c2b3b41214a3,,,
24970,67094,Shay Ciezki,reb_ast,active_pmf_json,61,True,True,0.9999999899999998,0.0,0.9999999899999998,1.0000000161269895e-08,0.0,60.0,0.02282733,0.026308462999860224,0.97892435,0.7083333333333333,7c1a3e9f0b82e61748175a58ef0abc590d57d73c07aee737eb01c2b3b41214a3,,,
24970,67094,Shay Ciezki,pts_reb_ast,active_pmf_json,61,True,True,0.9999999899999998,0.0,0.9999999899999998,1.0000000161269895e-08,0.0,60.0,0.02282733,0.026308462999860224,0.97892435,0.7083333333333333,7c1a3e9f0b82e61748175a58ef0abc590d57d73c07aee737eb01c2b3b41214a3,,,
24969,67135,Ta'Niya Latson,stocks,active_pmf_json,61,True,True,1.0000000199999999,0.0,1.0000000199999999,1.999999987845058e-08,0.0,60.0,3.71473211,54.99293511691962,0.47692697,0.21935483870967742,117d1ffa25904fbadda0e1c9906c84396550e60048df63dcd7acf8d5c1ef0477,,,
24969,67135,Ta'Niya Latson,pts_ast,active_pmf_json,61,True,True,1.0000000199999999,0.0,1.0000000199999999,1.999999987845058e-08,0.0,60.0,3.71473211,54.99293511691962,0.47692697,0.21935483870967742,117d1ffa25904fbadda0e1c9906c84396550e60048df63dcd7acf8d5c1ef0477,,,
24969,67135,Ta'Niya Latson,pts_reb,active_pmf_json,61,True,True,1.0000000199999999,0.0,1.0000000199999999,1.999999987845058e-08,0.0,60.0,3.71473211,54.99293511691962,0.47692697,0.21935483870967742,117d1ffa25904fbadda0e1c9906c84396550e60048df63dcd7acf8d5c1ef0477,,,
24969,67135,Ta'Niya Latson,reb_ast,active_pmf_json,61,True,True,1.0000000199999999,0.0,1.0000000199999999,1.999999987845058e-08,0.0,60.0,3.71473211,54.99293511691962,0.47692697,0.21935483870967742,117d1ffa25904fbadda0e1c9906c84396550e60048df63dcd7acf8d5c1ef0477,,,
24969,67135,Ta'Niya Latson,pts_reb_ast,active_pmf_json,61,True,True,1.0000000199999999,0.0,1.0000000199999999,1.999999987845058e-08,0.0,60.0,3.71473211,54.99293511691962,0.47692697,0.21935483870967742,117d1ffa25904fbadda0e1c9906c84396550e60048df63dcd7acf8d5c1ef0477,,,
24970,67157,Marta Suarez,stocks,active_pmf_json,61,True,True,0.9999999799999997,0.0,0.9999999799999997,2.000000032253979e-08,0.0,60.0,3.4653207399999983,26.82506794875689,0.32075661,0.6219512195121951,cea9fe5c746a95dda5afd2b575fe2ede3526ac9ae9eb142bb116a63e802e72d0,,,
24970,67157,Marta Suarez,pts_ast,active_pmf_json,61,True,True,0.9999999799999997,0.0,0.9999999799999997,2.000000032253979e-08,0.0,60.0,3.4653207399999983,26.82506794875689,0.32075661,0.6219512195121951,cea9fe5c746a95dda5afd2b575fe2ede3526ac9ae9eb142bb116a63e802e72d0,,,
24970,67157,Marta Suarez,pts_reb,active_pmf_json,61,True,True,0.9999999799999997,0.0,0.9999999799999997,2.000000032253979e-08,0.0,60.0,3.4653207399999983,26.82506794875689,0.32075661,0.6219512195121951,cea9fe5c746a95dda5afd2b575fe2ede3526ac9ae9eb142bb116a63e802e72d0,,,
24970,67157,Marta Suarez,reb_ast,active_pmf_json,61,True,True,0.9999999799999997,0.0,0.9999999799999997,2.000000032253979e-08,0.0,60.0,3.4653207399999983,26.82506794875689,0.32075661,0.6219512195121951,cea9fe5c746a95dda5afd2b575fe2ede3526ac9ae9eb142bb116a63e802e72d0,,,
24970,67157,Marta Suarez,pts_reb_ast,active_pmf_json,61,True,True,0.9999999799999997,0.0,0.9999999799999997,2.000000032253979e-08,0.0,60.0,3.4653207399999983,26.82506794875689,0.32075661,0.6219512195121951,cea9fe5c746a95dda5afd2b575fe2ede3526ac9ae9eb142bb116a63e802e72d0,,,
24970,74551,Marine Fauthoux,stocks,active_pmf_json,61,True,True,0.9999999799999997,0.0,0.9999999799999997,2.000000032253979e-08,0.0,60.0,6.9787141,77.63786147641218,0.19569294,0.02097902097902098,fd4dbafaf407ba1a7a20ecb33eb5e8264e53f6407bc057b5b9dfc9727d4432ef,,,
24970,74551,Marine Fauthoux,pts_ast,active_pmf_json,61,True,True,0.9999999799999997,0.0,0.9999999799999997,2.000000032253979e-08,0.0,60.0,6.9787141,77.63786147641218,0.19569294,0.02097902097902098,fd4dbafaf407ba1a7a20ecb33eb5e8264e53f6407bc057b5b9dfc9727d4432ef,,,
24970,74551,Marine Fauthoux,pts_reb,active_pmf_json,61,True,True,0.9999999799999997,0.0,0.9999999799999997,2.000000032253979e-08,0.0,60.0,6.9787141,77.63786147641218,0.19569294,0.02097902097902098,fd4dbafaf407ba1a7a20ecb33eb5e8264e53f6407bc057b5b9dfc9727d4432ef,,,
24970,74551,Marine Fauthoux,reb_ast,active_pmf_json,61,True,True,0.9999999799999997,0.0,0.9999999799999997,2.000000032253979e-08,0.0,60.0,6.9787141,77.63786147641218,0.19569294,0.02097902097902098,fd4dbafaf407ba1a7a20ecb33eb5e8264e53f6407bc057b5b9dfc9727d4432ef,,,
24970,74551,Marine Fauthoux,pts_reb_ast,active_pmf_json,61,True,True,0.9999999799999997,0.0,0.9999999799999997,2.000000032253979e-08,0.0,60.0,6.9787141,77.63786147641218,0.19569294,0.02097902097902098,fd4dbafaf407ba1a7a20ecb33eb5e8264e53f6407bc057b5b9dfc9727d4432ef,,,
24970,74553,Alex Fowler,stocks,active_pmf_json,61,True,True,1.0,0.0,1.0,0.0,0.0,60.0,6.145673479999999,62.7701604172247,0.21256318,0.015384615384615385,c2899a01901ad65bde7d6445bd0ab9ed1e4a68f526e7fbb9f2a08ea4e2bcf171,,,
24970,74553,Alex Fowler,pts_ast,active_pmf_json,61,True,True,1.0,0.0,1.0,0.0,0.0,60.0,6.145673479999999,62.7701604172247,0.21256318,0.015384615384615385,c2899a01901ad65bde7d6445bd0ab9ed1e4a68f526e7fbb9f2a08ea4e2bcf171,,,
24970,74553,Alex Fowler,pts_reb,active_pmf_json,61,True,True,1.0,0.0,1.0,0.0,0.0,60.0,6.145673479999999,62.7701604172247,0.21256318,0.015384615384615385,c2899a01901ad65bde7d6445bd0ab9ed1e4a68f526e7fbb9f2a08ea4e2bcf171,,,
24970,74553,Alex Fowler,reb_ast,active_pmf_json,61,True,True,1.0,0.0,1.0,0.0,0.0,60.0,6.145673479999999,62.7701604172247,0.21256318,0.015384615384615385,c2899a01901ad65bde7d6445bd0ab9ed1e4a68f526e7fbb9f2a08ea4e2bcf171,,,
24970,74553,Alex Fowler,pts_reb_ast,active_pmf_json,61,True,True,1.0,0.0,1.0,0.0,0.0,60.0,6.145673479999999,62.7701604172247,0.21256318,0.015384615384615385,c2899a01901ad65bde7d6445bd0ab9ed1e4a68f526e7fbb9f2a08ea4e2bcf171,,,
24970,74872,Quionche Carter,stocks,active_pmf_json,61,True,True,0.9999999800000005,0.0,0.9999999800000005,1.9999999545383673e-08,0.0,60.0,1.5129450199999999,12.628768360677148,0.60868176,0.6857142857142857,96120cf01982ce1af50af8d10fdfdf582a57f65aff1b9eff941fdf64b25627d2,,,
24970,74872,Quionche Carter,pts_ast,active_pmf_json,61,True,True,0.9999999800000005,0.0,0.9999999800000005,1.9999999545383673e-08,0.0,60.0,1.5129450199999999,12.628768360677148,0.60868176,0.6857142857142857,96120cf01982ce1af50af8d10fdfdf582a57f65aff1b9eff941fdf64b25627d2,,,
24970,74872,Quionche Carter,pts_reb,active_pmf_json,61,True,True,0.9999999800000005,0.0,0.9999999800000005,1.9999999545383673e-08,0.0,60.0,1.5129450199999999,12.628768360677148,0.60868176,0.6857142857142857,96120cf01982ce1af50af8d10fdfdf582a57f65aff1b9eff941fdf64b25627d2,,,
24970,74872,Quionche Carter,reb_ast,active_pmf_json,61,True,True,0.9999999800000005,0.0,0.9999999800000005,1.9999999545383673e-08,0.0,60.0,1.5129450199999999,12.628768360677148,0.60868176,0.6857142857142857,96120cf01982ce1af50af8d10fdfdf582a57f65aff1b9eff941fdf64b25627d2,,,
24970,74872,Quionche Carter,pts_reb_ast,active_pmf_json,61,True,True,0.9999999800000005,0.0,0.9999999800000005,1.9999999545383673e-08,0.0,60.0,1.5129450199999999,12.628768360677148,0.60868176,0.6857142857142857,96120cf01982ce1af50af8d10fdfdf582a57f65aff1b9eff941fdf64b25627d2,,,
24970,74884,Jovana Nogic,stocks,active_pmf_json,61,True,True,1.0,0.0,1.0,0.0,0.0,60.0,0.0,0.0,1.0,0.9487179487179487,aeb0c6c47178e0fbc3b03f22ec03a32428c3f68a46cc119d98f3cccc60837041,,,
24970,74884,Jovana Nogic,pts_ast,active_pmf_json,61,True,True,1.0,0.0,1.0,0.0,0.0,60.0,0.0,0.0,1.0,0.9487179487179487,aeb0c6c47178e0fbc3b03f22ec03a32428c3f68a46cc119d98f3cccc60837041,,,
24970,74884,Jovana Nogic,pts_reb,active_pmf_json,61,True,True,1.0,0.0,1.0,0.0,0.0,60.0,0.0,0.0,1.0,0.9487179487179487,aeb0c6c47178e0fbc3b03f22ec03a32428c3f68a46cc119d98f3cccc60837041,,,
24970,74884,Jovana Nogic,reb_ast,active_pmf_json,61,True,True,1.0,0.0,1.0,0.0,0.0,60.0,0.0,0.0,1.0,0.9487179487179487,aeb0c6c47178e0fbc3b03f22ec03a32428c3f68a46cc119d98f3cccc60837041,,,
24970,74884,Jovana Nogic,pts_reb_ast,active_pmf_json,61,True,True,1.0,0.0,1.0,0.0,0.0,60.0,0.0,0.0,1.0,0.9487179487179487,aeb0c6c47178e0fbc3b03f22ec03a32428c3f68a46cc119d98f3cccc60837041,,,
24970,75095,Peyton Williams,stocks,active_pmf_json,61,True,True,0.9999999700000002,0.0,0.9999999700000002,2.999999981767587e-08,0.0,60.0,0.7480509800000006,3.5552206945336327,0.70995589,0.08333333333333333,c5ff738b0b2d657ec303c9716ef952e72fc1f730df6b5a0dde21c7a4cdc91f7d,,,
24970,75095,Peyton Williams,pts_ast,active_pmf_json,61,True,True,0.9999999700000002,0.0,0.9999999700000002,2.999999981767587e-08,0.0,60.0,0.7480509800000006,3.5552206945336327,0.70995589,0.08333333333333333,c5ff738b0b2d657ec303c9716ef952e72fc1f730df6b5a0dde21c7a4cdc91f7d,,,
24970,75095,Peyton Williams,pts_reb,active_pmf_json,61,True,True,0.9999999700000002,0.0,0.9999999700000002,2.999999981767587e-08,0.0,60.0,0.7480509800000006,3.5552206945336327,0.70995589,0.08333333333333333,c5ff738b0b2d657ec303c9716ef952e72fc1f730df6b5a0dde21c7a4cdc91f7d,,,
24970,75095,Peyton Williams,reb_ast,active_pmf_json,61,True,True,0.9999999700000002,0.0,0.9999999700000002,2.999999981767587e-08,0.0,60.0,0.7480509800000006,3.5552206945336327,0.70995589,0.08333333333333333,c5ff738b0b2d657ec303c9716ef952e72fc1f730df6b5a0dde21c7a4cdc91f7d,,,
24970,75095,Peyton Williams,pts_reb_ast,active_pmf_json,61,True,True,0.9999999700000002,0.0,0.9999999700000002,2.999999981767587e-08,0.0,60.0,0.7480509800000006,3.5552206945336327,0.70995589,0.08333333333333333,c5ff738b0b2d657ec303c9716ef952e72fc1f730df6b5a0dde21c7a4cdc91f7d,,,
24969,188326,Mai Yamamoto,stocks,active_pmf_json,61,True,True,0.9999999800000005,0.0,0.9999999800000005,1.9999999545383673e-08,0.0,60.0,1.76581993,16.79941618245239,0.58701086,0.41420118343195267,89a2161541c6392a7943e9fd92688125d71c1cbe663c9af7cc0bde342df51a3e,,,
24969,188326,Mai Yamamoto,pts_ast,active_pmf_json,61,True,True,0.9999999800000005,0.0,0.9999999800000005,1.9999999545383673e-08,0.0,60.0,1.76581993,16.79941618245239,0.58701086,0.41420118343195267,89a2161541c6392a7943e9fd92688125d71c1cbe663c9af7cc0bde342df51a3e,,,
24969,188326,Mai Yamamoto,pts_reb,active_pmf_json,61,True,True,0.9999999800000005,0.0,0.9999999800000005,1.9999999545383673e-08,0.0,60.0,1.76581993,16.79941618245239,0.58701086,0.41420118343195267,89a2161541c6392a7943e9fd92688125d71c1cbe663c9af7cc0bde342df51a3e,,,
24969,188326,Mai Yamamoto,reb_ast,active_pmf_json,61,True,True,0.9999999800000005,0.0,0.9999999800000005,1.9999999545383673e-08,0.0,60.0,1.76581993,16.79941618245239,0.58701086,0.41420118343195267,89a2161541c6392a7943e9fd92688125d71c1cbe663c9af7cc0bde342df51a3e,,,
24969,188326,Mai Yamamoto,pts_reb_ast,active_pmf_json,61,True,True,0.9999999800000005,0.0,0.9999999800000005,1.9999999545383673e-08,0.0,60.0,1.76581993,16.79941618245239,0.58701086,0.41420118343195267,89a2161541c6392a7943e9fd92688125d71c1cbe663c9af7cc0bde342df51a3e,,,
