event_id,player_name,player_id,player_id_resolved,market_key,is_alternate_market,line,side,bookmaker,displayed_odds,reference_p,consensus_p_over,consensus_n_books,consensus_includes_sharp,consensus_dispersion_stdev,self_excluded,theoretical_ev_pct,executable_ev_pct,price_survived_30s,price_survived_60s,quote_age_seconds,provider_timestamp,scan_timestamp,validation_status,actionable,rejection_reason,warning_reason,source_type
e4dc370d08264200533bf3816f82c622,Michaela Onyenwere,615,True,player_points,False,9.5,over,hardrockbet,105.0,0.505384,0.505384,7,True,0.018409,True,3.6037,,,,53.396559,2026-07-28T20:14:52Z,2026-07-28T20:15:45.396559+00:00,PENDING_VALIDATION,False,,,MARKET_DISLOCATION
606c87e74c7cc6048113e44a4f33506f,A'ja Wilson,535,True,player_assists,False,3.5,over,betonlineag,139.0,0.433116,0.433116,6,False,0.023817,True,3.5146,,,,18.396559,2026-07-28T20:15:27Z,2026-07-28T20:15:45.396559+00:00,PENDING_VALIDATION,False,,,MARKET_DISLOCATION
c2e520af9bd7e828a76959862d941068,Awa Fam,67076,True,player_points,False,12.5,under,draftkings,-108.0,0.536636,0.463364,6,False,0.017236,True,3.3522,,,,26.396559,2026-07-28T20:15:19Z,2026-07-28T20:15:45.396559+00:00,PENDING_VALIDATION,False,,,MARKET_DISLOCATION
fa632e2d144f67960024500509077a4a,Rae Burrell,640,True,player_points,False,14.5,over,hardrockbet,-105.0,0.527965,0.527965,7,True,0.017733,True,3.0788,,,,29.396559,2026-07-28T20:15:16Z,2026-07-28T20:15:45.396559+00:00,PENDING_VALIDATION,False,,,MARKET_DISLOCATION
e4dc370d08264200533bf3816f82c622,Olivia Nelson-Ododa,641,True,player_rebounds,False,6.5,under,betparx,-121.0,0.56383,0.43617,5,False,0.008718,True,2.9805,,,,48.396559,2026-07-28T20:14:57Z,2026-07-28T20:15:45.396559+00:00,PENDING_VALIDATION,False,,,MARKET_DISLOCATION
606c87e74c7cc6048113e44a4f33506f,A'ja Wilson,535,True,player_assists,False,3.5,under,fanduel,-132.0,0.58144,0.41856,6,True,0.021789,True,2.1925,,,,32.396559,2026-07-28T20:15:13Z,2026-07-28T20:15:45.396559+00:00,PENDING_VALIDATION,False,,,MARKET_DISLOCATION
786c1161bd8d7bbab01efa2e850df8bb,Isabelle Harrison,455,True,player_points,False,11.5,under,betonlineag,-109.0,0.531136,0.468864,7,False,0.017756,True,1.8418,,,,38.396559,2026-07-28T20:15:07Z,2026-07-28T20:15:45.396559+00:00,PENDING_VALIDATION,False,,,MARKET_DISLOCATION
fa632e2d144f67960024500509077a4a,Nneka Ogwumike,309,True,player_rebounds,False,8.5,under,draftkings,107.0,0.491263,0.508737,7,True,0.022164,True,1.6913,,,,132.396559,2026-07-28T20:13:33Z,2026-07-28T20:15:45.396559+00:00,PENDING_VALIDATION,False,,,MARKET_DISLOCATION
fa632e2d144f67960024500509077a4a,Rae Burrell,640,True,player_points,False,15.5,over,betparx,112.0,0.479296,0.479296,1,False,0.0,True,1.6108,,,,16.396559,2026-07-28T20:15:29Z,2026-07-28T20:15:45.396559+00:00,PENDING_VALIDATION,False,,insufficient_consensus_books,MARKET_DISLOCATION
786c1161bd8d7bbab01efa2e850df8bb,Isabelle Harrison,455,True,player_assists,False,1.5,over,betonlineag,-130.0,0.573311,0.573311,3,False,0.020797,True,1.432,,,,38.396559,2026-07-28T20:15:07Z,2026-07-28T20:15:45.396559+00:00,PENDING_VALIDATION,False,,,MARKET_DISLOCATION
786c1161bd8d7bbab01efa2e850df8bb,Isabelle Harrison,455,True,player_assists,False,1.5,over,rebet,-130.0,0.573311,0.573311,3,True,0.019631,True,1.432,,,,61.396559,2026-07-28T20:14:44Z,2026-07-28T20:15:45.396559+00:00,PENDING_VALIDATION,False,,,MARKET_DISLOCATION
786c1161bd8d7bbab01efa2e850df8bb,Isabelle Harrison,455,True,player_points,False,11.5,under,rebet,-110.0,0.531136,0.468864,7,True,0.017783,True,1.3988,,,,61.396559,2026-07-28T20:14:44Z,2026-07-28T20:15:45.396559+00:00,PENDING_VALIDATION,False,,,MARKET_DISLOCATION
fa632e2d144f67960024500509077a4a,Jonquel Jones,465,True,player_points,False,14.5,over,betonlineag,-105.0,0.518408,0.518408,6,False,0.01544,True,1.2131,,,,12.396559,2026-07-28T20:15:33Z,2026-07-28T20:15:45.396559+00:00,PENDING_VALIDATION,False,,,MARKET_DISLOCATION
c2e520af9bd7e828a76959862d941068,Kelsey Mitchell,533,True,player_assists,False,2.5,under,betparx,-118.0,0.547433,0.452567,5,True,0.020295,True,1.1359,,,,53.396559,2026-07-28T20:14:52Z,2026-07-28T20:15:45.396559+00:00,PENDING_VALIDATION,False,,,MARKET_DISLOCATION
e4dc370d08264200533bf3816f82c622,Michaela Onyenwere,615,True,player_points,False,9.5,over,betparx,100.0,0.505384,0.505384,7,True,0.018141,True,1.0768,,,,48.396559,2026-07-28T20:14:57Z,2026-07-28T20:15:45.396559+00:00,PENDING_VALIDATION,False,,,MARKET_DISLOCATION
fa632e2d144f67960024500509077a4a,Rae Burrell,640,True,player_points,False,15.5,under,fliff,-130.0,0.571101,0.428899,1,False,0.0,True,1.0409,,,,11.396559,2026-07-28T20:15:34Z,2026-07-28T20:15:45.396559+00:00,PENDING_VALIDATION,False,,insufficient_consensus_books,MARKET_DISLOCATION
606c87e74c7cc6048113e44a4f33506f,Carla Leite,748,True,player_points,False,15.5,over,betparx,102.0,0.5,0.5,8,True,0.011794,True,1.0,,,,107.396559,2026-07-28T20:13:58Z,2026-07-28T20:15:45.396559+00:00,PENDING_VALIDATION,False,,,MARKET_DISLOCATION
786c1161bd8d7bbab01efa2e850df8bb,Marina Mabrey,569,True,player_points,False,20.5,over,espnbet,105.0,0.492444,0.492444,6,True,0.017868,True,0.951,,,,25.396559,2026-07-28T20:15:20Z,2026-07-28T20:15:45.396559+00:00,PENDING_VALIDATION,False,,,MARKET_DISLOCATION
606c87e74c7cc6048113e44a4f33506f,A'ja Wilson,535,True,player_assists,False,3.5,over,rebet,133.0,0.433116,0.433116,6,True,0.025698,True,0.9159,,,,42.396559,2026-07-28T20:15:03Z,2026-07-28T20:15:45.396559+00:00,PENDING_VALIDATION,False,,,MARKET_DISLOCATION
606c87e74c7cc6048113e44a4f33506f,A'ja Wilson,535,True,player_rebounds,False,9.5,over,betonlineag,100.0,0.504288,0.504288,6,False,0.014864,True,0.8576,,,,18.396559,2026-07-28T20:15:27Z,2026-07-28T20:15:45.396559+00:00,PENDING_VALIDATION,False,,,MARKET_DISLOCATION
fa632e2d144f67960024500509077a4a,Nneka Ogwumike,309,True,player_rebounds,False,8.5,under,williamhill_us,105.0,0.491263,0.508737,7,True,0.023562,True,0.7088,,,,83.396559,2026-07-28T20:14:22Z,2026-07-28T20:15:45.396559+00:00,PENDING_VALIDATION,False,,,MARKET_DISLOCATION
786c1161bd8d7bbab01efa2e850df8bb,Isabelle Harrison,455,True,player_assists,False,1.5,under,hardrockbet,115.0,0.467391,0.532609,3,True,0.019797,True,0.4891,,,,40.396559,2026-07-28T20:15:05Z,2026-07-28T20:15:45.396559+00:00,PENDING_VALIDATION,False,,,MARKET_DISLOCATION
fa632e2d144f67960024500509077a4a,Nneka Ogwumike,309,True,player_points,False,17.5,over,hardrockbet,-105.0,0.514672,0.514672,8,True,0.015624,True,0.4836,,,,29.396559,2026-07-28T20:15:16Z,2026-07-28T20:15:45.396559+00:00,PENDING_VALIDATION,False,,,MARKET_DISLOCATION
e4dc370d08264200533bf3816f82c622,Olivia Nelson-Ododa,641,True,player_points,False,10.5,over,betonlineag,-103.0,0.509537,0.509537,6,False,0.019393,True,0.4232,,,,53.396559,2026-07-28T20:14:52Z,2026-07-28T20:15:45.396559+00:00,PENDING_VALIDATION,False,,,MARKET_DISLOCATION
c2e520af9bd7e828a76959862d941068,Kelsey Mitchell,533,True,player_assists,False,2.5,under,hardrockbet,-120.0,0.547433,0.452567,5,True,0.021082,True,0.3627,,,,46.396559,2026-07-28T20:14:59Z,2026-07-28T20:15:45.396559+00:00,PENDING_VALIDATION,False,,,MARKET_DISLOCATION
fa632e2d144f67960024500509077a4a,Jonquel Jones,465,True,player_points,False,14.5,over,rebet,-107.0,0.518408,0.518408,6,True,0.015908,True,0.2902,,,,52.396559,2026-07-28T20:14:53Z,2026-07-28T20:15:45.396559+00:00,PENDING_VALIDATION,False,,,MARKET_DISLOCATION
fa632e2d144f67960024500509077a4a,Breanna Stewart,468,True,player_assists,False,3.5,over,betonlineag,110.0,0.47745,0.47745,8,False,0.021017,True,0.2645,,,,12.396559,2026-07-28T20:15:33Z,2026-07-28T20:15:45.396559+00:00,PENDING_VALIDATION,False,,,MARKET_DISLOCATION
786c1161bd8d7bbab01efa2e850df8bb,Marina Mabrey,569,True,player_points,False,20.5,under,betparx,-108.0,0.5206,0.4794,6,True,0.019543,True,0.2637,,,,42.396559,2026-07-28T20:15:03Z,2026-07-28T20:15:45.396559+00:00,PENDING_VALIDATION,False,,,MARKET_DISLOCATION
fa632e2d144f67960024500509077a4a,Breanna Stewart,468,True,player_assists,False,3.5,under,draftkings,-116.0,0.538223,0.461777,8,True,0.019507,True,0.2209,,,,132.396559,2026-07-28T20:13:33Z,2026-07-28T20:15:45.396559+00:00,PENDING_VALIDATION,False,,,MARKET_DISLOCATION
c2e520af9bd7e828a76959862d941068,Natisha Hiedeman,580,True,player_rebounds,False,2.5,under,betparx,-115.0,0.53599,0.46401,5,True,0.023171,True,0.2069,,,,53.396559,2026-07-28T20:14:52Z,2026-07-28T20:15:45.396559+00:00,PENDING_VALIDATION,False,,,MARKET_DISLOCATION
c2e520af9bd7e828a76959862d941068,Natisha Hiedeman,580,True,player_rebounds,False,2.5,under,hardrockbet,-115.0,0.53599,0.46401,5,True,0.022827,True,0.2069,,,,46.396559,2026-07-28T20:14:59Z,2026-07-28T20:15:45.396559+00:00,PENDING_VALIDATION,False,,,MARKET_DISLOCATION
c2e520af9bd7e828a76959862d941068,Natisha Hiedeman,580,True,player_rebounds,False,2.5,over,betonlineag,109.0,0.479296,0.479296,5,False,0.024048,True,0.1729,,,,31.396559,2026-07-28T20:15:14Z,2026-07-28T20:15:45.396559+00:00,PENDING_VALIDATION,False,,,MARKET_DISLOCATION
606c87e74c7cc6048113e44a4f33506f,Chelsea Gray,410,True,player_assists,False,6.5,under,betonlineag,110.0,0.476748,0.523252,8,False,0.015799,True,0.1171,,,,18.396559,2026-07-28T20:15:27Z,2026-07-28T20:15:45.396559+00:00,PENDING_VALIDATION,False,,,MARKET_DISLOCATION
786c1161bd8d7bbab01efa2e850df8bb,Olivia Miles,67053,True,player_rebounds,False,4.5,over,betparx,-108.0,0.519821,0.519821,8,True,0.01649,True,0.1137,,,,42.396559,2026-07-28T20:15:03Z,2026-07-28T20:15:45.396559+00:00,PENDING_VALIDATION,False,,,MARKET_DISLOCATION
606c87e74c7cc6048113e44a4f33506f,Megan DiLeo,579,True,player_rebounds,False,3.5,under,fanduel,122.0,0.450514,0.549486,5,False,0.012776,True,0.0141,,,,32.396559,2026-07-28T20:15:13Z,2026-07-28T20:15:45.396559+00:00,PENDING_VALIDATION,False,,,MARKET_DISLOCATION
606c87e74c7cc6048113e44a4f33506f,Carla Leite,748,True,player_points,False,15.5,over,hardrockbet,100.0,0.5,0.5,8,True,0.017716,True,-0.0,,,,39.396559,2026-07-28T20:15:06Z,2026-07-28T20:15:45.396559+00:00,PENDING_VALIDATION,False,,,MARKET_DISLOCATION
fa632e2d144f67960024500509077a4a,Rae Burrell,640,True,player_points,False,14.5,over,betparx,-112.0,0.527965,0.527965,7,True,0.019123,True,-0.0638,,,,16.396559,2026-07-28T20:15:29Z,2026-07-28T20:15:45.396559+00:00,PENDING_VALIDATION,False,,,MARKET_DISLOCATION
606c87e74c7cc6048113e44a4f33506f,A'ja Wilson,535,True,player_rebounds,False,9.5,over,rebet,-102.0,0.504288,0.504288,6,True,0.01566,True,-0.1312,,,,42.396559,2026-07-28T20:15:03Z,2026-07-28T20:15:45.396559+00:00,PENDING_VALIDATION,False,,,MARKET_DISLOCATION
786c1161bd8d7bbab01efa2e850df8bb,Kayla McBride,374,True,player_points,False,17.5,over,betonlineag,-105.0,0.511428,0.511428,6,False,0.013281,True,-0.1498,,,,38.396559,2026-07-28T20:15:07Z,2026-07-28T20:15:45.396559+00:00,PENDING_VALIDATION,False,,,MARKET_DISLOCATION
e4dc370d08264200533bf3816f82c622,Sonia Citron,736,True,player_threes,False,1.5,under,espnbet,-190.0,0.653592,0.346408,7,True,0.00849,True,-0.2412,,,,26.396559,2026-07-28T20:15:19Z,2026-07-28T20:15:45.396559+00:00,PENDING_VALIDATION,False,,,MARKET_DISLOCATION
c2e520af9bd7e828a76959862d941068,Awa Fam,67076,True,player_points,False,12.5,over,hardrockbet,110.0,0.47408,0.47408,6,False,0.024131,True,-0.4432,,,,46.396559,2026-07-28T20:14:59Z,2026-07-28T20:15:45.396559+00:00,PENDING_VALIDATION,False,,,MARKET_DISLOCATION
e4dc370d08264200533bf3816f82c622,Olivia Nelson-Ododa,641,True,player_points,False,10.5,over,rebet,-105.0,0.509537,0.509537,6,True,0.019792,True,-0.519,,,,4.396559,2026-07-28T20:15:41Z,2026-07-28T20:15:45.396559+00:00,PENDING_VALIDATION,False,,,MARKET_DISLOCATION
606c87e74c7cc6048113e44a4f33506f,Megan DiLeo,579,True,player_points,False,13.5,under,espnbet,-110.0,0.520538,0.479462,4,False,0.013514,True,-0.6245,,,,19.396559,2026-07-28T20:15:26Z,2026-07-28T20:15:45.396559+00:00,PENDING_VALIDATION,False,,,MARKET_DISLOCATION
786c1161bd8d7bbab01efa2e850df8bb,Olivia Miles,67053,True,player_threes,False,1.5,under,betparx,-195.0,0.656358,0.343642,8,True,0.01594,True,-0.7048,,,,42.396559,2026-07-28T20:15:03Z,2026-07-28T20:15:45.396559+00:00,PENDING_VALIDATION,False,,,MARKET_DISLOCATION
786c1161bd8d7bbab01efa2e850df8bb,Olivia Miles,67053,True,player_threes,False,1.5,under,hardrockbet,-195.0,0.656358,0.343642,8,True,0.016434,True,-0.7048,,,,40.396559,2026-07-28T20:15:05Z,2026-07-28T20:15:45.396559+00:00,PENDING_VALIDATION,False,,,MARKET_DISLOCATION
fa632e2d144f67960024500509077a4a,Sabrina Ionescu,591,True,player_points,False,18.5,over,hardrockbet,105.0,0.484249,0.484249,8,True,0.015936,True,-0.729,,,,29.396559,2026-07-28T20:15:16Z,2026-07-28T20:15:45.396559+00:00,PENDING_VALIDATION,False,,,MARKET_DISLOCATION
786c1161bd8d7bbab01efa2e850df8bb,Olivia Miles,67053,True,player_rebounds,False,4.5,over,hardrockbet,-110.0,0.519821,0.519821,8,True,0.017693,True,-0.7615,,,,40.396559,2026-07-28T20:15:05Z,2026-07-28T20:15:45.396559+00:00,PENDING_VALIDATION,False,,,MARKET_DISLOCATION
c2e520af9bd7e828a76959862d941068,Flau'jae Johnson,67080,True,player_points,False,14.5,over,hardrockbet,100.0,0.495663,0.495663,8,True,0.012103,True,-0.8675,,,,46.396559,2026-07-28T20:14:59Z,2026-07-28T20:15:45.396559+00:00,PENDING_VALIDATION,False,,,MARKET_DISLOCATION
786c1161bd8d7bbab01efa2e850df8bb,Isabelle Harrison,455,True,player_assists,False,1.5,under,betparx,112.0,0.467391,0.532609,3,True,0.020655,True,-0.913,,,,42.396559,2026-07-28T20:15:03Z,2026-07-28T20:15:45.396559+00:00,PENDING_VALIDATION,False,,,MARKET_DISLOCATION
606c87e74c7cc6048113e44a4f33506f,Emily Engstler,648,True,player_rebounds,False,5.5,under,betonlineag,-116.0,0.532034,0.467966,8,False,0.010417,True,-0.9316,,,,18.396559,2026-07-28T20:15:27Z,2026-07-28T20:15:45.396559+00:00,PENDING_VALIDATION,False,,,MARKET_DISLOCATION
786c1161bd8d7bbab01efa2e850df8bb,Courtney Williams,456,True,player_threes,False,0.5,over,fliff,-205.0,0.665328,0.665328,2,False,0.001066,True,-1.0122,,,,14.396559,2026-07-28T20:15:31Z,2026-07-28T20:15:45.396559+00:00,PENDING_VALIDATION,False,,insufficient_consensus_books,MARKET_DISLOCATION
c2e520af9bd7e828a76959862d941068,Caitlin Clark,708,True,player_points,False,20.5,over,hardrockbet,-110.0,0.518408,0.518408,8,True,0.01029,True,-1.0311,,,,46.396559,2026-07-28T20:14:59Z,2026-07-28T20:15:45.396559+00:00,PENDING_VALIDATION,False,,,MARKET_DISLOCATION
786c1161bd8d7bbab01efa2e850df8bb,Marina Mabrey,569,True,player_points,False,20.5,under,betonlineag,-111.0,0.5206,0.4794,6,False,0.024142,True,-1.0391,,,,38.396559,2026-07-28T20:15:07Z,2026-07-28T20:15:45.396559+00:00,PENDING_VALIDATION,False,,,MARKET_DISLOCATION
786c1161bd8d7bbab01efa2e850df8bb,Isabelle Harrison,455,True,player_points,False,11.5,over,hardrockbet,105.0,0.482669,0.482669,7,True,0.018988,True,-1.0528,,,,40.396559,2026-07-28T20:15:05Z,2026-07-28T20:15:45.396559+00:00,PENDING_VALIDATION,False,,,MARKET_DISLOCATION
786c1161bd8d7bbab01efa2e850df8bb,Kayla McBride,374,True,player_points,False,17.5,over,rebet,-107.0,0.511428,0.511428,6,True,0.013714,True,-1.0602,,,,61.396559,2026-07-28T20:14:44Z,2026-07-28T20:15:45.396559+00:00,PENDING_VALIDATION,False,,,MARKET_DISLOCATION
c2e520af9bd7e828a76959862d941068,Natisha Hiedeman,580,True,player_points,False,15.5,under,draftkings,-113.0,0.524834,0.475166,7,True,0.013575,True,-1.0712,,,,26.396559,2026-07-28T20:15:19Z,2026-07-28T20:15:45.396559+00:00,PENDING_VALIDATION,False,,,MARKET_DISLOCATION
fa632e2d144f67960024500509077a4a,Nneka Ogwumike,309,True,player_assists,False,3.5,under,espnbet,-150.0,0.593572,0.406428,6,True,0.011792,True,-1.0714,,,,40.396559,2026-07-28T20:15:05Z,2026-07-28T20:15:45.396559+00:00,PENDING_VALIDATION,False,,,MARKET_DISLOCATION
fa632e2d144f67960024500509077a4a,Sabrina Ionescu,591,True,player_points,False,18.5,under,betonlineag,-110.0,0.517912,0.482088,8,False,0.017015,True,-1.1258,,,,12.396559,2026-07-28T20:15:33Z,2026-07-28T20:15:45.396559+00:00,PENDING_VALIDATION,False,,,MARKET_DISLOCATION
c2e520af9bd7e828a76959862d941068,Flau'jae Johnson,67080,True,player_rebounds,False,5.5,over,hardrockbet,110.0,0.470814,0.470814,8,True,0.015628,True,-1.1291,,,,46.396559,2026-07-28T20:14:59Z,2026-07-28T20:15:45.396559+00:00,PENDING_VALIDATION,False,,,MARKET_DISLOCATION
fa632e2d144f67960024500509077a4a,Breanna Stewart,468,True,player_assists,False,3.5,over,rebet,107.0,0.47745,0.47745,8,True,0.021659,True,-1.1679,,,,52.396559,2026-07-28T20:14:53Z,2026-07-28T20:15:45.396559+00:00,PENDING_VALIDATION,False,,,MARKET_DISLOCATION
c2e520af9bd7e828a76959862d941068,Sophie Cunningham,558,True,player_threes,False,1.5,over,betparx,110.0,0.470476,0.470476,8,True,0.01394,True,-1.2,,,,53.396559,2026-07-28T20:14:52Z,2026-07-28T20:15:45.396559+00:00,PENDING_VALIDATION,False,,,MARKET_DISLOCATION
c2e520af9bd7e828a76959862d941068,Sophie Cunningham,558,True,player_threes,False,1.5,over,hardrockbet,110.0,0.470476,0.470476,8,True,0.014393,True,-1.2,,,,46.396559,2026-07-28T20:14:59Z,2026-07-28T20:15:45.396559+00:00,PENDING_VALIDATION,False,,,MARKET_DISLOCATION
fa632e2d144f67960024500509077a4a,Pauline Astier,66925,True,player_assists,False,3.5,over,fanduel,116.0,0.457276,0.457276,5,True,0.007504,True,-1.2284,,,,4.396559,2026-07-28T20:15:41Z,2026-07-28T20:15:45.396559+00:00,PENDING_VALIDATION,False,,,MARKET_DISLOCATION
c2e520af9bd7e828a76959862d941068,Natisha Hiedeman,580,True,player_rebounds,False,2.5,over,rebet,106.0,0.479296,0.479296,5,True,0.02501,True,-1.265,,,,48.396559,2026-07-28T20:14:57Z,2026-07-28T20:15:45.396559+00:00,PENDING_VALIDATION,False,,,MARKET_DISLOCATION
606c87e74c7cc6048113e44a4f33506f,Bridget Carleton,562,True,player_threes,False,2.5,under,fanduel,-154.0,0.598553,0.401447,6,True,0.014041,True,-1.2777,,,,32.396559,2026-07-28T20:15:13Z,2026-07-28T20:15:45.396559+00:00,PENDING_VALIDATION,False,,,MARKET_DISLOCATION
c2e520af9bd7e828a76959862d941068,Flau'jae Johnson,67080,True,player_assists,False,3.5,under,draftkings,-153.0,0.596974,0.403026,8,True,0.005404,True,-1.2847,,,,26.396559,2026-07-28T20:15:19Z,2026-07-28T20:15:45.396559+00:00,PENDING_VALIDATION,False,,,MARKET_DISLOCATION
606c87e74c7cc6048113e44a4f33506f,Chelsea Gray,410,True,player_assists,False,6.5,under,rebet,107.0,0.476748,0.523252,8,True,0.016722,True,-1.3131,,,,42.396559,2026-07-28T20:15:03Z,2026-07-28T20:15:45.396559+00:00,PENDING_VALIDATION,False,,,MARKET_DISLOCATION
fa632e2d144f67960024500509077a4a,Nneka Ogwumike,309,True,player_points,False,17.5,over,betparx,-109.0,0.514672,0.514672,8,True,0.015577,True,-1.3152,,,,16.396559,2026-07-28T20:15:29Z,2026-07-28T20:15:45.396559+00:00,PENDING_VALIDATION,False,,,MARKET_DISLOCATION
606c87e74c7cc6048113e44a4f33506f,Bridget Carleton,562,True,player_threes,False,2.5,over,draftkings,140.0,0.410774,0.410774,6,True,0.014075,True,-1.4141,,,,23.396559,2026-07-28T20:15:22Z,2026-07-28T20:15:45.396559+00:00,PENDING_VALIDATION,False,,,MARKET_DISLOCATION
c2e520af9bd7e828a76959862d941068,Natisha Hiedeman,580,True,player_points,False,15.5,under,betparx,-114.0,0.524834,0.475166,7,True,0.01122,True,-1.4786,,,,53.396559,2026-07-28T20:14:52Z,2026-07-28T20:15:45.396559+00:00,PENDING_VALIDATION,False,,,MARKET_DISLOCATION
fa632e2d144f67960024500509077a4a,Dearica Hamby,411,True,player_assists,False,2.5,over,betonlineag,106.0,0.478157,0.478157,5,False,0.009067,True,-1.4997,,,,12.396559,2026-07-28T20:15:33Z,2026-07-28T20:15:45.396559+00:00,PENDING_VALIDATION,False,,,MARKET_DISLOCATION
e4dc370d08264200533bf3816f82c622,Olivia Nelson-Ododa,641,True,player_points,False,10.5,under,betparx,100.0,0.492386,0.507614,6,True,0.015518,True,-1.5229,,,,48.396559,2026-07-28T20:14:57Z,2026-07-28T20:15:45.396559+00:00,PENDING_VALIDATION,False,,,MARKET_DISLOCATION
fa632e2d144f67960024500509077a4a,Sabrina Ionescu,591,True,player_points,False,18.5,under,rebet,-111.0,0.517912,0.482088,8,True,0.017033,True,-1.55,,,,52.396559,2026-07-28T20:14:53Z,2026-07-28T20:15:45.396559+00:00,PENDING_VALIDATION,False,,,MARKET_DISLOCATION
c2e520af9bd7e828a76959862d941068,Awa Fam,67076,True,player_assists,False,2.5,under,hardrockbet,-130.0,0.556098,0.443902,5,True,0.015152,True,-1.6135,,,,46.396559,2026-07-28T20:14:59Z,2026-07-28T20:15:45.396559+00:00,PENDING_VALIDATION,False,,,MARKET_DISLOCATION
fa632e2d144f67960024500509077a4a,Nneka Ogwumike,309,True,player_threes,False,1.5,over,betparx,120.0,0.44717,0.44717,8,True,0.01305,True,-1.6226,,,,16.396559,2026-07-28T20:15:29Z,2026-07-28T20:15:45.396559+00:00,PENDING_VALIDATION,False,,,MARKET_DISLOCATION
fa632e2d144f67960024500509077a4a,Nneka Ogwumike,309,True,player_threes,False,1.5,over,hardrockbet,120.0,0.44717,0.44717,8,True,0.014099,True,-1.6226,,,,29.396559,2026-07-28T20:15:16Z,2026-07-28T20:15:45.396559+00:00,PENDING_VALIDATION,False,,,MARKET_DISLOCATION
e4dc370d08264200533bf3816f82c622,Sonia Citron,736,True,player_points,False,16.5,under,williamhill_us,-113.0,0.52168,0.47832,7,True,0.012868,True,-1.6656,,,,112.396559,2026-07-28T20:13:53Z,2026-07-28T20:15:45.396559+00:00,PENDING_VALIDATION,False,,,MARKET_DISLOCATION
fa632e2d144f67960024500509077a4a,Nneka Ogwumike,309,True,player_rebounds,False,8.5,over,betparx,-115.0,0.5258,0.5258,7,True,0.02266,True,-1.6983,,,,16.396559,2026-07-28T20:15:29Z,2026-07-28T20:15:45.396559+00:00,PENDING_VALIDATION,False,,,MARKET_DISLOCATION
fa632e2d144f67960024500509077a4a,Nneka Ogwumike,309,True,player_rebounds,False,8.5,over,hardrockbet,-115.0,0.5258,0.5258,7,True,0.022435,True,-1.6983,,,,29.396559,2026-07-28T20:15:16Z,2026-07-28T20:15:45.396559+00:00,PENDING_VALIDATION,False,,,MARKET_DISLOCATION
606c87e74c7cc6048113e44a4f33506f,Emily Engstler,648,True,player_rebounds,False,5.5,under,rebet,-118.0,0.532034,0.467966,8,True,0.010388,True,-1.7089,,,,42.396559,2026-07-28T20:15:03Z,2026-07-28T20:15:45.396559+00:00,PENDING_VALIDATION,False,,,MARKET_DISLOCATION
fa632e2d144f67960024500509077a4a,Jonquel Jones,465,True,player_points,False,15.5,under,draftkings,-125.0,0.546001,0.453999,2,False,0.001763,True,-1.7197,,,,76.396559,2026-07-28T20:14:29Z,2026-07-28T20:15:45.396559+00:00,PENDING_VALIDATION,False,,insufficient_consensus_books,MARKET_DISLOCATION
fa632e2d144f67960024500509077a4a,Jonquel Jones,465,True,player_assists,False,2.5,under,hardrockbet,-120.0,0.53599,0.46401,5,True,0.012808,True,-1.7351,,,,29.396559,2026-07-28T20:15:16Z,2026-07-28T20:15:45.396559+00:00,PENDING_VALIDATION,False,,,MARKET_DISLOCATION
fa632e2d144f67960024500509077a4a,Nneka Ogwumike,309,True,player_rebounds,False,8.5,under,fliff,100.0,0.491263,0.508737,7,True,0.023885,True,-1.7475,,,,11.396559,2026-07-28T20:15:34Z,2026-07-28T20:15:45.396559+00:00,PENDING_VALIDATION,False,,,MARKET_DISLOCATION
606c87e74c7cc6048113e44a4f33506f,Bridget Carleton,562,True,player_threes,False,2.5,over,betonlineag,139.0,0.410774,0.410774,6,False,0.015951,True,-1.8249,,,,18.396559,2026-07-28T20:15:27Z,2026-07-28T20:15:45.396559+00:00,PENDING_VALIDATION,False,,,MARKET_DISLOCATION
c2e520af9bd7e828a76959862d941068,Awa Fam,67076,True,player_points,False,12.5,over,betparx,107.0,0.47408,0.47408,6,False,0.023029,True,-1.8655,,,,53.396559,2026-07-28T20:14:52Z,2026-07-28T20:15:45.396559+00:00,PENDING_VALIDATION,False,,,MARKET_DISLOCATION
786c1161bd8d7bbab01efa2e850df8bb,Marina Mabrey,569,True,player_points,False,20.5,under,rebet,-113.0,0.5206,0.4794,6,True,0.024156,True,-1.8692,,,,61.396559,2026-07-28T20:14:44Z,2026-07-28T20:15:45.396559+00:00,PENDING_VALIDATION,False,,,MARKET_DISLOCATION
e4dc370d08264200533bf3816f82c622,Leïla Lacan,773,True,player_assists,False,4.5,under,draftkings,-134.0,0.561905,0.438095,7,True,0.006967,True,-1.8763,,,,44.396559,2026-07-28T20:15:01Z,2026-07-28T20:15:45.396559+00:00,PENDING_VALIDATION,False,,,MARKET_DISLOCATION
fa632e2d144f67960024500509077a4a,Erica Wheeler,425,True,player_assists,False,6.5,under,fanduel,-136.0,0.565457,0.434543,4,True,0.006978,True,-1.8765,,,,4.396559,2026-07-28T20:15:41Z,2026-07-28T20:15:45.396559+00:00,PENDING_VALIDATION,False,,,MARKET_DISLOCATION
fa632e2d144f67960024500509077a4a,Rae Burrell,640,True,player_rebounds,False,2.5,under,betonlineag,-118.0,0.530854,0.469146,5,False,0.010673,True,-1.927,,,,12.396559,2026-07-28T20:15:33Z,2026-07-28T20:15:45.396559+00:00,PENDING_VALIDATION,False,,,MARKET_DISLOCATION
e4dc370d08264200533bf3816f82c622,Sonia Citron,736,True,player_assists,False,3.5,under,draftkings,-116.0,0.526511,0.473489,7,True,0.009521,True,-1.96,,,,44.396559,2026-07-28T20:15:01Z,2026-07-28T20:15:45.396559+00:00,PENDING_VALIDATION,False,,,MARKET_DISLOCATION
c2e520af9bd7e828a76959862d941068,Awa Fam,67076,True,player_rebounds,False,6.5,over,betonlineag,-103.0,0.497333,0.497333,8,False,0.015054,True,-1.982,,,,31.396559,2026-07-28T20:15:14Z,2026-07-28T20:15:45.396559+00:00,PENDING_VALIDATION,False,,,MARKET_DISLOCATION
786c1161bd8d7bbab01efa2e850df8bb,Natasha Howard,385,True,player_assists,False,2.5,over,betonlineag,-111.0,0.515585,0.515585,5,False,0.013246,True,-1.9925,,,,38.396559,2026-07-28T20:15:07Z,2026-07-28T20:15:45.396559+00:00,PENDING_VALIDATION,False,,,MARKET_DISLOCATION
fa632e2d144f67960024500509077a4a,Nneka Ogwumike,309,True,player_assists,False,3.5,over,fanduel,140.0,0.408249,0.408249,6,True,0.014702,True,-2.0202,,,,4.396559,2026-07-28T20:15:41Z,2026-07-28T20:15:45.396559+00:00,PENDING_VALIDATION,False,,,MARKET_DISLOCATION
e4dc370d08264200533bf3816f82c622,Sonia Citron,736,True,player_points,False,16.5,over,betonlineag,100.0,0.489664,0.489664,7,False,0.012878,True,-2.0672,,,,53.396559,2026-07-28T20:14:52Z,2026-07-28T20:15:45.396559+00:00,PENDING_VALIDATION,False,,,MARKET_DISLOCATION
e4dc370d08264200533bf3816f82c622,Sonia Citron,736,True,player_points,False,16.5,under,fanduel,-114.0,0.52168,0.47832,7,True,0.013939,True,-2.0706,,,,52.396559,2026-07-28T20:14:53Z,2026-07-28T20:15:45.396559+00:00,PENDING_VALIDATION,False,,,MARKET_DISLOCATION
e4dc370d08264200533bf3816f82c622,Sonia Citron,736,True,player_points,False,16.5,under,draftkings,-114.0,0.52168,0.47832,7,True,0.013561,True,-2.0706,,,,44.396559,2026-07-28T20:15:01Z,2026-07-28T20:15:45.396559+00:00,PENDING_VALIDATION,False,,,MARKET_DISLOCATION
c2e520af9bd7e828a76959862d941068,Flau'jae Johnson,67080,True,player_rebounds,False,5.5,over,betparx,108.0,0.470814,0.470814,8,True,0.016231,True,-2.0707,,,,53.396559,2026-07-28T20:14:52Z,2026-07-28T20:15:45.396559+00:00,PENDING_VALIDATION,False,,,MARKET_DISLOCATION
786c1161bd8d7bbab01efa2e850df8bb,Napheesa Collier,573,True,player_points,False,19.5,over,espnbet,-105.0,0.501557,0.501557,2,False,0.001557,True,-2.077,,,,25.396559,2026-07-28T20:15:20Z,2026-07-28T20:15:45.396559+00:00,PENDING_VALIDATION,False,,insufficient_consensus_books,MARKET_DISLOCATION
606c87e74c7cc6048113e44a4f33506f,A'ja Wilson,535,True,player_assists,False,3.5,over,draftkings,126.0,0.433116,0.433116,6,True,0.027634,True,-2.1159,,,,23.396559,2026-07-28T20:15:22Z,2026-07-28T20:15:45.396559+00:00,PENDING_VALIDATION,False,,,MARKET_DISLOCATION
fa632e2d144f67960024500509077a4a,Breanna Stewart,468,True,player_assists,False,3.5,over,hardrockbet,105.0,0.47745,0.47745,8,True,0.021025,True,-2.1228,,,,29.396559,2026-07-28T20:15:16Z,2026-07-28T20:15:45.396559+00:00,PENDING_VALIDATION,False,,,MARKET_DISLOCATION
e4dc370d08264200533bf3816f82c622,Shakira Austin,650,True,player_points,False,14.5,under,hardrockbet,105.0,0.4774,0.5226,4,True,0.011224,True,-2.133,,,,53.396559,2026-07-28T20:14:52Z,2026-07-28T20:15:45.396559+00:00,PENDING_VALIDATION,False,,,MARKET_DISLOCATION
606c87e74c7cc6048113e44a4f33506f,Megan DiLeo,579,True,player_threes,False,1.5,under,espnbet,-190.0,0.641081,0.358919,3,False,0.006484,True,-2.1508,,,,19.396559,2026-07-28T20:15:26Z,2026-07-28T20:15:45.396559+00:00,PENDING_VALIDATION,False,,,MARKET_DISLOCATION
fa632e2d144f67960024500509077a4a,Nneka Ogwumike,309,True,player_points,False,17.5,under,betonlineag,100.0,0.488907,0.511093,8,False,0.017585,True,-2.2187,,,,12.396559,2026-07-28T20:15:33Z,2026-07-28T20:15:45.396559+00:00,PENDING_VALIDATION,False,,,MARKET_DISLOCATION
c2e520af9bd7e828a76959862d941068,Awa Fam,67076,True,player_assists,False,2.5,under,betparx,-132.0,0.556098,0.443902,5,True,0.016271,True,-2.2616,,,,53.396559,2026-07-28T20:14:52Z,2026-07-28T20:15:45.396559+00:00,PENDING_VALIDATION,False,,,MARKET_DISLOCATION
606c87e74c7cc6048113e44a4f33506f,Chelsea Gray,410,True,player_assists,False,6.5,under,williamhill_us,105.0,0.476748,0.523252,8,True,0.017415,True,-2.2666,,,,100.396559,2026-07-28T20:14:05Z,2026-07-28T20:15:45.396559+00:00,PENDING_VALIDATION,False,,,MARKET_DISLOCATION
606c87e74c7cc6048113e44a4f33506f,A'ja Wilson,535,True,player_points,False,27.5,over,espnbet,105.0,0.476726,0.476726,2,False,0.001594,True,-2.2711,,,,19.396559,2026-07-28T20:15:26Z,2026-07-28T20:15:45.396559+00:00,PENDING_VALIDATION,False,,insufficient_consensus_books,MARKET_DISLOCATION
c2e520af9bd7e828a76959862d941068,Kelsey Mitchell,533,True,player_points,False,22.5,under,espnbet,-110.0,0.511851,0.488149,7,True,0.009986,True,-2.283,,,,17.396559,2026-07-28T20:15:28Z,2026-07-28T20:15:45.396559+00:00,PENDING_VALIDATION,False,,,MARKET_DISLOCATION
c2e520af9bd7e828a76959862d941068,Dominique Malonga,758,True,player_points,False,18.5,over,betparx,105.0,0.476627,0.476627,2,True,0.00071,True,-2.2915,,,,53.396559,2026-07-28T20:14:52Z,2026-07-28T20:15:45.396559+00:00,PENDING_VALIDATION,False,,insufficient_consensus_books,MARKET_DISLOCATION
fa632e2d144f67960024500509077a4a,Rae Burrell,640,True,player_rebounds,False,2.5,under,rebet,-119.0,0.530854,0.469146,5,True,0.01065,True,-2.305,,,,52.396559,2026-07-28T20:14:53Z,2026-07-28T20:15:45.396559+00:00,PENDING_VALIDATION,False,,,MARKET_DISLOCATION
786c1161bd8d7bbab01efa2e850df8bb,Kayla McBride,374,True,player_assists,False,2.5,under,rebet,-151.0,0.587542,0.412458,5,True,0.007458,True,-2.3357,,,,61.396559,2026-07-28T20:14:44Z,2026-07-28T20:15:45.396559+00:00,PENDING_VALIDATION,False,,,MARKET_DISLOCATION
606c87e74c7cc6048113e44a4f33506f,Megan DiLeo,579,True,player_points,False,13.5,over,betparx,100.0,0.488276,0.488276,4,False,0.017704,True,-2.3448,,,,107.396559,2026-07-28T20:13:58Z,2026-07-28T20:15:45.396559+00:00,PENDING_VALIDATION,False,,,MARKET_DISLOCATION
786c1161bd8d7bbab01efa2e850df8bb,Olivia Miles,67053,True,player_assists,False,6.5,over,betonlineag,-130.0,0.551439,0.551439,8,False,0.012412,True,-2.4377,,,,38.396559,2026-07-28T20:15:07Z,2026-07-28T20:15:45.396559+00:00,PENDING_VALIDATION,False,,,MARKET_DISLOCATION
786c1161bd8d7bbab01efa2e850df8bb,Olivia Miles,67053,True,player_assists,False,6.5,over,rebet,-130.0,0.551439,0.551439,8,True,0.011829,True,-2.4377,,,,61.396559,2026-07-28T20:14:44Z,2026-07-28T20:15:45.396559+00:00,PENDING_VALIDATION,False,,,MARKET_DISLOCATION
fa632e2d144f67960024500509077a4a,Jonquel Jones,465,True,player_assists,False,2.5,under,betparx,-122.0,0.53599,0.46401,5,True,0.01277,True,-2.4673,,,,16.396559,2026-07-28T20:15:29Z,2026-07-28T20:15:45.396559+00:00,PENDING_VALIDATION,False,,,MARKET_DISLOCATION
c2e520af9bd7e828a76959862d941068,Kelsey Mitchell,533,True,player_assists,False,2.5,over,betonlineag,110.0,0.464431,0.464431,5,False,0.02316,True,-2.4695,,,,31.396559,2026-07-28T20:15:14Z,2026-07-28T20:15:45.396559+00:00,PENDING_VALIDATION,False,,,MARKET_DISLOCATION
e4dc370d08264200533bf3816f82c622,Shakira Austin,650,True,player_points,False,14.5,over,betonlineag,-122.0,0.535973,0.535973,4,False,0.012765,True,-2.4705,,,,53.396559,2026-07-28T20:14:52Z,2026-07-28T20:15:45.396559+00:00,PENDING_VALIDATION,False,,,MARKET_DISLOCATION
c2e520af9bd7e828a76959862d941068,Flau'jae Johnson,67080,True,player_rebounds,False,5.5,under,draftkings,-119.0,0.529796,0.470204,8,True,0.016027,True,-2.4998,,,,26.396559,2026-07-28T20:15:19Z,2026-07-28T20:15:45.396559+00:00,PENDING_VALIDATION,False,,,MARKET_DISLOCATION
fa632e2d144f67960024500509077a4a,Breanna Stewart,468,True,player_rebounds,False,8.5,over,draftkings,-110.0,0.510579,0.510579,8,True,0.004097,True,-2.5258,,,,132.396559,2026-07-28T20:13:33Z,2026-07-28T20:15:45.396559+00:00,PENDING_VALIDATION,False,,,MARKET_DISLOCATION
fa632e2d144f67960024500509077a4a,Jonquel Jones,465,True,player_rebounds,False,9.5,under,espnbet,-130.0,0.550862,0.449138,7,True,0.007471,True,-2.5397,,,,40.396559,2026-07-28T20:15:05Z,2026-07-28T20:15:45.396559+00:00,PENDING_VALIDATION,False,,,MARKET_DISLOCATION
c2e520af9bd7e828a76959862d941068,Jade Melbourne,687,True,player_points,False,8.5,under,draftkings,-122.0,0.535569,0.464431,5,True,0.00298,True,-2.544,,,,26.396559,2026-07-28T20:15:19Z,2026-07-28T20:15:45.396559+00:00,PENDING_VALIDATION,False,,,MARKET_DISLOCATION
606c87e74c7cc6048113e44a4f33506f,Jackie Young,570,True,player_threes,False,1.5,over,rebet,-167.0,0.609483,0.609483,8,True,0.007972,True,-2.5557,,,,42.396559,2026-07-28T20:15:03Z,2026-07-28T20:15:45.396559+00:00,PENDING_VALIDATION,False,,,MARKET_DISLOCATION
786c1161bd8d7bbab01efa2e850df8bb,Olivia Miles,67053,True,player_threes,False,1.5,over,betonlineag,178.0,0.350468,0.350468,8,False,0.01777,True,-2.5699,,,,38.396559,2026-07-28T20:15:07Z,2026-07-28T20:15:45.396559+00:00,PENDING_VALIDATION,False,,,MARKET_DISLOCATION
e4dc370d08264200533bf3816f82c622,Shakira Austin,650,True,player_assists,False,2.5,under,betonlineag,-135.0,0.559595,0.440405,4,False,0.012367,True,-2.5889,,,,53.396559,2026-07-28T20:14:52Z,2026-07-28T20:15:45.396559+00:00,PENDING_VALIDATION,False,,,MARKET_DISLOCATION
c2e520af9bd7e828a76959862d941068,Sophie Cunningham,558,True,player_points,False,8.5,over,hardrockbet,105.0,0.475166,0.475166,7,True,0.007458,True,-2.5909,,,,46.396559,2026-07-28T20:14:59Z,2026-07-28T20:15:45.396559+00:00,PENDING_VALIDATION,False,,,MARKET_DISLOCATION
786c1161bd8d7bbab01efa2e850df8bb,Kayla McBride,374,True,player_assists,False,2.5,under,betonlineag,-152.0,0.587542,0.412458,5,False,0.009206,True,-2.5917,,,,38.396559,2026-07-28T20:15:07Z,2026-07-28T20:15:45.396559+00:00,PENDING_VALIDATION,False,,,MARKET_DISLOCATION
fa632e2d144f67960024500509077a4a,Breanna Stewart,468,True,player_assists,False,3.5,over,betparx,104.0,0.47745,0.47745,8,True,0.021459,True,-2.6002,,,,16.396559,2026-07-28T20:15:29Z,2026-07-28T20:15:45.396559+00:00,PENDING_VALIDATION,False,,,MARKET_DISLOCATION
fa632e2d144f67960024500509077a4a,Dearica Hamby,411,True,player_points,False,14.5,over,draftkings,100.0,0.486949,0.486949,8,True,0.008941,True,-2.6102,,,,76.396559,2026-07-28T20:14:29Z,2026-07-28T20:15:45.396559+00:00,PENDING_VALIDATION,False,,,MARKET_DISLOCATION
fa632e2d144f67960024500509077a4a,Dearica Hamby,411,True,player_points,False,14.5,over,hardrockbet,100.0,0.486949,0.486949,8,True,0.009375,True,-2.6102,,,,29.396559,2026-07-28T20:15:16Z,2026-07-28T20:15:45.396559+00:00,PENDING_VALIDATION,False,,,MARKET_DISLOCATION
786c1161bd8d7bbab01efa2e850df8bb,Isabelle Harrison,455,True,player_points,False,11.5,under,williamhill_us,-120.0,0.531136,0.468864,7,True,0.021028,True,-2.625,,,,112.396559,2026-07-28T20:13:53Z,2026-07-28T20:15:45.396559+00:00,PENDING_VALIDATION,False,,,MARKET_DISLOCATION
fa632e2d144f67960024500509077a4a,Erica Wheeler,425,True,player_points,False,10.5,under,fanduel,-102.0,0.491344,0.508656,3,True,0.007142,True,-2.6947,,,,4.396559,2026-07-28T20:15:41Z,2026-07-28T20:15:45.396559+00:00,PENDING_VALIDATION,False,,,MARKET_DISLOCATION
e4dc370d08264200533bf3816f82c622,Shakira Austin,650,True,player_rebounds,False,9.5,over,draftkings,103.0,0.479296,0.479296,7,True,0.012121,True,-2.7029,,,,44.396559,2026-07-28T20:15:01Z,2026-07-28T20:15:45.396559+00:00,PENDING_VALIDATION,False,,,MARKET_DISLOCATION
606c87e74c7cc6048113e44a4f33506f,A'ja Wilson,535,True,player_points,False,27.5,under,hardrockbet,-125.0,0.540482,0.459518,2,False,0.015615,True,-2.7132,,,,39.396559,2026-07-28T20:15:06Z,2026-07-28T20:15:45.396559+00:00,PENDING_VALIDATION,False,,insufficient_consensus_books,MARKET_DISLOCATION
e4dc370d08264200533bf3816f82c622,Sonia Citron,736,True,player_assists,False,3.5,under,betonlineag,-118.0,0.526511,0.473489,7,False,0.011873,True,-2.7293,,,,53.396559,2026-07-28T20:14:52Z,2026-07-28T20:15:45.396559+00:00,PENDING_VALIDATION,False,,,MARKET_DISLOCATION
606c87e74c7cc6048113e44a4f33506f,Bridget Carleton,562,True,player_threes,False,2.5,under,williamhill_us,-160.0,0.598553,0.401447,6,True,0.016646,True,-2.7352,,,,100.396559,2026-07-28T20:14:05Z,2026-07-28T20:15:45.396559+00:00,PENDING_VALIDATION,False,,,MARKET_DISLOCATION
c2e520af9bd7e828a76959862d941068,Dominique Malonga,758,True,player_points,False,17.5,over,hardrockbet,-110.0,0.509456,0.509456,6,False,0.009434,True,-2.7402,,,,46.396559,2026-07-28T20:14:59Z,2026-07-28T20:15:45.396559+00:00,PENDING_VALIDATION,False,,,MARKET_DISLOCATION
fa632e2d144f67960024500509077a4a,Erica Wheeler,425,True,player_threes,False,1.5,under,fanduel,-215.0,0.663733,0.336267,4,True,0.004771,True,-2.7554,,,,4.396559,2026-07-28T20:15:41Z,2026-07-28T20:15:45.396559+00:00,PENDING_VALIDATION,False,,,MARKET_DISLOCATION
e4dc370d08264200533bf3816f82c622,Sonia Citron,736,True,player_threes,False,1.5,under,fanduel,-205.0,0.653592,0.346408,7,True,0.013604,True,-2.7583,,,,52.396559,2026-07-28T20:14:53Z,2026-07-28T20:15:45.396559+00:00,PENDING_VALIDATION,False,,,MARKET_DISLOCATION
606c87e74c7cc6048113e44a4f33506f,Emily Engstler,648,True,player_points,False,8.5,under,draftkings,102.0,0.481368,0.518632,2,False,0.003048,True,-2.7638,,,,23.396559,2026-07-28T20:15:22Z,2026-07-28T20:15:45.396559+00:00,PENDING_VALIDATION,False,,insufficient_consensus_books,MARKET_DISLOCATION
c2e520af9bd7e828a76959862d941068,Dominique Malonga,758,True,player_points,False,18.5,under,betonlineag,-125.0,0.540174,0.459826,2,False,0.017511,True,-2.7686,,,,31.396559,2026-07-28T20:15:14Z,2026-07-28T20:15:45.396559+00:00,PENDING_VALIDATION,False,,insufficient_consensus_books,MARKET_DISLOCATION
c2e520af9bd7e828a76959862d941068,Flau'jae Johnson,67080,True,player_points,False,14.5,under,draftkings,-111.0,0.511439,0.488561,8,True,0.012311,True,-2.7806,,,,26.396559,2026-07-28T20:15:19Z,2026-07-28T20:15:45.396559+00:00,PENDING_VALIDATION,False,,,MARKET_DISLOCATION
e4dc370d08264200533bf3816f82c622,Kiki Iriafen,735,True,player_points,False,14.5,under,espnbet,-135.0,0.558346,0.441654,2,False,0.000523,True,-2.8064,,,,26.396559,2026-07-28T20:15:19Z,2026-07-28T20:15:45.396559+00:00,PENDING_VALIDATION,False,,insufficient_consensus_books,MARKET_DISLOCATION
786c1161bd8d7bbab01efa2e850df8bb,Natasha Howard,385,True,player_assists,False,2.5,over,rebet,-113.0,0.515585,0.515585,5,True,0.013276,True,-2.8146,,,,61.396559,2026-07-28T20:14:44Z,2026-07-28T20:15:45.396559+00:00,PENDING_VALIDATION,False,,,MARKET_DISLOCATION
e4dc370d08264200533bf3816f82c622,Shakira Austin,650,True,player_points,False,14.5,over,rebet,-123.0,0.535973,0.535973,4,True,0.012309,True,-2.8277,,,,4.396559,2026-07-28T20:15:41Z,2026-07-28T20:15:45.396559+00:00,PENDING_VALIDATION,False,,,MARKET_DISLOCATION
786c1161bd8d7bbab01efa2e850df8bb,Marina Mabrey,569,True,player_threes,False,2.5,over,draftkings,-134.0,0.556391,0.556391,8,True,0.010898,True,-2.8392,,,,27.396559,2026-07-28T20:15:18Z,2026-07-28T20:15:45.396559+00:00,PENDING_VALIDATION,False,,,MARKET_DISLOCATION
fa632e2d144f67960024500509077a4a,Nneka Ogwumike,309,True,player_rebounds,False,8.5,over,betonlineag,-118.0,0.5258,0.5258,7,False,0.025336,True,-2.8607,,,,12.396559,2026-07-28T20:15:33Z,2026-07-28T20:15:45.396559+00:00,PENDING_VALIDATION,False,,,MARKET_DISLOCATION
e4dc370d08264200533bf3816f82c622,Shakira Austin,650,True,player_assists,False,2.5,under,rebet,-136.0,0.559595,0.440405,4,True,0.01147,True,-2.8937,,,,4.396559,2026-07-28T20:15:41Z,2026-07-28T20:15:45.396559+00:00,PENDING_VALIDATION,False,,,MARKET_DISLOCATION
c2e520af9bd7e828a76959862d941068,Awa Fam,67076,True,player_rebounds,False,6.5,over,rebet,-105.0,0.497333,0.497333,8,True,0.015348,True,-2.9017,,,,48.396559,2026-07-28T20:14:57Z,2026-07-28T20:15:45.396559+00:00,PENDING_VALIDATION,False,,,MARKET_DISLOCATION
786c1161bd8d7bbab01efa2e850df8bb,Olivia Miles,67053,True,player_assists,False,6.5,under,fanduel,116.0,0.449401,0.550599,8,True,0.012196,True,-2.9294,,,,34.396559,2026-07-28T20:15:11Z,2026-07-28T20:15:45.396559+00:00,PENDING_VALIDATION,False,,,MARKET_DISLOCATION
fa632e2d144f67960024500509077a4a,Dearica Hamby,411,True,player_assists,False,2.5,over,rebet,103.0,0.478157,0.478157,5,True,0.010252,True,-2.9342,,,,52.396559,2026-07-28T20:14:53Z,2026-07-28T20:15:45.396559+00:00,PENDING_VALIDATION,False,,,MARKET_DISLOCATION
c2e520af9bd7e828a76959862d941068,Aliyah Boston,676,True,player_threes,False,1.5,under,espnbet,-225.0,0.671958,0.328042,5,False,0.001936,True,-2.9394,,,,17.396559,2026-07-28T20:15:28Z,2026-07-28T20:15:45.396559+00:00,PENDING_VALIDATION,False,,,MARKET_DISLOCATION
c2e520af9bd7e828a76959862d941068,Dominique Malonga,758,True,player_points,False,18.5,under,rebet,-126.0,0.540884,0.459116,2,True,0.016801,True,-2.9843,,,,48.396559,2026-07-28T20:14:57Z,2026-07-28T20:15:45.396559+00:00,PENDING_VALIDATION,False,,insufficient_consensus_books,MARKET_DISLOCATION
606c87e74c7cc6048113e44a4f33506f,Jackie Young,570,True,player_threes,False,1.5,over,betonlineag,-169.0,0.609483,0.609483,8,False,0.009369,True,-2.9877,,,,18.396559,2026-07-28T20:15:27Z,2026-07-28T20:15:45.396559+00:00,PENDING_VALIDATION,False,,,MARKET_DISLOCATION
e4dc370d08264200533bf3816f82c622,Sonia Citron,736,True,player_points,False,16.5,over,rebet,-102.0,0.489664,0.489664,7,True,0.013423,True,-3.0273,,,,4.396559,2026-07-28T20:15:41Z,2026-07-28T20:15:45.396559+00:00,PENDING_VALIDATION,False,,,MARKET_DISLOCATION
c2e520af9bd7e828a76959862d941068,Awa Fam,67076,True,player_points,False,12.5,under,williamhill_us,-124.0,0.536636,0.463364,6,False,0.026252,True,-3.0593,,,,103.396559,2026-07-28T20:14:02Z,2026-07-28T20:15:45.396559+00:00,PENDING_VALIDATION,False,,,MARKET_DISLOCATION
c2e520af9bd7e828a76959862d941068,Caitlin Clark,708,True,player_points,False,20.5,over,betparx,-115.0,0.518408,0.518408,8,True,0.010687,True,-3.0802,,,,53.396559,2026-07-28T20:14:52Z,2026-07-28T20:15:45.396559+00:00,PENDING_VALIDATION,False,,,MARKET_DISLOCATION
606c87e74c7cc6048113e44a4f33506f,A'ja Wilson,535,True,player_assists,False,3.5,under,espnbet,-150.0,0.58144,0.41856,6,True,0.027226,True,-3.0933,,,,19.396559,2026-07-28T20:15:26Z,2026-07-28T20:15:45.396559+00:00,PENDING_VALIDATION,False,,,MARKET_DISLOCATION
c2e520af9bd7e828a76959862d941068,Awa Fam,67076,True,player_threes,False,1.5,under,draftkings,-122.0,0.532514,0.467486,8,True,0.010315,True,-3.1,,,,26.396559,2026-07-28T20:15:19Z,2026-07-28T20:15:45.396559+00:00,PENDING_VALIDATION,False,,,MARKET_DISLOCATION
606c87e74c7cc6048113e44a4f33506f,Jackie Young,570,True,player_rebounds,False,4.5,over,draftkings,113.0,0.454921,0.454921,2,False,0.00084,True,-3.1017,,,,23.396559,2026-07-28T20:15:22Z,2026-07-28T20:15:45.396559+00:00,PENDING_VALIDATION,False,,insufficient_consensus_books,MARKET_DISLOCATION
e4dc370d08264200533bf3816f82c622,Sonia Citron,736,True,player_assists,False,3.5,under,rebet,-119.0,0.526511,0.473489,7,True,0.011861,True,-3.1043,,,,4.396559,2026-07-28T20:15:41Z,2026-07-28T20:15:45.396559+00:00,PENDING_VALIDATION,False,,,MARKET_DISLOCATION
c2e520af9bd7e828a76959862d941068,Kelsey Mitchell,533,True,player_points,False,22.5,under,draftkings,-112.0,0.511851,0.488149,7,True,0.013996,True,-3.1139,,,,26.396559,2026-07-28T20:15:19Z,2026-07-28T20:15:45.396559+00:00,PENDING_VALIDATION,False,,,MARKET_DISLOCATION
606c87e74c7cc6048113e44a4f33506f,Chelsea Gray,410,True,player_assists,False,6.5,over,draftkings,-120.0,0.528468,0.528468,8,True,0.016899,True,-3.1142,,,,23.396559,2026-07-28T20:15:22Z,2026-07-28T20:15:45.396559+00:00,PENDING_VALIDATION,False,,,MARKET_DISLOCATION
786c1161bd8d7bbab01efa2e850df8bb,Courtney Williams,456,True,player_threes,False,1.5,over,fanduel,194.0,0.329541,0.329541,5,True,0.008799,True,-3.1151,,,,34.396559,2026-07-28T20:15:11Z,2026-07-28T20:15:45.396559+00:00,PENDING_VALIDATION,False,,,MARKET_DISLOCATION
786c1161bd8d7bbab01efa2e850df8bb,Marina Mabrey,569,True,player_rebounds,False,2.5,under,espnbet,130.0,0.421237,0.578763,1,False,0.0,True,-3.1154,,,,25.396559,2026-07-28T20:15:20Z,2026-07-28T20:15:45.396559+00:00,PENDING_VALIDATION,False,,insufficient_consensus_books,MARKET_DISLOCATION
fa632e2d144f67960024500509077a4a,Breanna Stewart,468,True,player_assists,False,3.5,under,fanduel,-125.0,0.538223,0.461777,8,True,0.02262,True,-3.1198,,,,4.396559,2026-07-28T20:15:41Z,2026-07-28T20:15:45.396559+00:00,PENDING_VALIDATION,False,,,MARKET_DISLOCATION
fa632e2d144f67960024500509077a4a,Breanna Stewart,468,True,player_assists,False,3.5,under,fliff,-125.0,0.538223,0.461777,8,True,0.021591,True,-3.1198,,,,11.396559,2026-07-28T20:15:34Z,2026-07-28T20:15:45.396559+00:00,PENDING_VALIDATION,False,,,MARKET_DISLOCATION
fa632e2d144f67960024500509077a4a,Breanna Stewart,468,True,player_assists,False,3.5,under,espnbet,-125.0,0.538223,0.461777,8,True,0.021591,True,-3.1198,,,,40.396559,2026-07-28T20:15:05Z,2026-07-28T20:15:45.396559+00:00,PENDING_VALIDATION,False,,,MARKET_DISLOCATION
fa632e2d144f67960024500509077a4a,Sabrina Ionescu,591,True,player_threes,False,2.5,under,draftkings,-146.0,0.574927,0.425073,8,True,0.00929,True,-3.1287,,,,132.396559,2026-07-28T20:13:33Z,2026-07-28T20:15:45.396559+00:00,PENDING_VALIDATION,False,,,MARKET_DISLOCATION
786c1161bd8d7bbab01efa2e850df8bb,Marina Mabrey,569,True,player_rebounds,False,3.5,under,draftkings,-167.0,0.605838,0.394162,6,True,0.009234,True,-3.1384,,,,27.396559,2026-07-28T20:15:18Z,2026-07-28T20:15:45.396559+00:00,PENDING_VALIDATION,False,,,MARKET_DISLOCATION
c2e520af9bd7e828a76959862d941068,Awa Fam,67076,True,player_assists,False,2.5,over,betonlineag,115.0,0.450514,0.450514,5,False,0.017106,True,-3.1395,,,,31.396559,2026-07-28T20:15:14Z,2026-07-28T20:15:45.396559+00:00,PENDING_VALIDATION,False,,,MARKET_DISLOCATION
606c87e74c7cc6048113e44a4f33506f,Megan DiLeo,579,True,player_rebounds,False,3.5,under,espnbet,115.0,0.450514,0.549486,5,False,0.014672,True,-3.1395,,,,19.396559,2026-07-28T20:15:26Z,2026-07-28T20:15:45.396559+00:00,PENDING_VALIDATION,False,,,MARKET_DISLOCATION
786c1161bd8d7bbab01efa2e850df8bb,Natasha Howard,385,True,player_points,False,12.5,under,williamhill_us,-112.0,0.511663,0.488337,8,True,0.009194,True,-3.1495,,,,112.396559,2026-07-28T20:13:53Z,2026-07-28T20:15:45.396559+00:00,PENDING_VALIDATION,False,,,MARKET_DISLOCATION
fa632e2d144f67960024500509077a4a,Sabrina Ionescu,591,True,player_points,False,18.5,over,betparx,100.0,0.484249,0.484249,8,True,0.016806,True,-3.1502,,,,16.396559,2026-07-28T20:15:29Z,2026-07-28T20:15:45.396559+00:00,PENDING_VALIDATION,False,,,MARKET_DISLOCATION
786c1161bd8d7bbab01efa2e850df8bb,Courtney Williams,456,True,player_assists,False,4.5,over,espnbet,125.0,0.430403,0.430403,3,False,0.010226,True,-3.1593,,,,25.396559,2026-07-28T20:15:20Z,2026-07-28T20:15:45.396559+00:00,PENDING_VALIDATION,False,,,MARKET_DISLOCATION
fa632e2d144f67960024500509077a4a,Nneka Ogwumike,309,True,player_points,False,17.5,under,rebet,-102.0,0.488907,0.511093,8,True,0.018008,True,-3.1773,,,,52.396559,2026-07-28T20:14:53Z,2026-07-28T20:15:45.396559+00:00,PENDING_VALIDATION,False,,,MARKET_DISLOCATION
e4dc370d08264200533bf3816f82c622,Shakira Austin,650,True,player_rebounds,False,9.5,over,betonlineag,102.0,0.479296,0.479296,7,False,0.014033,True,-3.1822,,,,53.396559,2026-07-28T20:14:52Z,2026-07-28T20:15:45.396559+00:00,PENDING_VALIDATION,False,,,MARKET_DISLOCATION
fa632e2d144f67960024500509077a4a,Nneka Ogwumike,309,True,player_rebounds,False,8.5,over,rebet,-119.0,0.5258,0.5258,7,True,0.025329,True,-3.2352,,,,52.396559,2026-07-28T20:14:53Z,2026-07-28T20:15:45.396559+00:00,PENDING_VALIDATION,False,,,MARKET_DISLOCATION
786c1161bd8d7bbab01efa2e850df8bb,Natasha Howard,385,True,player_rebounds,False,6.5,under,draftkings,-117.0,0.521684,0.478316,8,True,0.00944,True,-3.2433,,,,27.396559,2026-07-28T20:15:18Z,2026-07-28T20:15:45.396559+00:00,PENDING_VALIDATION,False,,,MARKET_DISLOCATION
606c87e74c7cc6048113e44a4f33506f,Emily Engstler,648,True,player_threes,False,1.5,under,rebet,-255.0,0.694797,0.305203,3,True,0.009636,True,-3.2734,,,,42.396559,2026-07-28T20:15:03Z,2026-07-28T20:15:45.396559+00:00,PENDING_VALIDATION,False,,,MARKET_DISLOCATION
e4dc370d08264200533bf3816f82c622,Leïla Lacan,773,True,player_points,False,12.5,under,draftkings,-113.0,0.513112,0.486888,5,False,0.006143,True,-3.2807,,,,44.396559,2026-07-28T20:15:01Z,2026-07-28T20:15:45.396559+00:00,PENDING_VALIDATION,False,,,MARKET_DISLOCATION
c2e520af9bd7e828a76959862d941068,Awa Fam,67076,True,player_points,False,12.5,over,fanduel,104.0,0.47408,0.47408,6,False,0.026452,True,-3.2877,,,,41.396559,2026-07-28T20:15:04Z,2026-07-28T20:15:45.396559+00:00,PENDING_VALIDATION,False,,,MARKET_DISLOCATION
786c1161bd8d7bbab01efa2e850df8bb,Olivia Miles,67053,True,player_points,False,17.5,over,betonlineag,-102.0,0.488337,0.488337,8,False,0.009096,True,-3.2901,,,,38.396559,2026-07-28T20:15:07Z,2026-07-28T20:15:45.396559+00:00,PENDING_VALIDATION,False,,,MARKET_DISLOCATION
c2e520af9bd7e828a76959862d941068,Awa Fam,67076,True,player_points,False,11.5,under,betparx,-118.0,0.523373,0.476627,2,True,0.00071,True,-3.309,,,,53.396559,2026-07-28T20:14:52Z,2026-07-28T20:15:45.396559+00:00,PENDING_VALIDATION,False,,insufficient_consensus_books,MARKET_DISLOCATION
786c1161bd8d7bbab01efa2e850df8bb,Olivia Miles,67053,True,player_points,False,17.5,under,hardrockbet,-115.0,0.516847,0.483153,8,True,0.00897,True,-3.3721,,,,40.396559,2026-07-28T20:15:05Z,2026-07-28T20:15:45.396559+00:00,PENDING_VALIDATION,False,,,MARKET_DISLOCATION
c2e520af9bd7e828a76959862d941068,Flau'jae Johnson,67080,True,player_threes,False,1.5,under,betparx,-190.0,0.633079,0.366921,8,True,0.010758,True,-3.3722,,,,53.396559,2026-07-28T20:14:52Z,2026-07-28T20:15:45.396559+00:00,PENDING_VALIDATION,False,,,MARKET_DISLOCATION
c2e520af9bd7e828a76959862d941068,Flau'jae Johnson,67080,True,player_threes,False,1.5,under,hardrockbet,-190.0,0.633079,0.366921,8,True,0.010758,True,-3.3722,,,,46.396559,2026-07-28T20:14:59Z,2026-07-28T20:15:45.396559+00:00,PENDING_VALIDATION,False,,,MARKET_DISLOCATION
786c1161bd8d7bbab01efa2e850df8bb,Olivia Miles,67053,True,player_assists,False,6.5,under,espnbet,115.0,0.449401,0.550599,8,True,0.012266,True,-3.3788,,,,25.396559,2026-07-28T20:15:20Z,2026-07-28T20:15:45.396559+00:00,PENDING_VALIDATION,False,,,MARKET_DISLOCATION
c2e520af9bd7e828a76959862d941068,Awa Fam,67076,True,player_points,False,11.5,over,betonlineag,-103.0,0.490225,0.490225,2,False,0.012888,True,-3.3828,,,,31.396559,2026-07-28T20:15:14Z,2026-07-28T20:15:45.396559+00:00,PENDING_VALIDATION,False,,insufficient_consensus_books,MARKET_DISLOCATION
786c1161bd8d7bbab01efa2e850df8bb,Kayla McBride,374,True,player_points,False,17.5,under,draftkings,-105.0,0.494832,0.505168,6,True,0.014043,True,-3.3899,,,,27.396559,2026-07-28T20:15:18Z,2026-07-28T20:15:45.396559+00:00,PENDING_VALIDATION,False,,,MARKET_DISLOCATION
c2e520af9bd7e828a76959862d941068,Kelsey Mitchell,533,True,player_threes,False,2.5,over,draftkings,-149.0,0.578089,0.578089,8,True,0.011216,True,-3.3932,,,,26.396559,2026-07-28T20:15:19Z,2026-07-28T20:15:45.396559+00:00,PENDING_VALIDATION,False,,,MARKET_DISLOCATION
786c1161bd8d7bbab01efa2e850df8bb,Marina Mabrey,569,True,player_points,False,20.5,over,fanduel,-104.0,0.492444,0.492444,6,True,0.02477,True,-3.4052,,,,34.396559,2026-07-28T20:15:11Z,2026-07-28T20:15:45.396559+00:00,PENDING_VALIDATION,False,,,MARKET_DISLOCATION
c2e520af9bd7e828a76959862d941068,Caitlin Clark,708,True,player_threes,False,2.5,over,fanduel,110.0,0.459748,0.459748,8,True,0.004035,True,-3.4528,,,,41.396559,2026-07-28T20:15:04Z,2026-07-28T20:15:45.396559+00:00,PENDING_VALIDATION,False,,,MARKET_DISLOCATION
c2e520af9bd7e828a76959862d941068,Dominique Malonga,758,True,player_points,False,17.5,under,fanduel,-106.0,0.496794,0.503206,6,False,0.009594,True,-3.4533,,,,41.396559,2026-07-28T20:15:04Z,2026-07-28T20:15:45.396559+00:00,PENDING_VALIDATION,False,,,MARKET_DISLOCATION
606c87e74c7cc6048113e44a4f33506f,NaLyssa Smith,645,True,player_rebounds,False,5.5,over,fanduel,108.0,0.464142,0.464142,8,True,0.009857,True,-3.4585,,,,32.396559,2026-07-28T20:15:13Z,2026-07-28T20:15:45.396559+00:00,PENDING_VALIDATION,False,,,MARKET_DISLOCATION
fa632e2d144f67960024500509077a4a,Rae Burrell,640,True,player_points,False,14.5,under,fanduel,104.0,0.473243,0.526757,7,True,0.021832,True,-3.4585,,,,4.396559,2026-07-28T20:15:41Z,2026-07-28T20:15:45.396559+00:00,PENDING_VALIDATION,False,,,MARKET_DISLOCATION
786c1161bd8d7bbab01efa2e850df8bb,Isabelle Harrison,455,True,player_points,False,11.5,over,fanduel,100.0,0.482669,0.482669,7,True,0.020683,True,-3.4661,,,,34.396559,2026-07-28T20:15:11Z,2026-07-28T20:15:45.396559+00:00,PENDING_VALIDATION,False,,,MARKET_DISLOCATION
c2e520af9bd7e828a76959862d941068,Caitlin Clark,708,True,player_points,False,20.5,over,betonlineag,-116.0,0.518408,0.518408,8,False,0.012794,True,-3.4688,,,,31.396559,2026-07-28T20:15:14Z,2026-07-28T20:15:45.396559+00:00,PENDING_VALIDATION,False,,,MARKET_DISLOCATION
786c1161bd8d7bbab01efa2e850df8bb,Marina Mabrey,569,True,player_rebounds,False,3.5,over,fanduel,142.0,0.398829,0.398829,6,True,0.007602,True,-3.4834,,,,34.396559,2026-07-28T20:15:11Z,2026-07-28T20:15:45.396559+00:00,PENDING_VALIDATION,False,,,MARKET_DISLOCATION
c2e520af9bd7e828a76959862d941068,Awa Fam,67076,True,player_threes,False,1.5,over,espnbet,105.0,0.470749,0.470749,8,True,0.009497,True,-3.4964,,,,17.396559,2026-07-28T20:15:28Z,2026-07-28T20:15:45.396559+00:00,PENDING_VALIDATION,False,,,MARKET_DISLOCATION
786c1161bd8d7bbab01efa2e850df8bb,Marina Mabrey,569,True,player_rebounds,False,2.5,over,fliff,-165.0,0.600791,0.600791,1,False,0.0,True,-3.5094,,,,14.396559,2026-07-28T20:15:31Z,2026-07-28T20:15:45.396559+00:00,PENDING_VALIDATION,False,,insufficient_consensus_books,MARKET_DISLOCATION
e4dc370d08264200533bf3816f82c622,Michaela Onyenwere,615,True,player_points,False,9.5,under,fanduel,-110.0,0.505384,0.494616,7,True,0.021248,True,-3.5176,,,,52.396559,2026-07-28T20:14:53Z,2026-07-28T20:15:45.396559+00:00,PENDING_VALIDATION,False,,,MARKET_DISLOCATION
e4dc370d08264200533bf3816f82c622,Michaela Onyenwere,615,True,player_points,False,9.5,over,espnbet,-110.0,0.505384,0.505384,7,True,0.022284,True,-3.5176,,,,26.396559,2026-07-28T20:15:19Z,2026-07-28T20:15:45.396559+00:00,PENDING_VALIDATION,False,,,MARKET_DISLOCATION
c2e520af9bd7e828a76959862d941068,Awa Fam,67076,True,player_rebounds,False,6.5,under,fliff,-110.0,0.505359,0.494641,8,True,0.015345,True,-3.5223,,,,28.396559,2026-07-28T20:15:17Z,2026-07-28T20:15:45.396559+00:00,PENDING_VALIDATION,False,,,MARKET_DISLOCATION
c2e520af9bd7e828a76959862d941068,Awa Fam,67076,True,player_rebounds,False,6.5,under,hardrockbet,-110.0,0.505359,0.494641,8,True,0.015345,True,-3.5223,,,,46.396559,2026-07-28T20:14:59Z,2026-07-28T20:15:45.396559+00:00,PENDING_VALIDATION,False,,,MARKET_DISLOCATION
fa632e2d144f67960024500509077a4a,Jonquel Jones,465,True,player_rebounds,False,9.5,over,fanduel,114.0,0.450751,0.450751,7,True,0.011794,True,-3.5393,,,,4.396559,2026-07-28T20:15:41Z,2026-07-28T20:15:45.396559+00:00,PENDING_VALIDATION,False,,,MARKET_DISLOCATION
786c1161bd8d7bbab01efa2e850df8bb,Natasha Howard,385,True,player_points,False,12.5,under,draftkings,-113.0,0.511663,0.488337,8,True,0.010378,True,-3.5538,,,,27.396559,2026-07-28T20:15:18Z,2026-07-28T20:15:45.396559+00:00,PENDING_VALIDATION,False,,,MARKET_DISLOCATION
e4dc370d08264200533bf3816f82c622,Aneesah Morrow,757,True,player_points,False,9.5,under,draftkings,-130.0,0.545127,0.454873,1,False,0.0,True,-3.5544,,,,44.396559,2026-07-28T20:15:01Z,2026-07-28T20:15:45.396559+00:00,PENDING_VALIDATION,False,,insufficient_consensus_books,MARKET_DISLOCATION
786c1161bd8d7bbab01efa2e850df8bb,Courtney Williams,456,True,player_rebounds,False,4.5,over,hardrockbet,-110.0,0.505168,0.505168,8,True,0.009471,True,-3.5588,,,,40.396559,2026-07-28T20:15:05Z,2026-07-28T20:15:45.396559+00:00,PENDING_VALIDATION,False,,,MARKET_DISLOCATION
fa632e2d144f67960024500509077a4a,Ariel Atkins,544,True,player_rebounds,False,2.5,over,rebet,-161.0,0.594896,0.594896,4,True,0.005029,True,-3.5603,,,,52.396559,2026-07-28T20:14:53Z,2026-07-28T20:15:45.396559+00:00,PENDING_VALIDATION,False,,,MARKET_DISLOCATION
786c1161bd8d7bbab01efa2e850df8bb,Napheesa Collier,573,True,player_points,False,18.5,under,fanduel,-104.0,0.491424,0.508576,5,True,0.003615,True,-3.6054,,,,34.396559,2026-07-28T20:15:11Z,2026-07-28T20:15:45.396559+00:00,PENDING_VALIDATION,False,,,MARKET_DISLOCATION
fa632e2d144f67960024500509077a4a,Sabrina Ionescu,591,True,player_rebounds,False,4.5,under,williamhill_us,-157.0,0.588816,0.411184,7,True,0.006732,True,-3.6142,,,,83.396559,2026-07-28T20:14:22Z,2026-07-28T20:15:45.396559+00:00,PENDING_VALIDATION,False,,,MARKET_DISLOCATION
e4dc370d08264200533bf3816f82c622,Michaela Onyenwere,615,True,player_threes,False,1.5,under,draftkings,-162.0,0.59596,0.40404,7,True,0.010844,True,-3.6164,,,,44.396559,2026-07-28T20:15:01Z,2026-07-28T20:15:45.396559+00:00,PENDING_VALIDATION,False,,,MARKET_DISLOCATION
fa632e2d144f67960024500509077a4a,Nneka Ogwumike,309,True,player_rebounds,False,8.5,under,fanduel,-104.0,0.491263,0.508737,7,True,0.025791,True,-3.637,,,,4.396559,2026-07-28T20:15:41Z,2026-07-28T20:15:45.396559+00:00,PENDING_VALIDATION,False,,,MARKET_DISLOCATION
e4dc370d08264200533bf3816f82c622,Sonia Citron,736,True,player_rebounds,False,3.5,under,williamhill_us,-160.0,0.592815,0.407185,6,True,0.009568,True,-3.6676,,,,112.396559,2026-07-28T20:13:53Z,2026-07-28T20:15:45.396559+00:00,PENDING_VALIDATION,False,,,MARKET_DISLOCATION
e4dc370d08264200533bf3816f82c622,Sonia Citron,736,True,player_rebounds,False,3.5,under,espnbet,-160.0,0.592815,0.407185,6,True,0.010954,True,-3.6676,,,,26.396559,2026-07-28T20:15:19Z,2026-07-28T20:15:45.396559+00:00,PENDING_VALIDATION,False,,,MARKET_DISLOCATION
c2e520af9bd7e828a76959862d941068,Flau'jae Johnson,67080,True,player_points,False,14.5,over,fanduel,-106.0,0.495663,0.495663,8,True,0.01428,True,-3.6731,,,,41.396559,2026-07-28T20:15:04Z,2026-07-28T20:15:45.396559+00:00,PENDING_VALIDATION,False,,,MARKET_DISLOCATION
c2e520af9bd7e828a76959862d941068,Flau'jae Johnson,67080,True,player_points,False,14.5,over,betparx,-106.0,0.495663,0.495663,8,True,0.012508,True,-3.6731,,,,53.396559,2026-07-28T20:14:52Z,2026-07-28T20:15:45.396559+00:00,PENDING_VALIDATION,False,,,MARKET_DISLOCATION
e4dc370d08264200533bf3816f82c622,Aneesah Morrow,757,True,player_points,False,9.5,over,williamhill_us,105.0,0.469867,0.469867,1,False,0.0,True,-3.6774,,,,112.396559,2026-07-28T20:13:53Z,2026-07-28T20:15:45.396559+00:00,PENDING_VALIDATION,False,,insufficient_consensus_books,MARKET_DISLOCATION
fa632e2d144f67960024500509077a4a,Jonquel Jones,465,True,player_threes,False,1.5,over,draftkings,-124.0,0.533079,0.533079,8,True,0.009958,True,-3.7018,,,,132.396559,2026-07-28T20:13:33Z,2026-07-28T20:15:45.396559+00:00,PENDING_VALIDATION,False,,,MARKET_DISLOCATION
606c87e74c7cc6048113e44a4f33506f,Chelsea Gray,410,True,player_points,False,11.5,under,draftkings,-108.0,0.5,0.5,8,True,0.005819,True,-3.7037,,,,23.396559,2026-07-28T20:15:22Z,2026-07-28T20:15:45.396559+00:00,PENDING_VALIDATION,False,,,MARKET_DISLOCATION
786c1161bd8d7bbab01efa2e850df8bb,Isabelle Harrison,455,True,player_points,False,11.5,under,draftkings,-123.0,0.531136,0.468864,7,True,0.021419,True,-3.7045,,,,27.396559,2026-07-28T20:15:18Z,2026-07-28T20:15:45.396559+00:00,PENDING_VALIDATION,False,,,MARKET_DISLOCATION
606c87e74c7cc6048113e44a4f33506f,Emily Engstler,648,True,player_points,False,9.5,over,betparx,102.0,0.476627,0.476627,6,True,0.003634,True,-3.7214,,,,107.396559,2026-07-28T20:13:58Z,2026-07-28T20:15:45.396559+00:00,PENDING_VALIDATION,False,,,MARKET_DISLOCATION
606c87e74c7cc6048113e44a4f33506f,A'ja Wilson,535,True,player_rebounds,False,9.5,over,fanduel,-110.0,0.504288,0.504288,6,True,0.018788,True,-3.7268,,,,32.396559,2026-07-28T20:15:13Z,2026-07-28T20:15:45.396559+00:00,PENDING_VALIDATION,False,,,MARKET_DISLOCATION
606c87e74c7cc6048113e44a4f33506f,Bridget Carleton,562,True,player_assists,False,2.5,under,rebet,-202.0,0.643864,0.356136,1,True,0.0,True,-3.7392,,,,42.396559,2026-07-28T20:15:03Z,2026-07-28T20:15:45.396559+00:00,PENDING_VALIDATION,False,,insufficient_consensus_books,MARKET_DISLOCATION
786c1161bd8d7bbab01efa2e850df8bb,Olivia Miles,67053,True,player_rebounds,False,4.5,under,espnbet,100.0,0.481261,0.518739,8,True,0.018597,True,-3.7477,,,,25.396559,2026-07-28T20:15:20Z,2026-07-28T20:15:45.396559+00:00,PENDING_VALIDATION,False,,,MARKET_DISLOCATION
fa632e2d144f67960024500509077a4a,Rae Burrell,640,True,player_rebounds,False,2.5,under,draftkings,-123.0,0.530854,0.469146,5,True,0.01179,True,-3.7557,,,,132.396559,2026-07-28T20:13:33Z,2026-07-28T20:15:45.396559+00:00,PENDING_VALIDATION,False,,,MARKET_DISLOCATION
fa632e2d144f67960024500509077a4a,Rae Burrell,640,True,player_assists,False,2.5,over,draftkings,-145.0,0.569597,0.569597,7,True,0.012598,True,-3.7577,,,,132.396559,2026-07-28T20:13:33Z,2026-07-28T20:15:45.396559+00:00,PENDING_VALIDATION,False,,,MARKET_DISLOCATION
fa632e2d144f67960024500509077a4a,Rae Burrell,640,True,player_assists,False,2.5,over,betonlineag,-145.0,0.569597,0.569597,7,False,0.013586,True,-3.7577,,,,12.396559,2026-07-28T20:15:33Z,2026-07-28T20:15:45.396559+00:00,PENDING_VALIDATION,False,,,MARKET_DISLOCATION
fa632e2d144f67960024500509077a4a,Rae Burrell,640,True,player_assists,False,2.5,over,rebet,-145.0,0.569597,0.569597,7,True,0.013057,True,-3.7577,,,,52.396559,2026-07-28T20:14:53Z,2026-07-28T20:15:45.396559+00:00,PENDING_VALIDATION,False,,,MARKET_DISLOCATION
606c87e74c7cc6048113e44a4f33506f,Megan DiLeo,579,True,player_points,False,13.5,over,draftkings,-103.0,0.488276,0.488276,4,False,0.022982,True,-3.7669,,,,23.396559,2026-07-28T20:15:22Z,2026-07-28T20:15:45.396559+00:00,PENDING_VALIDATION,False,,,MARKET_DISLOCATION
fa632e2d144f67960024500509077a4a,Erica Wheeler,425,True,player_assists,False,6.5,over,betonlineag,118.0,0.4414,0.4414,4,False,0.010611,True,-3.7747,,,,12.396559,2026-07-28T20:15:33Z,2026-07-28T20:15:45.396559+00:00,PENDING_VALIDATION,False,,,MARKET_DISLOCATION
fa632e2d144f67960024500509077a4a,Nneka Ogwumike,309,True,player_assists,False,3.5,under,draftkings,-161.0,0.593572,0.406428,6,True,0.018488,True,-3.775,,,,132.396559,2026-07-28T20:13:33Z,2026-07-28T20:15:45.396559+00:00,PENDING_VALIDATION,False,,,MARKET_DISLOCATION
786c1161bd8d7bbab01efa2e850df8bb,Marina Mabrey,569,True,player_rebounds,False,3.5,under,williamhill_us,-170.0,0.605838,0.394162,6,True,0.01051,True,-3.7786,,,,112.396559,2026-07-28T20:13:53Z,2026-07-28T20:15:45.396559+00:00,PENDING_VALIDATION,False,,,MARKET_DISLOCATION
606c87e74c7cc6048113e44a4f33506f,A'ja Wilson,535,True,player_assists,False,3.5,under,williamhill_us,-152.0,0.580382,0.419618,6,True,0.028465,True,-3.7788,,,,100.396559,2026-07-28T20:14:05Z,2026-07-28T20:15:45.396559+00:00,PENDING_VALIDATION,False,,,MARKET_DISLOCATION
c2e520af9bd7e828a76959862d941068,Sophie Cunningham,558,True,player_rebounds,False,2.5,under,draftkings,-151.0,0.578763,0.421237,5,True,0.007995,True,-3.7951,,,,26.396559,2026-07-28T20:15:19Z,2026-07-28T20:15:45.396559+00:00,PENDING_VALIDATION,False,,,MARKET_DISLOCATION
606c87e74c7cc6048113e44a4f33506f,Emily Engstler,648,True,player_threes,False,1.5,under,espnbet,-260.0,0.694797,0.305203,3,True,0.005724,True,-3.7974,,,,19.396559,2026-07-28T20:15:26Z,2026-07-28T20:15:45.396559+00:00,PENDING_VALIDATION,False,,,MARKET_DISLOCATION
c2e520af9bd7e828a76959862d941068,Natisha Hiedeman,580,True,player_assists,False,4.5,over,rebet,-153.0,0.581768,0.581768,4,True,0.008043,True,-3.7992,,,,48.396559,2026-07-28T20:14:57Z,2026-07-28T20:15:45.396559+00:00,PENDING_VALIDATION,False,,,MARKET_DISLOCATION
786c1161bd8d7bbab01efa2e850df8bb,Courtney Williams,456,True,player_points,False,13.5,under,fanduel,-113.0,0.510336,0.489664,8,True,0.005649,True,-3.8039,,,,34.396559,2026-07-28T20:15:11Z,2026-07-28T20:15:45.396559+00:00,PENDING_VALIDATION,False,,,MARKET_DISLOCATION
e4dc370d08264200533bf3816f82c622,Sonia Citron,736,True,player_threes,False,1.5,under,rebet,-212.0,0.653592,0.346408,7,True,0.014101,True,-3.811,,,,4.396559,2026-07-28T20:15:41Z,2026-07-28T20:15:45.396559+00:00,PENDING_VALIDATION,False,,,MARKET_DISLOCATION
c2e520af9bd7e828a76959862d941068,Aliyah Boston,676,True,player_points,False,15.5,over,fanduel,-102.0,0.485666,0.485666,8,True,0.007094,True,-3.819,,,,41.396559,2026-07-28T20:15:04Z,2026-07-28T20:15:45.396559+00:00,PENDING_VALIDATION,False,,,MARKET_DISLOCATION
786c1161bd8d7bbab01efa2e850df8bb,Marina Mabrey,569,True,player_threes,False,2.5,under,hardrockbet,115.0,0.447327,0.552673,8,True,0.011013,True,-3.8248,,,,40.396559,2026-07-28T20:15:05Z,2026-07-28T20:15:45.396559+00:00,PENDING_VALIDATION,False,,,MARKET_DISLOCATION
786c1161bd8d7bbab01efa2e850df8bb,Olivia Miles,67053,True,player_threes,False,1.5,under,espnbet,-215.0,0.656358,0.343642,8,True,0.019804,True,-3.8359,,,,25.396559,2026-07-28T20:15:20Z,2026-07-28T20:15:45.396559+00:00,PENDING_VALIDATION,False,,,MARKET_DISLOCATION
786c1161bd8d7bbab01efa2e850df8bb,Napheesa Collier,573,True,player_threes,False,1.5,under,betparx,-205.0,0.646305,0.353695,8,True,0.009121,True,-3.8424,,,,42.396559,2026-07-28T20:15:03Z,2026-07-28T20:15:45.396559+00:00,PENDING_VALIDATION,False,,,MARKET_DISLOCATION
fa632e2d144f67960024500509077a4a,Sabrina Ionescu,591,True,player_rebounds,False,4.5,under,draftkings,-158.0,0.588816,0.411184,7,True,0.006322,True,-3.8516,,,,132.396559,2026-07-28T20:13:33Z,2026-07-28T20:15:45.396559+00:00,PENDING_VALIDATION,False,,,MARKET_DISLOCATION
c2e520af9bd7e828a76959862d941068,Kelsey Mitchell,533,True,player_assists,False,2.5,over,rebet,107.0,0.464431,0.464431,5,True,0.024143,True,-3.8628,,,,48.396559,2026-07-28T20:14:57Z,2026-07-28T20:15:45.396559+00:00,PENDING_VALIDATION,False,,,MARKET_DISLOCATION
786c1161bd8d7bbab01efa2e850df8bb,Kayla McBride,374,True,player_rebounds,False,2.5,over,hardrockbet,-155.0,0.584362,0.584362,7,True,0.010155,True,-3.8631,,,,40.396559,2026-07-28T20:15:05Z,2026-07-28T20:15:45.396559+00:00,PENDING_VALIDATION,False,,,MARKET_DISLOCATION
fa632e2d144f67960024500509077a4a,Sabrina Ionescu,591,True,player_assists,False,5.5,under,draftkings,-160.0,0.591601,0.408399,5,True,0.002565,True,-3.8649,,,,132.396559,2026-07-28T20:13:33Z,2026-07-28T20:15:45.396559+00:00,PENDING_VALIDATION,False,,,MARKET_DISLOCATION
c2e520af9bd7e828a76959862d941068,Caitlin Clark,708,True,player_rebounds,False,3.5,over,fliff,-130.0,0.543301,0.543301,8,True,0.002846,True,-3.8775,,,,28.396559,2026-07-28T20:15:17Z,2026-07-28T20:15:45.396559+00:00,PENDING_VALIDATION,False,,,MARKET_DISLOCATION
786c1161bd8d7bbab01efa2e850df8bb,Napheesa Collier,573,True,player_points,False,19.5,under,hardrockbet,-115.0,0.514012,0.485988,2,False,0.017125,True,-3.9022,,,,40.396559,2026-07-28T20:15:05Z,2026-07-28T20:15:45.396559+00:00,PENDING_VALIDATION,False,,insufficient_consensus_books,MARKET_DISLOCATION
fa632e2d144f67960024500509077a4a,Sabrina Ionescu,591,True,player_threes,False,2.5,over,fanduel,124.0,0.428981,0.428981,8,True,0.009924,True,-3.9082,,,,4.396559,2026-07-28T20:15:41Z,2026-07-28T20:15:45.396559+00:00,PENDING_VALIDATION,False,,,MARKET_DISLOCATION
606c87e74c7cc6048113e44a4f33506f,A'ja Wilson,535,True,player_rebounds,False,9.5,under,draftkings,-111.0,0.505411,0.494589,6,True,0.017181,True,-3.9263,,,,23.396559,2026-07-28T20:15:22Z,2026-07-28T20:15:45.396559+00:00,PENDING_VALIDATION,False,,,MARKET_DISLOCATION
e4dc370d08264200533bf3816f82c622,Michaela Onyenwere,615,True,player_points,False,9.5,under,draftkings,-111.0,0.505384,0.494616,7,True,0.021261,True,-3.9315,,,,44.396559,2026-07-28T20:15:01Z,2026-07-28T20:15:45.396559+00:00,PENDING_VALIDATION,False,,,MARKET_DISLOCATION
e4dc370d08264200533bf3816f82c622,Michaela Onyenwere,615,True,player_points,False,9.5,under,betonlineag,-111.0,0.505384,0.494616,7,False,0.021688,True,-3.9315,,,,53.396559,2026-07-28T20:14:52Z,2026-07-28T20:15:45.396559+00:00,PENDING_VALIDATION,False,,,MARKET_DISLOCATION
e4dc370d08264200533bf3816f82c622,Sonia Citron,736,True,player_threes,False,1.5,under,williamhill_us,-213.0,0.653592,0.346408,7,True,0.014092,True,-3.9557,,,,112.396559,2026-07-28T20:13:53Z,2026-07-28T20:15:45.396559+00:00,PENDING_VALIDATION,False,,,MARKET_DISLOCATION
e4dc370d08264200533bf3816f82c622,Leïla Lacan,773,True,player_assists,False,4.5,under,williamhill_us,-141.0,0.561905,0.438095,7,True,0.010885,True,-3.9581,,,,112.396559,2026-07-28T20:13:53Z,2026-07-28T20:15:45.396559+00:00,PENDING_VALIDATION,False,,,MARKET_DISLOCATION
606c87e74c7cc6048113e44a4f33506f,Chelsea Gray,410,True,player_rebounds,False,3.5,under,draftkings,-125.0,0.533546,0.466454,8,True,0.005774,True,-3.9618,,,,23.396559,2026-07-28T20:15:22Z,2026-07-28T20:15:45.396559+00:00,PENDING_VALIDATION,False,,,MARKET_DISLOCATION
fa632e2d144f67960024500509077a4a,Pauline Astier,66925,True,player_assists,False,3.5,over,williamhill_us,110.0,0.457276,0.457276,5,True,0.012671,True,-3.9721,,,,83.396559,2026-07-28T20:14:22Z,2026-07-28T20:15:45.396559+00:00,PENDING_VALIDATION,False,,,MARKET_DISLOCATION
fa632e2d144f67960024500509077a4a,Ariel Atkins,544,True,player_threes,False,1.5,under,fanduel,-166.0,0.599206,0.400794,5,True,0.004064,True,-3.9826,,,,4.396559,2026-07-28T20:15:41Z,2026-07-28T20:15:45.396559+00:00,PENDING_VALIDATION,False,,,MARKET_DISLOCATION
786c1161bd8d7bbab01efa2e850df8bb,Kayla McBride,374,True,player_points,False,17.5,over,fanduel,-114.0,0.511428,0.511428,6,True,0.016623,True,-3.9951,,,,34.396559,2026-07-28T20:15:11Z,2026-07-28T20:15:45.396559+00:00,PENDING_VALIDATION,False,,,MARKET_DISLOCATION
786c1161bd8d7bbab01efa2e850df8bb,Courtney Williams,456,True,player_assists,False,4.5,under,betparx,-159.0,0.589099,0.410901,3,False,0.009648,True,-4.0399,,,,42.396559,2026-07-28T20:15:03Z,2026-07-28T20:15:45.396559+00:00,PENDING_VALIDATION,False,,,MARKET_DISLOCATION
786c1161bd8d7bbab01efa2e850df8bb,Natasha Howard,385,True,player_assists,False,2.5,under,fliff,-105.0,0.491503,0.508497,5,True,0.00956,True,-4.04,,,,14.396559,2026-07-28T20:15:31Z,2026-07-28T20:15:45.396559+00:00,PENDING_VALIDATION,False,,,MARKET_DISLOCATION
786c1161bd8d7bbab01efa2e850df8bb,Marina Mabrey,569,True,player_threes,False,2.5,over,fanduel,-138.0,0.556391,0.556391,8,True,0.012684,True,-4.0428,,,,34.396559,2026-07-28T20:15:11Z,2026-07-28T20:15:45.396559+00:00,PENDING_VALIDATION,False,,,MARKET_DISLOCATION
fa632e2d144f67960024500509077a4a,Jonquel Jones,465,True,player_threes,False,1.5,over,hardrockbet,-125.0,0.533079,0.533079,8,True,0.009929,True,-4.0457,,,,29.396559,2026-07-28T20:15:16Z,2026-07-28T20:15:45.396559+00:00,PENDING_VALIDATION,False,,,MARKET_DISLOCATION
c2e520af9bd7e828a76959862d941068,Natisha Hiedeman,580,True,player_assists,False,4.5,over,betonlineag,-154.0,0.581768,0.581768,4,False,0.00919,True,-4.0461,,,,31.396559,2026-07-28T20:15:14Z,2026-07-28T20:15:45.396559+00:00,PENDING_VALIDATION,False,,,MARKET_DISLOCATION
786c1161bd8d7bbab01efa2e850df8bb,Courtney Williams,456,True,player_threes,False,1.5,under,draftkings,-238.0,0.675635,0.324365,5,True,0.012077,True,-4.0484,,,,27.396559,2026-07-28T20:15:18Z,2026-07-28T20:15:45.396559+00:00,PENDING_VALIDATION,False,,,MARKET_DISLOCATION
c2e520af9bd7e828a76959862d941068,Aliyah Boston,676,True,player_threes,False,0.5,over,rebet,-206.0,0.645849,0.645849,2,True,0.002099,True,-4.0632,,,,48.396559,2026-07-28T20:14:57Z,2026-07-28T20:15:45.396559+00:00,PENDING_VALIDATION,False,,insufficient_consensus_books,MARKET_DISLOCATION
786c1161bd8d7bbab01efa2e850df8bb,Kayla McBride,374,True,player_rebounds,False,2.5,under,espnbet,130.0,0.417084,0.582916,7,True,0.010383,True,-4.0707,,,,25.396559,2026-07-28T20:15:20Z,2026-07-28T20:15:45.396559+00:00,PENDING_VALIDATION,False,,,MARKET_DISLOCATION
c2e520af9bd7e828a76959862d941068,Caitlin Clark,708,True,player_assists,False,8.5,over,fanduel,114.0,0.448071,0.448071,8,True,0.010814,True,-4.1129,,,,41.396559,2026-07-28T20:15:04Z,2026-07-28T20:15:45.396559+00:00,PENDING_VALIDATION,False,,,MARKET_DISLOCATION
786c1161bd8d7bbab01efa2e850df8bb,Courtney Williams,456,True,player_rebounds,False,4.5,under,draftkings,-109.0,0.5,0.5,8,True,0.010263,True,-4.1284,,,,27.396559,2026-07-28T20:15:18Z,2026-07-28T20:15:45.396559+00:00,PENDING_VALIDATION,False,,,MARKET_DISLOCATION
786c1161bd8d7bbab01efa2e850df8bb,Courtney Williams,456,True,player_rebounds,False,4.5,under,williamhill_us,-109.0,0.5,0.5,8,True,0.010942,True,-4.1284,,,,112.396559,2026-07-28T20:13:53Z,2026-07-28T20:15:45.396559+00:00,PENDING_VALIDATION,False,,,MARKET_DISLOCATION
786c1161bd8d7bbab01efa2e850df8bb,Isabelle Harrison,455,True,player_rebounds,False,5.5,under,fanduel,108.0,0.460898,0.539102,7,True,0.007275,True,-4.1333,,,,34.396559,2026-07-28T20:15:11Z,2026-07-28T20:15:45.396559+00:00,PENDING_VALIDATION,False,,,MARKET_DISLOCATION
fa632e2d144f67960024500509077a4a,Jonquel Jones,465,True,player_points,False,15.5,over,hardrockbet,105.0,0.467633,0.467633,2,False,0.011871,True,-4.1353,,,,29.396559,2026-07-28T20:15:16Z,2026-07-28T20:15:45.396559+00:00,PENDING_VALIDATION,False,,insufficient_consensus_books,MARKET_DISLOCATION
786c1161bd8d7bbab01efa2e850df8bb,Olivia Miles,67053,True,player_points,False,17.5,under,williamhill_us,-117.0,0.516847,0.483153,8,True,0.009573,True,-4.1403,,,,112.396559,2026-07-28T20:13:53Z,2026-07-28T20:15:45.396559+00:00,PENDING_VALIDATION,False,,,MARKET_DISLOCATION
e4dc370d08264200533bf3816f82c622,Shakira Austin,650,True,player_rebounds,False,9.5,over,rebet,100.0,0.479296,0.479296,7,True,0.014396,True,-4.1408,,,,4.396559,2026-07-28T20:15:41Z,2026-07-28T20:15:45.396559+00:00,PENDING_VALIDATION,False,,,MARKET_DISLOCATION
c2e520af9bd7e828a76959862d941068,Natisha Hiedeman,580,True,player_points,False,15.5,over,fanduel,100.0,0.479296,0.479296,7,True,0.014922,True,-4.1408,,,,41.396559,2026-07-28T20:15:04Z,2026-07-28T20:15:45.396559+00:00,PENDING_VALIDATION,False,,,MARKET_DISLOCATION
c2e520af9bd7e828a76959862d941068,Caitlin Clark,708,True,player_assists,False,8.5,under,draftkings,-137.0,0.55408,0.44592,8,True,0.010927,True,-4.1483,,,,26.396559,2026-07-28T20:15:19Z,2026-07-28T20:15:45.396559+00:00,PENDING_VALIDATION,False,,,MARKET_DISLOCATION
c2e520af9bd7e828a76959862d941068,Kelsey Mitchell,533,True,player_points,False,22.5,over,fanduel,-104.0,0.488577,0.488577,7,True,0.013624,True,-4.1637,,,,41.396559,2026-07-28T20:15:04Z,2026-07-28T20:15:45.396559+00:00,PENDING_VALIDATION,False,,,MARKET_DISLOCATION
fa632e2d144f67960024500509077a4a,Pauline Astier,66925,True,player_points,False,8.5,under,williamhill_us,-102.0,0.483831,0.516169,4,True,0.00277,True,-4.1826,,,,83.396559,2026-07-28T20:14:22Z,2026-07-28T20:15:45.396559+00:00,PENDING_VALIDATION,False,,,MARKET_DISLOCATION
786c1161bd8d7bbab01efa2e850df8bb,Marina Mabrey,569,True,player_rebounds,False,3.5,under,rebet,-172.0,0.605838,0.394162,6,True,0.011221,True,-4.193,,,,61.396559,2026-07-28T20:14:44Z,2026-07-28T20:15:45.396559+00:00,PENDING_VALIDATION,False,,,MARKET_DISLOCATION
786c1161bd8d7bbab01efa2e850df8bb,Courtney Williams,456,True,player_points,False,13.5,under,williamhill_us,-114.0,0.510336,0.489664,8,True,0.005137,True,-4.2001,,,,112.396559,2026-07-28T20:13:53Z,2026-07-28T20:15:45.396559+00:00,PENDING_VALIDATION,False,,,MARKET_DISLOCATION
786c1161bd8d7bbab01efa2e850df8bb,Olivia Miles,67053,True,player_points,False,17.5,over,fanduel,-104.0,0.488337,0.488337,8,True,0.009822,True,-4.2108,,,,34.396559,2026-07-28T20:15:11Z,2026-07-28T20:15:45.396559+00:00,PENDING_VALIDATION,False,,,MARKET_DISLOCATION
786c1161bd8d7bbab01efa2e850df8bb,Olivia Miles,67053,True,player_points,False,17.5,over,rebet,-104.0,0.488337,0.488337,8,True,0.009539,True,-4.2108,,,,61.396559,2026-07-28T20:14:44Z,2026-07-28T20:15:45.396559+00:00,PENDING_VALIDATION,False,,,MARKET_DISLOCATION
fa632e2d144f67960024500509077a4a,Rae Burrell,640,True,player_threes,False,1.5,under,draftkings,-138.0,0.555397,0.444603,8,True,0.006095,True,-4.2141,,,,132.396559,2026-07-28T20:13:33Z,2026-07-28T20:15:45.396559+00:00,PENDING_VALIDATION,False,,,MARKET_DISLOCATION
e4dc370d08264200533bf3816f82c622,Shakira Austin,650,True,player_rebounds,False,9.5,under,hardrockbet,-120.0,0.522454,0.477546,7,True,0.013346,True,-4.2167,,,,53.396559,2026-07-28T20:14:52Z,2026-07-28T20:15:45.396559+00:00,PENDING_VALIDATION,False,,,MARKET_DISLOCATION
c2e520af9bd7e828a76959862d941068,Caitlin Clark,708,True,player_points,False,20.5,over,rebet,-118.0,0.518408,0.518408,8,True,0.012789,True,-4.2262,,,,48.396559,2026-07-28T20:14:57Z,2026-07-28T20:15:45.396559+00:00,PENDING_VALIDATION,False,,,MARKET_DISLOCATION
fa632e2d144f67960024500509077a4a,Ariel Atkins,544,True,player_rebounds,False,2.5,over,betonlineag,-164.0,0.594896,0.594896,4,False,0.007189,True,-4.2362,,,,12.396559,2026-07-28T20:15:33Z,2026-07-28T20:15:45.396559+00:00,PENDING_VALIDATION,False,,,MARKET_DISLOCATION
e4dc370d08264200533bf3816f82c622,Leïla Lacan,773,True,player_assists,False,4.5,under,rebet,-142.0,0.561905,0.438095,7,True,0.011071,True,-4.2388,,,,4.396559,2026-07-28T20:15:41Z,2026-07-28T20:15:45.396559+00:00,PENDING_VALIDATION,False,,,MARKET_DISLOCATION
786c1161bd8d7bbab01efa2e850df8bb,Natasha Howard,385,True,player_points,False,12.5,over,hardrockbet,-105.0,0.490463,0.490463,8,True,0.010366,True,-4.2429,,,,40.396559,2026-07-28T20:15:05Z,2026-07-28T20:15:45.396559+00:00,PENDING_VALIDATION,False,,,MARKET_DISLOCATION
e4dc370d08264200533bf3816f82c622,Sonia Citron,736,True,player_assists,False,3.5,over,fanduel,100.0,0.478718,0.478718,7,True,0.011122,True,-4.2563,,,,52.396559,2026-07-28T20:14:53Z,2026-07-28T20:15:45.396559+00:00,PENDING_VALIDATION,False,,,MARKET_DISLOCATION
786c1161bd8d7bbab01efa2e850df8bb,Courtney Williams,456,True,player_assists,False,4.5,under,hardrockbet,-160.0,0.589099,0.410901,3,False,0.009997,True,-4.2715,,,,40.396559,2026-07-28T20:15:05Z,2026-07-28T20:15:45.396559+00:00,PENDING_VALIDATION,False,,,MARKET_DISLOCATION
786c1161bd8d7bbab01efa2e850df8bb,Kayla McBride,374,True,player_threes,False,2.5,under,espnbet,105.0,0.466921,0.533079,8,True,0.005391,True,-4.2812,,,,25.396559,2026-07-28T20:15:20Z,2026-07-28T20:15:45.396559+00:00,PENDING_VALIDATION,False,,,MARKET_DISLOCATION
786c1161bd8d7bbab01efa2e850df8bb,Courtney Williams,456,True,player_threes,False,1.5,under,williamhill_us,-240.0,0.675635,0.324365,5,True,0.012372,True,-4.285,,,,112.396559,2026-07-28T20:13:53Z,2026-07-28T20:15:45.396559+00:00,PENDING_VALIDATION,False,,,MARKET_DISLOCATION
786c1161bd8d7bbab01efa2e850df8bb,Courtney Williams,456,True,player_threes,False,1.5,under,espnbet,-240.0,0.675635,0.324365,5,True,0.010152,True,-4.285,,,,25.396559,2026-07-28T20:15:20Z,2026-07-28T20:15:45.396559+00:00,PENDING_VALIDATION,False,,,MARKET_DISLOCATION
606c87e74c7cc6048113e44a4f33506f,Bridget Carleton,562,True,player_threes,False,2.5,over,rebet,133.0,0.410774,0.410774,6,True,0.01713,True,-4.2896,,,,42.396559,2026-07-28T20:15:03Z,2026-07-28T20:15:45.396559+00:00,PENDING_VALIDATION,False,,,MARKET_DISLOCATION
c2e520af9bd7e828a76959862d941068,Sophie Cunningham,558,True,player_rebounds,False,2.5,under,rebet,-153.0,0.578763,0.421237,5,True,0.009717,True,-4.2961,,,,48.396559,2026-07-28T20:14:57Z,2026-07-28T20:15:45.396559+00:00,PENDING_VALIDATION,False,,,MARKET_DISLOCATION
e4dc370d08264200533bf3816f82c622,Aneesah Morrow,757,True,player_rebounds,False,7.5,over,betonlineag,-123.0,0.527848,0.527848,4,False,0.004826,True,-4.3008,,,,53.396559,2026-07-28T20:14:52Z,2026-07-28T20:15:45.396559+00:00,PENDING_VALIDATION,False,,,MARKET_DISLOCATION
786c1161bd8d7bbab01efa2e850df8bb,Marina Mabrey,569,True,player_points,False,20.5,over,draftkings,-106.0,0.49234,0.49234,6,True,0.02496,True,-4.3188,,,,27.396559,2026-07-28T20:15:18Z,2026-07-28T20:15:45.396559+00:00,PENDING_VALIDATION,False,,,MARKET_DISLOCATION
786c1161bd8d7bbab01efa2e850df8bb,Marina Mabrey,569,True,player_threes,False,2.5,over,betonlineag,-139.0,0.556391,0.556391,8,False,0.013086,True,-4.3328,,,,38.396559,2026-07-28T20:15:07Z,2026-07-28T20:15:45.396559+00:00,PENDING_VALIDATION,False,,,MARKET_DISLOCATION
786c1161bd8d7bbab01efa2e850df8bb,Marina Mabrey,569,True,player_threes,False,2.5,over,rebet,-139.0,0.556391,0.556391,8,True,0.012782,True,-4.3328,,,,61.396559,2026-07-28T20:14:44Z,2026-07-28T20:15:45.396559+00:00,PENDING_VALIDATION,False,,,MARKET_DISLOCATION
606c87e74c7cc6048113e44a4f33506f,A'ja Wilson,535,True,player_rebounds,False,9.5,under,williamhill_us,-112.0,0.505411,0.494589,6,True,0.017755,True,-4.3329,,,,100.396559,2026-07-28T20:14:05Z,2026-07-28T20:15:45.396559+00:00,PENDING_VALIDATION,False,,,MARKET_DISLOCATION
606c87e74c7cc6048113e44a4f33506f,NaLyssa Smith,645,True,player_rebounds,False,5.5,under,betparx,-130.0,0.540688,0.459312,8,True,0.010222,True,-4.3398,,,,107.396559,2026-07-28T20:13:58Z,2026-07-28T20:15:45.396559+00:00,PENDING_VALIDATION,False,,,MARKET_DISLOCATION
606c87e74c7cc6048113e44a4f33506f,NaLyssa Smith,645,True,player_rebounds,False,5.5,under,hardrockbet,-130.0,0.540688,0.459312,8,True,0.010222,True,-4.3398,,,,39.396559,2026-07-28T20:15:06Z,2026-07-28T20:15:45.396559+00:00,PENDING_VALIDATION,False,,,MARKET_DISLOCATION
c2e520af9bd7e828a76959862d941068,Awa Fam,67076,True,player_rebounds,False,6.5,under,betparx,-112.0,0.505359,0.494641,8,True,0.015922,True,-4.3427,,,,53.396559,2026-07-28T20:14:52Z,2026-07-28T20:15:45.396559+00:00,PENDING_VALIDATION,False,,,MARKET_DISLOCATION
786c1161bd8d7bbab01efa2e850df8bb,Kayla McBride,374,True,player_rebounds,False,2.5,over,betparx,-157.0,0.584362,0.584362,7,True,0.010567,True,-4.3433,,,,42.396559,2026-07-28T20:15:03Z,2026-07-28T20:15:45.396559+00:00,PENDING_VALIDATION,False,,,MARKET_DISLOCATION
606c87e74c7cc6048113e44a4f33506f,A'ja Wilson,535,True,player_assists,False,3.5,under,fliff,-155.0,0.58144,0.41856,6,True,0.028319,True,-4.3437,,,,41.396559,2026-07-28T20:15:04Z,2026-07-28T20:15:45.396559+00:00,PENDING_VALIDATION,False,,,MARKET_DISLOCATION
786c1161bd8d7bbab01efa2e850df8bb,Natasha Howard,385,True,player_rebounds,False,6.5,under,espnbet,-120.0,0.521684,0.478316,8,True,0.009161,True,-4.358,,,,25.396559,2026-07-28T20:15:20Z,2026-07-28T20:15:45.396559+00:00,PENDING_VALIDATION,False,,,MARKET_DISLOCATION
c2e520af9bd7e828a76959862d941068,Kelsey Mitchell,533,True,player_threes,False,2.5,under,betparx,125.0,0.425073,0.574927,8,True,0.010977,True,-4.3587,,,,53.396559,2026-07-28T20:14:52Z,2026-07-28T20:15:45.396559+00:00,PENDING_VALIDATION,False,,,MARKET_DISLOCATION
c2e520af9bd7e828a76959862d941068,Kelsey Mitchell,533,True,player_threes,False,2.5,under,hardrockbet,125.0,0.425073,0.574927,8,True,0.010977,True,-4.3587,,,,46.396559,2026-07-28T20:14:59Z,2026-07-28T20:15:45.396559+00:00,PENDING_VALIDATION,False,,,MARKET_DISLOCATION
c2e520af9bd7e828a76959862d941068,Dominique Malonga,758,True,player_points,False,17.5,over,draftkings,-114.0,0.509456,0.509456,6,False,0.010117,True,-4.3653,,,,26.396559,2026-07-28T20:15:19Z,2026-07-28T20:15:45.396559+00:00,PENDING_VALIDATION,False,,,MARKET_DISLOCATION
c2e520af9bd7e828a76959862d941068,Flau'jae Johnson,67080,True,player_points,False,14.5,under,betonlineag,-115.0,0.511439,0.488561,8,False,0.014119,True,-4.3832,,,,31.396559,2026-07-28T20:15:14Z,2026-07-28T20:15:45.396559+00:00,PENDING_VALIDATION,False,,,MARKET_DISLOCATION
e4dc370d08264200533bf3816f82c622,Leïla Lacan,773,True,player_points,False,12.5,over,hardrockbet,-105.0,0.489664,0.489664,5,False,0.008904,True,-4.3989,,,,53.396559,2026-07-28T20:14:52Z,2026-07-28T20:15:45.396559+00:00,PENDING_VALIDATION,False,,,MARKET_DISLOCATION
e4dc370d08264200533bf3816f82c622,Sonia Citron,736,True,player_points,False,16.5,over,hardrockbet,-105.0,0.489664,0.489664,7,True,0.014631,True,-4.3989,,,,53.396559,2026-07-28T20:14:52Z,2026-07-28T20:15:45.396559+00:00,PENDING_VALIDATION,False,,,MARKET_DISLOCATION
c2e520af9bd7e828a76959862d941068,Awa Fam,67076,True,player_points,False,11.5,over,rebet,-105.0,0.489515,0.489515,2,True,0.013598,True,-4.428,,,,48.396559,2026-07-28T20:14:57Z,2026-07-28T20:15:45.396559+00:00,PENDING_VALIDATION,False,,insufficient_consensus_books,MARKET_DISLOCATION
786c1161bd8d7bbab01efa2e850df8bb,Courtney Williams,456,True,player_threes,False,1.5,over,betonlineag,190.0,0.329541,0.329541,5,False,0.011484,True,-4.4332,,,,38.396559,2026-07-28T20:15:07Z,2026-07-28T20:15:45.396559+00:00,PENDING_VALIDATION,False,,,MARKET_DISLOCATION
e4dc370d08264200533bf3816f82c622,Kiki Iriafen,735,True,player_points,False,14.5,over,hardrockbet,110.0,0.454997,0.454997,2,False,0.013866,True,-4.4506,,,,53.396559,2026-07-28T20:14:52Z,2026-07-28T20:15:45.396559+00:00,PENDING_VALIDATION,False,,insufficient_consensus_books,MARKET_DISLOCATION
fa632e2d144f67960024500509077a4a,Erica Wheeler,425,True,player_threes,False,1.5,under,betonlineag,-227.0,0.663046,0.336954,4,False,0.009378,True,-4.4864,,,,12.396559,2026-07-28T20:15:33Z,2026-07-28T20:15:45.396559+00:00,PENDING_VALIDATION,False,,,MARKET_DISLOCATION
c2e520af9bd7e828a76959862d941068,Awa Fam,67076,True,player_assists,False,2.5,over,rebet,112.0,0.450514,0.450514,5,True,0.018115,True,-4.491,,,,48.396559,2026-07-28T20:14:57Z,2026-07-28T20:15:45.396559+00:00,PENDING_VALIDATION,False,,,MARKET_DISLOCATION
fa632e2d144f67960024500509077a4a,Breanna Stewart,468,True,player_assists,False,3.5,under,williamhill_us,-128.0,0.536169,0.463831,8,True,0.022844,True,-4.4948,,,,83.396559,2026-07-28T20:14:22Z,2026-07-28T20:15:45.396559+00:00,PENDING_VALIDATION,False,,,MARKET_DISLOCATION
fa632e2d144f67960024500509077a4a,Rae Burrell,640,True,player_threes,False,1.5,under,williamhill_us,-139.0,0.555397,0.444603,8,True,0.006739,True,-4.5036,,,,83.396559,2026-07-28T20:14:22Z,2026-07-28T20:15:45.396559+00:00,PENDING_VALIDATION,False,,,MARKET_DISLOCATION
e4dc370d08264200533bf3816f82c622,Kiki Iriafen,735,True,player_rebounds,False,9.5,under,williamhill_us,-137.0,0.552016,0.447984,7,True,0.007886,True,-4.5053,,,,112.396559,2026-07-28T20:13:53Z,2026-07-28T20:15:45.396559+00:00,PENDING_VALIDATION,False,,,MARKET_DISLOCATION
e4dc370d08264200533bf3816f82c622,Kiki Iriafen,735,True,player_rebounds,False,9.5,under,betonlineag,-137.0,0.552016,0.447984,7,False,0.008466,True,-4.5053,,,,53.396559,2026-07-28T20:14:52Z,2026-07-28T20:15:45.396559+00:00,PENDING_VALIDATION,False,,,MARKET_DISLOCATION
e4dc370d08264200533bf3816f82c622,Kiki Iriafen,735,True,player_rebounds,False,9.5,under,rebet,-137.0,0.552016,0.447984,7,True,0.007886,True,-4.5053,,,,4.396559,2026-07-28T20:15:41Z,2026-07-28T20:15:45.396559+00:00,PENDING_VALIDATION,False,,,MARKET_DISLOCATION
fa632e2d144f67960024500509077a4a,Erica Wheeler,425,True,player_points,False,10.5,under,betonlineag,-106.0,0.491344,0.508656,3,False,0.011807,True,-4.5125,,,,12.396559,2026-07-28T20:15:33Z,2026-07-28T20:15:45.396559+00:00,PENDING_VALIDATION,False,,,MARKET_DISLOCATION
e4dc370d08264200533bf3816f82c622,Leïla Lacan,773,True,player_assists,False,4.5,under,betonlineag,-143.0,0.561905,0.438095,7,False,0.01126,True,-4.5155,,,,53.396559,2026-07-28T20:14:52Z,2026-07-28T20:15:45.396559+00:00,PENDING_VALIDATION,False,,,MARKET_DISLOCATION
e4dc370d08264200533bf3816f82c622,Shakira Austin,650,True,player_points,False,14.5,under,betparx,100.0,0.4774,0.5226,4,True,0.012639,True,-4.52,,,,48.396559,2026-07-28T20:14:57Z,2026-07-28T20:15:45.396559+00:00,PENDING_VALIDATION,False,,,MARKET_DISLOCATION
786c1161bd8d7bbab01efa2e850df8bb,Kayla McBride,374,True,player_assists,False,2.5,under,draftkings,-160.0,0.587542,0.412458,5,True,0.010218,True,-4.5244,,,,27.396559,2026-07-28T20:15:18Z,2026-07-28T20:15:45.396559+00:00,PENDING_VALIDATION,False,,,MARKET_DISLOCATION
e4dc370d08264200533bf3816f82c622,Aaliyah Edwards,714,True,player_rebounds,False,3.5,over,rebet,-144.0,0.563447,0.563447,2,True,0.004495,True,-4.527,,,,4.396559,2026-07-28T20:15:41Z,2026-07-28T20:15:45.396559+00:00,PENDING_VALIDATION,False,,insufficient_consensus_books,MARKET_DISLOCATION
fa632e2d144f67960024500509077a4a,Nneka Ogwumike,309,True,player_threes,False,1.5,under,fanduel,-138.0,0.553575,0.446425,8,True,0.016829,True,-4.5283,,,,4.396559,2026-07-28T20:15:41Z,2026-07-28T20:15:45.396559+00:00,PENDING_VALIDATION,False,,,MARKET_DISLOCATION
606c87e74c7cc6048113e44a4f33506f,Jackie Young,570,True,player_points,False,17.5,over,betonlineag,100.0,0.477336,0.477336,7,False,0.008218,True,-4.5327,,,,18.396559,2026-07-28T20:15:27Z,2026-07-28T20:15:45.396559+00:00,PENDING_VALIDATION,False,,,MARKET_DISLOCATION
c2e520af9bd7e828a76959862d941068,Sophie Cunningham,558,True,player_rebounds,False,2.5,under,betonlineag,-154.0,0.578763,0.421237,5,False,0.010256,True,-4.5418,,,,31.396559,2026-07-28T20:15:14Z,2026-07-28T20:15:45.396559+00:00,PENDING_VALIDATION,False,,,MARKET_DISLOCATION
606c87e74c7cc6048113e44a4f33506f,Carla Leite,748,True,player_points,False,15.5,under,fanduel,-110.0,0.5,0.5,8,True,0.019056,True,-4.5455,,,,32.396559,2026-07-28T20:15:13Z,2026-07-28T20:15:45.396559+00:00,PENDING_VALIDATION,False,,,MARKET_DISLOCATION
606c87e74c7cc6048113e44a4f33506f,Bridget Carleton,562,True,player_points,False,12.5,over,betonlineag,-110.0,0.5,0.5,8,False,0.006432,True,-4.5455,,,,18.396559,2026-07-28T20:15:27Z,2026-07-28T20:15:45.396559+00:00,PENDING_VALIDATION,False,,,MARKET_DISLOCATION
606c87e74c7cc6048113e44a4f33506f,Bridget Carleton,562,True,player_points,False,12.5,under,hardrockbet,-110.0,0.5,0.5,8,True,0.006318,True,-4.5455,,,,39.396559,2026-07-28T20:15:06Z,2026-07-28T20:15:45.396559+00:00,PENDING_VALIDATION,False,,,MARKET_DISLOCATION
606c87e74c7cc6048113e44a4f33506f,Chelsea Gray,410,True,player_points,False,11.5,under,williamhill_us,-110.0,0.5,0.5,8,True,0.006974,True,-4.5455,,,,100.396559,2026-07-28T20:14:05Z,2026-07-28T20:15:45.396559+00:00,PENDING_VALIDATION,False,,,MARKET_DISLOCATION
fa632e2d144f67960024500509077a4a,Breanna Stewart,468,True,player_points,False,21.5,over,betonlineag,-110.0,0.5,0.5,7,False,0.007989,True,-4.5455,,,,12.396559,2026-07-28T20:15:33Z,2026-07-28T20:15:45.396559+00:00,PENDING_VALIDATION,False,,,MARKET_DISLOCATION
fa632e2d144f67960024500509077a4a,Breanna Stewart,468,True,player_points,False,21.5,under,espnbet,-110.0,0.5,0.5,7,True,0.005298,True,-4.5455,,,,40.396559,2026-07-28T20:15:05Z,2026-07-28T20:15:45.396559+00:00,PENDING_VALIDATION,False,,,MARKET_DISLOCATION
c2e520af9bd7e828a76959862d941068,Flau'jae Johnson,67080,True,player_assists,False,3.5,under,rebet,-167.0,0.596974,0.403026,8,True,0.011439,True,-4.5556,,,,48.396559,2026-07-28T20:14:57Z,2026-07-28T20:15:45.396559+00:00,PENDING_VALIDATION,False,,,MARKET_DISLOCATION
606c87e74c7cc6048113e44a4f33506f,Megan DiLeo,579,True,player_rebounds,False,3.5,over,draftkings,-142.0,0.560019,0.560019,5,False,0.016361,True,-4.5601,,,,23.396559,2026-07-28T20:15:22Z,2026-07-28T20:15:45.396559+00:00,PENDING_VALIDATION,False,,,MARKET_DISLOCATION
e4dc370d08264200533bf3816f82c622,Kiki Iriafen,735,True,player_points,False,13.5,over,fanduel,-120.0,0.520496,0.520496,5,True,0.008005,True,-4.5757,,,,52.396559,2026-07-28T20:14:53Z,2026-07-28T20:15:45.396559+00:00,PENDING_VALIDATION,False,,,MARKET_DISLOCATION
e4dc370d08264200533bf3816f82c622,Shakira Austin,650,True,player_rebounds,False,9.5,under,betparx,-121.0,0.522454,0.477546,7,True,0.012838,True,-4.5766,,,,48.396559,2026-07-28T20:14:57Z,2026-07-28T20:15:45.396559+00:00,PENDING_VALIDATION,False,,,MARKET_DISLOCATION
606c87e74c7cc6048113e44a4f33506f,Jackie Young,570,True,player_points,False,17.5,under,williamhill_us,-124.0,0.528227,0.471773,7,True,0.008224,True,-4.5784,,,,100.396559,2026-07-28T20:14:05Z,2026-07-28T20:15:45.396559+00:00,PENDING_VALIDATION,False,,,MARKET_DISLOCATION
786c1161bd8d7bbab01efa2e850df8bb,Courtney Williams,456,True,player_assists,False,3.5,over,draftkings,-157.0,0.582916,0.582916,4,True,0.003314,True,-4.58,,,,27.396559,2026-07-28T20:15:18Z,2026-07-28T20:15:45.396559+00:00,PENDING_VALIDATION,False,,,MARKET_DISLOCATION
c2e520af9bd7e828a76959862d941068,Aliyah Boston,676,True,player_assists,False,3.5,under,draftkings,-171.0,0.602061,0.397939,4,True,0.006463,True,-4.5857,,,,26.396559,2026-07-28T20:15:19Z,2026-07-28T20:15:45.396559+00:00,PENDING_VALIDATION,False,,,MARKET_DISLOCATION
786c1161bd8d7bbab01efa2e850df8bb,Courtney Williams,456,True,player_points,False,13.5,under,betonlineag,-115.0,0.510336,0.489664,8,False,0.006359,True,-4.5894,,,,38.396559,2026-07-28T20:15:07Z,2026-07-28T20:15:45.396559+00:00,PENDING_VALIDATION,False,,,MARKET_DISLOCATION
786c1161bd8d7bbab01efa2e850df8bb,Napheesa Collier,573,True,player_threes,False,1.5,under,hardrockbet,-210.0,0.646305,0.353695,8,True,0.009715,True,-4.593,,,,40.396559,2026-07-28T20:15:05Z,2026-07-28T20:15:45.396559+00:00,PENDING_VALIDATION,False,,,MARKET_DISLOCATION
786c1161bd8d7bbab01efa2e850df8bb,Napheesa Collier,573,True,player_threes,False,1.5,under,rebet,-210.0,0.646305,0.353695,8,True,0.010982,True,-4.593,,,,61.396559,2026-07-28T20:14:44Z,2026-07-28T20:15:45.396559+00:00,PENDING_VALIDATION,False,,,MARKET_DISLOCATION
786c1161bd8d7bbab01efa2e850df8bb,Marina Mabrey,569,True,player_assists,False,3.5,over,draftkings,118.0,0.437633,0.437633,8,True,0.004114,True,-4.596,,,,27.396559,2026-07-28T20:15:18Z,2026-07-28T20:15:45.396559+00:00,PENDING_VALIDATION,False,,,MARKET_DISLOCATION
c2e520af9bd7e828a76959862d941068,Kelsey Mitchell,533,True,player_points,False,22.5,over,betonlineag,-105.0,0.488577,0.488577,7,False,0.014155,True,-4.6111,,,,31.396559,2026-07-28T20:15:14Z,2026-07-28T20:15:45.396559+00:00,PENDING_VALIDATION,False,,,MARKET_DISLOCATION
c2e520af9bd7e828a76959862d941068,Jade Melbourne,687,True,player_assists,False,3.5,over,rebet,-153.0,0.576844,0.576844,5,True,0.001946,True,-4.6134,,,,48.396559,2026-07-28T20:14:57Z,2026-07-28T20:15:45.396559+00:00,PENDING_VALIDATION,False,,,MARKET_DISLOCATION
c2e520af9bd7e828a76959862d941068,Natisha Hiedeman,580,True,player_rebounds,False,2.5,over,draftkings,-101.0,0.479296,0.479296,5,True,0.02748,True,-4.6153,,,,26.396559,2026-07-28T20:15:19Z,2026-07-28T20:15:45.396559+00:00,PENDING_VALIDATION,False,,,MARKET_DISLOCATION
606c87e74c7cc6048113e44a4f33506f,Megan DiLeo,579,True,player_threes,False,1.5,under,fliff,-205.0,0.641081,0.358919,3,False,0.012567,True,-4.6196,,,,41.396559,2026-07-28T20:15:04Z,2026-07-28T20:15:45.396559+00:00,PENDING_VALIDATION,False,,,MARKET_DISLOCATION
606c87e74c7cc6048113e44a4f33506f,A'ja Wilson,535,True,player_threes,False,0.5,under,draftkings,123.0,0.427674,0.572326,6,True,0.008206,True,-4.6288,,,,23.396559,2026-07-28T20:15:22Z,2026-07-28T20:15:45.396559+00:00,PENDING_VALIDATION,False,,,MARKET_DISLOCATION
c2e520af9bd7e828a76959862d941068,Natisha Hiedeman,580,True,player_assists,False,4.5,under,fanduel,124.0,0.425744,0.574256,4,True,0.008357,True,-4.6333,,,,41.396559,2026-07-28T20:15:04Z,2026-07-28T20:15:45.396559+00:00,PENDING_VALIDATION,False,,,MARKET_DISLOCATION
c2e520af9bd7e828a76959862d941068,Natisha Hiedeman,580,True,player_assists,False,4.5,under,williamhill_us,124.0,0.425744,0.574256,4,True,0.007186,True,-4.6333,,,,103.396559,2026-07-28T20:14:02Z,2026-07-28T20:15:45.396559+00:00,PENDING_VALIDATION,False,,,MARKET_DISLOCATION
606c87e74c7cc6048113e44a4f33506f,Chelsea Gray,410,True,player_rebounds,False,3.5,under,williamhill_us,-127.0,0.533546,0.466454,8,True,0.007125,True,-4.634,,,,100.396559,2026-07-28T20:14:05Z,2026-07-28T20:15:45.396559+00:00,PENDING_VALIDATION,False,,,MARKET_DISLOCATION
e4dc370d08264200533bf3816f82c622,Aneesah Morrow,757,True,player_rebounds,False,7.5,over,rebet,-124.0,0.527848,0.527848,4,True,0.004291,True,-4.6469,,,,4.396559,2026-07-28T20:15:41Z,2026-07-28T20:15:45.396559+00:00,PENDING_VALIDATION,False,,,MARKET_DISLOCATION
c2e520af9bd7e828a76959862d941068,Kelsey Mitchell,533,True,player_threes,False,2.5,over,fanduel,-154.0,0.578089,0.578089,8,True,0.012855,True,-4.6529,,,,41.396559,2026-07-28T20:15:04Z,2026-07-28T20:15:45.396559+00:00,PENDING_VALIDATION,False,,,MARKET_DISLOCATION
c2e520af9bd7e828a76959862d941068,Dominique Malonga,758,True,player_rebounds,False,9.5,over,draftkings,-103.0,0.483666,0.483666,8,True,0.007383,True,-4.6755,,,,26.396559,2026-07-28T20:15:19Z,2026-07-28T20:15:45.396559+00:00,PENDING_VALIDATION,False,,,MARKET_DISLOCATION
c2e520af9bd7e828a76959862d941068,Dominique Malonga,758,True,player_rebounds,False,9.5,over,betonlineag,-103.0,0.483666,0.483666,8,False,0.008612,True,-4.6755,,,,31.396559,2026-07-28T20:15:14Z,2026-07-28T20:15:45.396559+00:00,PENDING_VALIDATION,False,,,MARKET_DISLOCATION
e4dc370d08264200533bf3816f82c622,Olivia Nelson-Ododa,641,True,player_rebounds,False,5.5,over,rebet,-165.0,0.593436,0.593436,1,True,0.0,True,-4.6906,,,,4.396559,2026-07-28T20:15:41Z,2026-07-28T20:15:45.396559+00:00,PENDING_VALIDATION,False,,insufficient_consensus_books,MARKET_DISLOCATION
fa632e2d144f67960024500509077a4a,Jonquel Jones,465,True,player_rebounds,False,9.5,under,rebet,-137.0,0.550862,0.449138,7,True,0.01329,True,-4.7048,,,,52.396559,2026-07-28T20:14:53Z,2026-07-28T20:15:45.396559+00:00,PENDING_VALIDATION,False,,,MARKET_DISLOCATION
fa632e2d144f67960024500509077a4a,Jonquel Jones,465,True,player_threes,False,1.5,over,betparx,-127.0,0.533079,0.533079,8,True,0.009871,True,-4.7173,,,,16.396559,2026-07-28T20:15:29Z,2026-07-28T20:15:45.396559+00:00,PENDING_VALIDATION,False,,,MARKET_DISLOCATION
606c87e74c7cc6048113e44a4f33506f,Jackie Young,570,True,player_rebounds,False,3.5,under,williamhill_us,108.0,0.458029,0.541971,4,True,0.00641,True,-4.73,,,,100.396559,2026-07-28T20:14:05Z,2026-07-28T20:15:45.396559+00:00,PENDING_VALIDATION,False,,,MARKET_DISLOCATION
e4dc370d08264200533bf3816f82c622,Olivia Nelson-Ododa,641,True,player_rebounds,False,6.5,under,hardrockbet,-145.0,0.56383,0.43617,5,False,0.025406,True,-4.7322,,,,53.396559,2026-07-28T20:14:52Z,2026-07-28T20:15:45.396559+00:00,PENDING_VALIDATION,False,,,MARKET_DISLOCATION
e4dc370d08264200533bf3816f82c622,Michaela Onyenwere,615,True,player_points,False,9.5,over,williamhill_us,-113.0,0.505384,0.505384,7,True,0.022549,True,-4.7374,,,,112.396559,2026-07-28T20:13:53Z,2026-07-28T20:15:45.396559+00:00,PENDING_VALIDATION,False,,,MARKET_DISLOCATION
e4dc370d08264200533bf3816f82c622,Michaela Onyenwere,615,True,player_points,False,9.5,under,rebet,-113.0,0.505384,0.494616,7,True,0.021701,True,-4.7374,,,,4.396559,2026-07-28T20:15:41Z,2026-07-28T20:15:45.396559+00:00,PENDING_VALIDATION,False,,,MARKET_DISLOCATION
786c1161bd8d7bbab01efa2e850df8bb,Napheesa Collier,573,True,player_points,False,19.5,under,betparx,-118.0,0.515568,0.484432,2,False,0.015568,True,-4.751,,,,42.396559,2026-07-28T20:15:03Z,2026-07-28T20:15:45.396559+00:00,PENDING_VALIDATION,False,,insufficient_consensus_books,MARKET_DISLOCATION
786c1161bd8d7bbab01efa2e850df8bb,Kayla McBride,374,True,player_threes,False,2.5,over,fanduel,-128.0,0.534711,0.534711,8,True,0.008181,True,-4.7546,,,,34.396559,2026-07-28T20:15:11Z,2026-07-28T20:15:45.396559+00:00,PENDING_VALIDATION,False,,,MARKET_DISLOCATION
fa632e2d144f67960024500509077a4a,Erica Wheeler,425,True,player_points,False,10.5,over,rebet,-119.0,0.517493,0.517493,3,True,0.011633,True,-4.7639,,,,52.396559,2026-07-28T20:14:53Z,2026-07-28T20:15:45.396559+00:00,PENDING_VALIDATION,False,,,MARKET_DISLOCATION
c2e520af9bd7e828a76959862d941068,Flau'jae Johnson,67080,True,player_points,False,14.5,under,rebet,-116.0,0.511439,0.488561,8,True,0.01402,True,-4.7666,,,,48.396559,2026-07-28T20:14:57Z,2026-07-28T20:15:45.396559+00:00,PENDING_VALIDATION,False,,,MARKET_DISLOCATION
fa632e2d144f67960024500509077a4a,Rae Burrell,640,True,player_threes,False,1.5,over,betonlineag,112.0,0.449205,0.449205,8,False,0.00607,True,-4.7685,,,,12.396559,2026-07-28T20:15:33Z,2026-07-28T20:15:45.396559+00:00,PENDING_VALIDATION,False,,,MARKET_DISLOCATION
fa632e2d144f67960024500509077a4a,Erica Wheeler,425,True,player_threes,False,1.5,under,rebet,-230.0,0.663733,0.336267,4,True,0.009377,True,-4.7688,,,,52.396559,2026-07-28T20:14:53Z,2026-07-28T20:15:45.396559+00:00,PENDING_VALIDATION,False,,,MARKET_DISLOCATION
786c1161bd8d7bbab01efa2e850df8bb,Courtney Williams,456,True,player_rebounds,False,4.5,over,betparx,-113.0,0.505168,0.505168,8,True,0.009826,True,-4.7781,,,,42.396559,2026-07-28T20:15:03Z,2026-07-28T20:15:45.396559+00:00,PENDING_VALIDATION,False,,,MARKET_DISLOCATION
606c87e74c7cc6048113e44a4f33506f,A'ja Wilson,535,True,player_threes,False,0.5,over,rebet,-153.0,0.575841,0.575841,6,True,0.009841,True,-4.7792,,,,42.396559,2026-07-28T20:15:03Z,2026-07-28T20:15:45.396559+00:00,PENDING_VALIDATION,False,,,MARKET_DISLOCATION
fa632e2d144f67960024500509077a4a,Rae Burrell,640,True,player_threes,False,1.5,under,espnbet,-140.0,0.555397,0.444603,8,True,0.00594,True,-4.789,,,,40.396559,2026-07-28T20:15:05Z,2026-07-28T20:15:45.396559+00:00,PENDING_VALIDATION,False,,,MARKET_DISLOCATION
e4dc370d08264200533bf3816f82c622,Sonia Citron,736,True,player_rebounds,False,3.5,under,rebet,-165.0,0.592815,0.407185,6,True,0.01185,True,-4.7903,,,,4.396559,2026-07-28T20:15:41Z,2026-07-28T20:15:45.396559+00:00,PENDING_VALIDATION,False,,,MARKET_DISLOCATION
606c87e74c7cc6048113e44a4f33506f,Chelsea Gray,410,True,player_threes,False,1.5,over,betonlineag,-125.0,0.52892,0.52892,8,False,0.007664,True,-4.7944,,,,18.396559,2026-07-28T20:15:27Z,2026-07-28T20:15:45.396559+00:00,PENDING_VALIDATION,False,,,MARKET_DISLOCATION
e4dc370d08264200533bf3816f82c622,Shakira Austin,650,True,player_points,False,15.5,under,betparx,-127.0,0.532609,0.467391,3,False,0.004343,True,-4.8014,,,,48.396559,2026-07-28T20:14:57Z,2026-07-28T20:15:45.396559+00:00,PENDING_VALIDATION,False,,,MARKET_DISLOCATION
c2e520af9bd7e828a76959862d941068,Aliyah Boston,676,True,player_threes,False,1.5,under,williamhill_us,-240.0,0.671958,0.328042,5,False,0.010761,True,-4.806,,,,103.396559,2026-07-28T20:14:02Z,2026-07-28T20:15:45.396559+00:00,PENDING_VALIDATION,False,,,MARKET_DISLOCATION
e4dc370d08264200533bf3816f82c622,Kiki Iriafen,735,True,player_points,False,13.5,under,draftkings,-102.0,0.480676,0.519324,5,True,0.006002,True,-4.8072,,,,44.396559,2026-07-28T20:15:01Z,2026-07-28T20:15:45.396559+00:00,PENDING_VALIDATION,False,,,MARKET_DISLOCATION
c2e520af9bd7e828a76959862d941068,Natisha Hiedeman,580,True,player_threes,False,1.5,over,rebet,-145.0,0.563296,0.563296,6,True,0.005129,True,-4.8224,,,,48.396559,2026-07-28T20:14:57Z,2026-07-28T20:15:45.396559+00:00,PENDING_VALIDATION,False,,,MARKET_DISLOCATION
606c87e74c7cc6048113e44a4f33506f,Megan DiLeo,579,True,player_points,False,13.5,under,fanduel,-120.0,0.51915,0.48085,4,False,0.024076,True,-4.8224,,,,32.396559,2026-07-28T20:15:13Z,2026-07-28T20:15:45.396559+00:00,PENDING_VALIDATION,False,,,MARKET_DISLOCATION
c2e520af9bd7e828a76959862d941068,Natisha Hiedeman,580,True,player_threes,False,1.5,over,betonlineag,-145.0,0.563271,0.563271,6,False,0.00564,True,-4.8267,,,,31.396559,2026-07-28T20:15:14Z,2026-07-28T20:15:45.396559+00:00,PENDING_VALIDATION,False,,,MARKET_DISLOCATION
c2e520af9bd7e828a76959862d941068,Dominique Malonga,758,True,player_rebounds,False,9.5,under,espnbet,-120.0,0.519106,0.480894,8,True,0.006365,True,-4.8305,,,,17.396559,2026-07-28T20:15:28Z,2026-07-28T20:15:45.396559+00:00,PENDING_VALIDATION,False,,,MARKET_DISLOCATION
e4dc370d08264200533bf3816f82c622,Shakira Austin,650,True,player_assists,False,2.5,over,hardrockbet,110.0,0.453166,0.453166,4,True,0.01102,True,-4.8351,,,,53.396559,2026-07-28T20:14:52Z,2026-07-28T20:15:45.396559+00:00,PENDING_VALIDATION,False,,,MARKET_DISLOCATION
e4dc370d08264200533bf3816f82c622,Shakira Austin,650,True,player_assists,False,2.5,over,betparx,110.0,0.453166,0.453166,4,True,0.011325,True,-4.8351,,,,48.396559,2026-07-28T20:14:57Z,2026-07-28T20:15:45.396559+00:00,PENDING_VALIDATION,False,,,MARKET_DISLOCATION
606c87e74c7cc6048113e44a4f33506f,Megan DiLeo,579,True,player_rebounds,False,3.5,over,betparx,-143.0,0.560019,0.560019,5,False,0.015285,True,-4.8359,,,,107.396559,2026-07-28T20:13:58Z,2026-07-28T20:15:45.396559+00:00,PENDING_VALIDATION,False,,,MARKET_DISLOCATION
fa632e2d144f67960024500509077a4a,Breanna Stewart,468,True,player_rebounds,False,8.5,under,fanduel,-106.0,0.489664,0.510336,8,True,0.008444,True,-4.8389,,,,4.396559,2026-07-28T20:15:41Z,2026-07-28T20:15:45.396559+00:00,PENDING_VALIDATION,False,,,MARKET_DISLOCATION
fa632e2d144f67960024500509077a4a,Dearica Hamby,411,True,player_assists,False,2.5,over,draftkings,-101.0,0.478157,0.478157,5,True,0.011544,True,-4.8421,,,,132.396559,2026-07-28T20:13:33Z,2026-07-28T20:15:45.396559+00:00,PENDING_VALIDATION,False,,,MARKET_DISLOCATION
c2e520af9bd7e828a76959862d941068,Flau'jae Johnson,67080,True,player_threes,False,1.5,over,betonlineag,158.0,0.368822,0.368822,8,False,0.012288,True,-4.8439,,,,31.396559,2026-07-28T20:15:14Z,2026-07-28T20:15:45.396559+00:00,PENDING_VALIDATION,False,,,MARKET_DISLOCATION
c2e520af9bd7e828a76959862d941068,Aliyah Boston,676,True,player_points,False,15.5,under,draftkings,-120.0,0.519009,0.480991,8,True,0.007577,True,-4.8483,,,,26.396559,2026-07-28T20:15:19Z,2026-07-28T20:15:45.396559+00:00,PENDING_VALIDATION,False,,,MARKET_DISLOCATION
c2e520af9bd7e828a76959862d941068,Aliyah Boston,676,True,player_points,False,15.5,under,williamhill_us,-120.0,0.519009,0.480991,8,True,0.0074,True,-4.8483,,,,103.396559,2026-07-28T20:14:02Z,2026-07-28T20:15:45.396559+00:00,PENDING_VALIDATION,False,,,MARKET_DISLOCATION
c2e520af9bd7e828a76959862d941068,Jade Melbourne,687,True,player_assists,False,3.5,over,betonlineag,-154.0,0.576844,0.576844,5,False,0.003375,True,-4.8582,,,,31.396559,2026-07-28T20:15:14Z,2026-07-28T20:15:45.396559+00:00,PENDING_VALIDATION,False,,,MARKET_DISLOCATION
786c1161bd8d7bbab01efa2e850df8bb,Isabelle Harrison,455,True,player_points,False,11.5,over,betparx,-103.0,0.482669,0.482669,7,True,0.019832,True,-4.872,,,,42.396559,2026-07-28T20:15:03Z,2026-07-28T20:15:45.396559+00:00,PENDING_VALIDATION,False,,,MARKET_DISLOCATION
606c87e74c7cc6048113e44a4f33506f,Chelsea Gray,410,True,player_assists,False,6.5,over,betparx,-125.0,0.528468,0.528468,8,True,0.017536,True,-4.8757,,,,107.396559,2026-07-28T20:13:58Z,2026-07-28T20:15:45.396559+00:00,PENDING_VALIDATION,False,,,MARKET_DISLOCATION
606c87e74c7cc6048113e44a4f33506f,Chelsea Gray,410,True,player_assists,False,6.5,over,hardrockbet,-125.0,0.528468,0.528468,8,True,0.017376,True,-4.8757,,,,39.396559,2026-07-28T20:15:06Z,2026-07-28T20:15:45.396559+00:00,PENDING_VALIDATION,False,,,MARKET_DISLOCATION
fa632e2d144f67960024500509077a4a,Ariel Atkins,544,True,player_points,False,11.5,under,fanduel,-130.0,0.537639,0.462361,4,True,0.003879,True,-4.8792,,,,4.396559,2026-07-28T20:15:41Z,2026-07-28T20:15:45.396559+00:00,PENDING_VALIDATION,False,,,MARKET_DISLOCATION
c2e520af9bd7e828a76959862d941068,Kelsey Mitchell,533,True,player_threes,False,2.5,over,rebet,-155.0,0.578089,0.578089,8,True,0.012919,True,-4.8951,,,,48.396559,2026-07-28T20:14:57Z,2026-07-28T20:15:45.396559+00:00,PENDING_VALIDATION,False,,,MARKET_DISLOCATION
786c1161bd8d7bbab01efa2e850df8bb,Napheesa Collier,573,True,player_threes,False,1.5,under,draftkings,-212.0,0.646174,0.353826,8,True,0.010986,True,-4.9027,,,,27.396559,2026-07-28T20:15:18Z,2026-07-28T20:15:45.396559+00:00,PENDING_VALIDATION,False,,,MARKET_DISLOCATION
606c87e74c7cc6048113e44a4f33506f,Emily Engstler,648,True,player_rebounds,False,5.5,under,williamhill_us,-127.0,0.532034,0.467966,8,True,0.012935,True,-4.9041,,,,100.396559,2026-07-28T20:14:05Z,2026-07-28T20:15:45.396559+00:00,PENDING_VALIDATION,False,,,MARKET_DISLOCATION
786c1161bd8d7bbab01efa2e850df8bb,Kayla McBride,374,True,player_rebounds,False,2.5,under,fanduel,128.0,0.417084,0.582916,7,True,0.011275,True,-4.9048,,,,34.396559,2026-07-28T20:15:11Z,2026-07-28T20:15:45.396559+00:00,PENDING_VALIDATION,False,,,MARKET_DISLOCATION
c2e520af9bd7e828a76959862d941068,Awa Fam,67076,True,player_threes,False,1.5,over,fanduel,102.0,0.470749,0.470749,8,True,0.012598,True,-4.9086,,,,41.396559,2026-07-28T20:15:04Z,2026-07-28T20:15:45.396559+00:00,PENDING_VALIDATION,False,,,MARKET_DISLOCATION
c2e520af9bd7e828a76959862d941068,Awa Fam,67076,True,player_threes,False,1.5,over,williamhill_us,102.0,0.470749,0.470749,8,True,0.012421,True,-4.9086,,,,103.396559,2026-07-28T20:14:02Z,2026-07-28T20:15:45.396559+00:00,PENDING_VALIDATION,False,,,MARKET_DISLOCATION
606c87e74c7cc6048113e44a4f33506f,Jackie Young,570,True,player_points,False,17.5,under,fliff,-125.0,0.528227,0.471773,7,True,0.006545,True,-4.9192,,,,41.396559,2026-07-28T20:15:04Z,2026-07-28T20:15:45.396559+00:00,PENDING_VALIDATION,False,,,MARKET_DISLOCATION
fa632e2d144f67960024500509077a4a,Breanna Stewart,468,True,player_rebounds,False,8.5,over,betonlineag,-116.0,0.510579,0.510579,8,False,0.009401,True,-4.9266,,,,12.396559,2026-07-28T20:15:33Z,2026-07-28T20:15:45.396559+00:00,PENDING_VALIDATION,False,,,MARKET_DISLOCATION
e4dc370d08264200533bf3816f82c622,Michaela Onyenwere,615,True,player_threes,False,1.5,under,fanduel,-168.0,0.59596,0.40404,7,True,0.012907,True,-4.9303,,,,52.396559,2026-07-28T20:14:53Z,2026-07-28T20:15:45.396559+00:00,PENDING_VALIDATION,False,,,MARKET_DISLOCATION
e4dc370d08264200533bf3816f82c622,Shakira Austin,650,True,player_rebounds,False,9.5,under,fanduel,-122.0,0.522454,0.477546,7,True,0.014803,True,-4.9305,,,,52.396559,2026-07-28T20:14:53Z,2026-07-28T20:15:45.396559+00:00,PENDING_VALIDATION,False,,,MARKET_DISLOCATION
fa632e2d144f67960024500509077a4a,Dearica Hamby,411,True,player_rebounds,False,7.5,under,rebet,-132.0,0.540885,0.459115,6,True,0.000874,True,-4.9353,,,,52.396559,2026-07-28T20:14:53Z,2026-07-28T20:15:45.396559+00:00,PENDING_VALIDATION,False,,,MARKET_DISLOCATION
606c87e74c7cc6048113e44a4f33506f,Bridget Carleton,562,True,player_threes,False,2.5,under,espnbet,-170.0,0.598553,0.401447,6,True,0.017291,True,-4.9358,,,,19.396559,2026-07-28T20:15:26Z,2026-07-28T20:15:45.396559+00:00,PENDING_VALIDATION,False,,,MARKET_DISLOCATION
606c87e74c7cc6048113e44a4f33506f,Jackie Young,570,True,player_assists,False,6.5,over,draftkings,-141.0,0.556143,0.556143,7,True,0.006393,True,-4.9429,,,,23.396559,2026-07-28T20:15:22Z,2026-07-28T20:15:45.396559+00:00,PENDING_VALIDATION,False,,,MARKET_DISLOCATION
e4dc370d08264200533bf3816f82c622,Michaela Onyenwere,615,True,player_threes,False,1.5,over,hardrockbet,135.0,0.404483,0.404483,7,True,0.011096,True,-4.9464,,,,53.396559,2026-07-28T20:14:52Z,2026-07-28T20:15:45.396559+00:00,PENDING_VALIDATION,False,,,MARKET_DISLOCATION
e4dc370d08264200533bf3816f82c622,Michaela Onyenwere,615,True,player_threes,False,1.5,over,betparx,135.0,0.404483,0.404483,7,True,0.010258,True,-4.9464,,,,48.396559,2026-07-28T20:14:57Z,2026-07-28T20:15:45.396559+00:00,PENDING_VALIDATION,False,,,MARKET_DISLOCATION
786c1161bd8d7bbab01efa2e850df8bb,Napheesa Collier,573,True,player_assists,False,2.5,under,fanduel,-192.0,0.625,0.375,5,True,0.003906,True,-4.9479,,,,34.396559,2026-07-28T20:15:11Z,2026-07-28T20:15:45.396559+00:00,PENDING_VALIDATION,False,,,MARKET_DISLOCATION
786c1161bd8d7bbab01efa2e850df8bb,Napheesa Collier,573,True,player_assists,False,2.5,under,rebet,-192.0,0.625,0.375,5,True,0.003906,True,-4.9479,,,,61.396559,2026-07-28T20:14:44Z,2026-07-28T20:15:45.396559+00:00,PENDING_VALIDATION,False,,,MARKET_DISLOCATION
fa632e2d144f67960024500509077a4a,Ariel Atkins,544,True,player_points,False,11.5,over,betonlineag,104.0,0.465911,0.465911,4,False,0.003048,True,-4.9541,,,,12.396559,2026-07-28T20:15:33Z,2026-07-28T20:15:45.396559+00:00,PENDING_VALIDATION,False,,,MARKET_DISLOCATION
606c87e74c7cc6048113e44a4f33506f,Bridget Carleton,562,True,player_points,False,12.5,over,rebet,-111.0,0.5,0.5,8,True,0.006449,True,-4.955,,,,42.396559,2026-07-28T20:15:03Z,2026-07-28T20:15:45.396559+00:00,PENDING_VALIDATION,False,,,MARKET_DISLOCATION
c2e520af9bd7e828a76959862d941068,Sophie Cunningham,558,True,player_threes,False,1.5,over,fanduel,102.0,0.470476,0.470476,8,True,0.018009,True,-4.9638,,,,41.396559,2026-07-28T20:15:04Z,2026-07-28T20:15:45.396559+00:00,PENDING_VALIDATION,False,,,MARKET_DISLOCATION
606c87e74c7cc6048113e44a4f33506f,Jackie Young,570,True,player_rebounds,False,3.5,over,betonlineag,-135.0,0.545946,0.545946,4,False,0.006757,True,-4.9649,,,,18.396559,2026-07-28T20:15:27Z,2026-07-28T20:15:45.396559+00:00,PENDING_VALIDATION,False,,,MARKET_DISLOCATION
c2e520af9bd7e828a76959862d941068,Sophie Cunningham,558,True,player_points,False,8.5,over,fanduel,100.0,0.475166,0.475166,7,True,0.010155,True,-4.9667,,,,41.396559,2026-07-28T20:15:04Z,2026-07-28T20:15:45.396559+00:00,PENDING_VALIDATION,False,,,MARKET_DISLOCATION
c2e520af9bd7e828a76959862d941068,Sophie Cunningham,558,True,player_points,False,8.5,over,betparx,100.0,0.475166,0.475166,7,True,0.008566,True,-4.9667,,,,53.396559,2026-07-28T20:14:52Z,2026-07-28T20:15:45.396559+00:00,PENDING_VALIDATION,False,,,MARKET_DISLOCATION
606c87e74c7cc6048113e44a4f33506f,NaLyssa Smith,645,True,player_rebounds,False,5.5,under,draftkings,-132.0,0.540688,0.459312,8,True,0.011671,True,-4.97,,,,23.396559,2026-07-28T20:15:22Z,2026-07-28T20:15:45.396559+00:00,PENDING_VALIDATION,False,,,MARKET_DISLOCATION
606c87e74c7cc6048113e44a4f33506f,NaLyssa Smith,645,True,player_rebounds,False,5.5,under,williamhill_us,-132.0,0.540688,0.459312,8,True,0.011753,True,-4.97,,,,100.396559,2026-07-28T20:14:05Z,2026-07-28T20:15:45.396559+00:00,PENDING_VALIDATION,False,,,MARKET_DISLOCATION
786c1161bd8d7bbab01efa2e850df8bb,Courtney Williams,456,True,player_points,False,13.5,under,rebet,-116.0,0.510336,0.489664,8,True,0.006275,True,-4.9719,,,,61.396559,2026-07-28T20:14:44Z,2026-07-28T20:15:45.396559+00:00,PENDING_VALIDATION,False,,,MARKET_DISLOCATION
786c1161bd8d7bbab01efa2e850df8bb,Napheesa Collier,573,True,player_points,False,18.5,over,betonlineag,-116.0,0.510336,0.510336,5,False,0.00609,True,-4.9719,,,,38.396559,2026-07-28T20:15:07Z,2026-07-28T20:15:45.396559+00:00,PENDING_VALIDATION,False,,,MARKET_DISLOCATION
fa632e2d144f67960024500509077a4a,Sabrina Ionescu,591,True,player_assists,False,5.5,under,rebet,-165.0,0.591601,0.408399,5,True,0.005907,True,-4.9854,,,,52.396559,2026-07-28T20:14:53Z,2026-07-28T20:15:45.396559+00:00,PENDING_VALIDATION,False,,,MARKET_DISLOCATION
fa632e2d144f67960024500509077a4a,Nneka Ogwumike,309,True,player_points,False,17.5,under,fanduel,-106.0,0.488907,0.511093,8,True,0.019348,True,-4.9861,,,,4.396559,2026-07-28T20:15:41Z,2026-07-28T20:15:45.396559+00:00,PENDING_VALIDATION,False,,,MARKET_DISLOCATION
786c1161bd8d7bbab01efa2e850df8bb,Natasha Howard,385,True,player_rebounds,False,6.5,over,betonlineag,-103.0,0.482068,0.482068,8,False,0.011108,True,-4.9904,,,,38.396559,2026-07-28T20:15:07Z,2026-07-28T20:15:45.396559+00:00,PENDING_VALIDATION,False,,,MARKET_DISLOCATION
606c87e74c7cc6048113e44a4f33506f,Jackie Young,570,True,player_assists,False,6.5,under,fanduel,112.0,0.448157,0.551843,7,True,0.00562,True,-4.9906,,,,32.396559,2026-07-28T20:15:13Z,2026-07-28T20:15:45.396559+00:00,PENDING_VALIDATION,False,,,MARKET_DISLOCATION
606c87e74c7cc6048113e44a4f33506f,Emily Engstler,648,True,player_threes,False,0.5,over,fliff,-200.0,0.633371,0.633371,1,False,0.0,True,-4.9944,,,,41.396559,2026-07-28T20:15:04Z,2026-07-28T20:15:45.396559+00:00,PENDING_VALIDATION,False,,insufficient_consensus_books,MARKET_DISLOCATION
606c87e74c7cc6048113e44a4f33506f,Carla Leite,748,True,player_assists,False,5.5,over,betparx,-143.0,0.559052,0.559052,8,True,0.006608,True,-5.0002,,,,107.396559,2026-07-28T20:13:58Z,2026-07-28T20:15:45.396559+00:00,PENDING_VALIDATION,False,,,MARKET_DISLOCATION
606c87e74c7cc6048113e44a4f33506f,Carla Leite,748,True,player_threes,False,0.5,over,hardrockbet,-135.0,0.545697,0.545697,5,True,0.006365,True,-5.0083,,,,39.396559,2026-07-28T20:15:06Z,2026-07-28T20:15:45.396559+00:00,PENDING_VALIDATION,False,,,MARKET_DISLOCATION
c2e520af9bd7e828a76959862d941068,Aliyah Boston,676,True,player_assists,False,3.5,over,betonlineag,136.0,0.402496,0.402496,4,False,0.005059,True,-5.0109,,,,31.396559,2026-07-28T20:15:14Z,2026-07-28T20:15:45.396559+00:00,PENDING_VALIDATION,False,,,MARKET_DISLOCATION
e4dc370d08264200533bf3816f82c622,Leïla Lacan,773,True,player_assists,False,4.5,over,fanduel,114.0,0.443857,0.443857,7,True,0.010359,True,-5.0147,,,,52.396559,2026-07-28T20:14:53Z,2026-07-28T20:15:45.396559+00:00,PENDING_VALIDATION,False,,,MARKET_DISLOCATION
c2e520af9bd7e828a76959862d941068,Caitlin Clark,708,True,player_assists,False,8.5,under,hardrockbet,-140.0,0.55408,0.44592,8,True,0.011154,True,-5.0149,,,,46.396559,2026-07-28T20:14:59Z,2026-07-28T20:15:45.396559+00:00,PENDING_VALIDATION,False,,,MARKET_DISLOCATION
786c1161bd8d7bbab01efa2e850df8bb,Olivia Miles,67053,True,player_threes,False,1.5,under,fanduel,-220.0,0.65298,0.34702,8,True,0.019876,True,-5.0211,,,,34.396559,2026-07-28T20:15:11Z,2026-07-28T20:15:45.396559+00:00,PENDING_VALIDATION,False,,,MARKET_DISLOCATION
606c87e74c7cc6048113e44a4f33506f,Emily Engstler,648,True,player_points,False,8.5,over,hardrockbet,-125.0,0.527647,0.527647,2,False,0.012062,True,-5.0235,,,,39.396559,2026-07-28T20:15:06Z,2026-07-28T20:15:45.396559+00:00,PENDING_VALIDATION,False,,insufficient_consensus_books,MARKET_DISLOCATION
606c87e74c7cc6048113e44a4f33506f,Jackie Young,570,True,player_rebounds,False,3.5,over,fanduel,-136.0,0.547307,0.547307,4,True,0.006177,True,-5.0262,,,,32.396559,2026-07-28T20:15:13Z,2026-07-28T20:15:45.396559+00:00,PENDING_VALIDATION,False,,,MARKET_DISLOCATION
606c87e74c7cc6048113e44a4f33506f,Jackie Young,570,True,player_rebounds,False,3.5,over,rebet,-136.0,0.547307,0.547307,4,True,0.006177,True,-5.0262,,,,42.396559,2026-07-28T20:15:03Z,2026-07-28T20:15:45.396559+00:00,PENDING_VALIDATION,False,,,MARKET_DISLOCATION
786c1161bd8d7bbab01efa2e850df8bb,Marina Mabrey,569,True,player_assists,False,3.5,under,rebet,-146.0,0.56349,0.43651,8,True,0.00666,True,-5.0558,,,,61.396559,2026-07-28T20:14:44Z,2026-07-28T20:15:45.396559+00:00,PENDING_VALIDATION,False,,,MARKET_DISLOCATION
786c1161bd8d7bbab01efa2e850df8bb,Julie Allemand,587,True,player_points,False,7.5,under,rebet,-151.0,0.571173,0.428827,1,True,0.0,True,-5.0567,,,,61.396559,2026-07-28T20:14:44Z,2026-07-28T20:15:45.396559+00:00,PENDING_VALIDATION,False,,insufficient_consensus_books,MARKET_DISLOCATION
c2e520af9bd7e828a76959862d941068,Awa Fam,67076,True,player_points,False,12.5,under,fliff,-130.0,0.536636,0.463364,6,False,0.026559,True,-5.0567,,,,28.396559,2026-07-28T20:15:17Z,2026-07-28T20:15:45.396559+00:00,PENDING_VALIDATION,False,,,MARKET_DISLOCATION
606c87e74c7cc6048113e44a4f33506f,Bridget Carleton,562,True,player_rebounds,False,3.5,over,fliff,-110.0,0.497308,0.497308,8,True,0.005537,True,-5.0594,,,,41.396559,2026-07-28T20:15:04Z,2026-07-28T20:15:45.396559+00:00,PENDING_VALIDATION,False,,,MARKET_DISLOCATION
c2e520af9bd7e828a76959862d941068,Caitlin Clark,708,True,player_points,False,20.5,under,draftkings,-106.0,0.488511,0.511489,8,True,0.01228,True,-5.063,,,,26.396559,2026-07-28T20:15:19Z,2026-07-28T20:15:45.396559+00:00,PENDING_VALIDATION,False,,,MARKET_DISLOCATION
786c1161bd8d7bbab01efa2e850df8bb,Natasha Howard,385,True,player_rebounds,False,6.5,under,fanduel,-122.0,0.521684,0.478316,8,True,0.011304,True,-5.0707,,,,34.396559,2026-07-28T20:15:11Z,2026-07-28T20:15:45.396559+00:00,PENDING_VALIDATION,False,,,MARKET_DISLOCATION
786c1161bd8d7bbab01efa2e850df8bb,Natasha Howard,385,True,player_rebounds,False,6.5,under,williamhill_us,-122.0,0.521684,0.478316,8,True,0.011304,True,-5.0707,,,,112.396559,2026-07-28T20:13:53Z,2026-07-28T20:15:45.396559+00:00,PENDING_VALIDATION,False,,,MARKET_DISLOCATION
c2e520af9bd7e828a76959862d941068,Natisha Hiedeman,580,True,player_assists,False,4.5,over,draftkings,-158.0,0.581304,0.581304,4,True,0.009362,True,-5.0782,,,,26.396559,2026-07-28T20:15:19Z,2026-07-28T20:15:45.396559+00:00,PENDING_VALIDATION,False,,,MARKET_DISLOCATION
c2e520af9bd7e828a76959862d941068,Natisha Hiedeman,580,True,player_points,False,15.5,over,williamhill_us,-102.0,0.479296,0.479296,7,True,0.015537,True,-5.0806,,,,103.396559,2026-07-28T20:14:02Z,2026-07-28T20:15:45.396559+00:00,PENDING_VALIDATION,False,,,MARKET_DISLOCATION
c2e520af9bd7e828a76959862d941068,Natisha Hiedeman,580,True,player_points,False,15.5,over,betonlineag,-102.0,0.479296,0.479296,7,False,0.015642,True,-5.0806,,,,31.396559,2026-07-28T20:15:14Z,2026-07-28T20:15:45.396559+00:00,PENDING_VALIDATION,False,,,MARKET_DISLOCATION
fa632e2d144f67960024500509077a4a,Rae Burrell,640,True,player_rebounds,False,2.5,over,fliff,-105.0,0.48612,0.48612,5,True,0.010254,True,-5.0909,,,,11.396559,2026-07-28T20:15:34Z,2026-07-28T20:15:45.396559+00:00,PENDING_VALIDATION,False,,,MARKET_DISLOCATION
fa632e2d144f67960024500509077a4a,Rae Burrell,640,True,player_rebounds,False,2.5,over,hardrockbet,-105.0,0.48612,0.48612,5,True,0.01142,True,-5.0909,,,,29.396559,2026-07-28T20:15:16Z,2026-07-28T20:15:45.396559+00:00,PENDING_VALIDATION,False,,,MARKET_DISLOCATION
fa632e2d144f67960024500509077a4a,Erica Wheeler,425,True,player_assists,False,6.5,over,rebet,115.0,0.4414,0.4414,4,True,0.011884,True,-5.0989,,,,52.396559,2026-07-28T20:14:53Z,2026-07-28T20:15:45.396559+00:00,PENDING_VALIDATION,False,,,MARKET_DISLOCATION
fa632e2d144f67960024500509077a4a,Nneka Ogwumike,309,True,player_threes,False,1.5,under,espnbet,-140.0,0.553575,0.446425,8,True,0.016404,True,-5.1014,,,,40.396559,2026-07-28T20:15:05Z,2026-07-28T20:15:45.396559+00:00,PENDING_VALIDATION,False,,,MARKET_DISLOCATION
c2e520af9bd7e828a76959862d941068,Caitlin Clark,708,True,player_threes,False,2.5,under,draftkings,-133.0,0.541667,0.458333,8,True,0.006756,True,-5.1065,,,,26.396559,2026-07-28T20:15:19Z,2026-07-28T20:15:45.396559+00:00,PENDING_VALIDATION,False,,,MARKET_DISLOCATION
786c1161bd8d7bbab01efa2e850df8bb,Kayla McBride,374,True,player_points,False,17.5,under,williamhill_us,-109.0,0.494832,0.505168,6,True,0.01599,True,-5.1194,,,,112.396559,2026-07-28T20:13:53Z,2026-07-28T20:15:45.396559+00:00,PENDING_VALIDATION,False,,,MARKET_DISLOCATION
c2e520af9bd7e828a76959862d941068,Flau'jae Johnson,67080,True,player_threes,False,1.5,under,williamhill_us,-200.0,0.632536,0.367464,8,True,0.01323,True,-5.1196,,,,103.396559,2026-07-28T20:14:02Z,2026-07-28T20:15:45.396559+00:00,PENDING_VALIDATION,False,,,MARKET_DISLOCATION
fa632e2d144f67960024500509077a4a,Erica Wheeler,425,True,player_points,False,10.5,over,fliff,-120.0,0.517493,0.517493,3,True,0.008002,True,-5.1262,,,,11.396559,2026-07-28T20:15:34Z,2026-07-28T20:15:45.396559+00:00,PENDING_VALIDATION,False,,,MARKET_DISLOCATION
606c87e74c7cc6048113e44a4f33506f,Chelsea Gray,410,True,player_threes,False,1.5,over,rebet,-126.0,0.52892,0.52892,8,True,0.007482,True,-5.1302,,,,42.396559,2026-07-28T20:15:03Z,2026-07-28T20:15:45.396559+00:00,PENDING_VALIDATION,False,,,MARKET_DISLOCATION
c2e520af9bd7e828a76959862d941068,Awa Fam,67076,True,player_rebounds,False,6.5,under,fanduel,-114.0,0.505359,0.494641,8,True,0.017363,True,-5.1343,,,,41.396559,2026-07-28T20:15:04Z,2026-07-28T20:15:45.396559+00:00,PENDING_VALIDATION,False,,,MARKET_DISLOCATION
606c87e74c7cc6048113e44a4f33506f,Emily Engstler,648,True,player_points,False,8.5,over,betparx,-127.0,0.530695,0.530695,2,False,0.009015,True,-5.1435,,,,107.396559,2026-07-28T20:13:58Z,2026-07-28T20:15:45.396559+00:00,PENDING_VALIDATION,False,,insufficient_consensus_books,MARKET_DISLOCATION
786c1161bd8d7bbab01efa2e850df8bb,Olivia Miles,67053,True,player_rebounds,False,4.5,under,betonlineag,-103.0,0.481261,0.518739,8,False,0.02115,True,-5.1495,,,,38.396559,2026-07-28T20:15:07Z,2026-07-28T20:15:45.396559+00:00,PENDING_VALIDATION,False,,,MARKET_DISLOCATION
c2e520af9bd7e828a76959862d941068,Flau'jae Johnson,67080,True,player_assists,False,3.5,over,fanduel,134.0,0.405336,0.405336,8,True,0.010194,True,-5.1513,,,,41.396559,2026-07-28T20:15:04Z,2026-07-28T20:15:45.396559+00:00,PENDING_VALIDATION,False,,,MARKET_DISLOCATION
c2e520af9bd7e828a76959862d941068,Aliyah Boston,676,True,player_threes,False,1.5,under,draftkings,-243.0,0.671958,0.328042,5,False,0.010542,True,-5.1517,,,,26.396559,2026-07-28T20:15:19Z,2026-07-28T20:15:45.396559+00:00,PENDING_VALIDATION,False,,,MARKET_DISLOCATION
e4dc370d08264200533bf3816f82c622,Aaliyah Edwards,714,True,player_rebounds,False,3.5,over,betonlineag,-145.0,0.56132,0.56132,2,False,0.006623,True,-5.1563,,,,53.396559,2026-07-28T20:14:52Z,2026-07-28T20:15:45.396559+00:00,PENDING_VALIDATION,False,,insufficient_consensus_books,MARKET_DISLOCATION
c2e520af9bd7e828a76959862d941068,Dominique Malonga,758,True,player_points,False,17.5,under,espnbet,-110.0,0.496794,0.503206,6,False,0.008723,True,-5.1576,,,,17.396559,2026-07-28T20:15:28Z,2026-07-28T20:15:45.396559+00:00,PENDING_VALIDATION,False,,,MARKET_DISLOCATION
e4dc370d08264200533bf3816f82c622,Aaliyah Edwards,714,True,player_rebounds,False,3.5,under,fanduel,114.0,0.443176,0.556824,2,True,0.002127,True,-5.1604,,,,52.396559,2026-07-28T20:14:53Z,2026-07-28T20:15:45.396559+00:00,PENDING_VALIDATION,False,,insufficient_consensus_books,MARKET_DISLOCATION
606c87e74c7cc6048113e44a4f33506f,A'ja Wilson,535,True,player_points,False,26.5,under,betonlineag,-103.0,0.481193,0.518807,6,False,0.004147,True,-5.1629,,,,18.396559,2026-07-28T20:15:27Z,2026-07-28T20:15:45.396559+00:00,PENDING_VALIDATION,False,,,MARKET_DISLOCATION
786c1161bd8d7bbab01efa2e850df8bb,Marina Mabrey,569,True,player_threes,False,2.5,under,betparx,112.0,0.447327,0.552673,8,True,0.011444,True,-5.1667,,,,42.396559,2026-07-28T20:15:03Z,2026-07-28T20:15:45.396559+00:00,PENDING_VALIDATION,False,,,MARKET_DISLOCATION
786c1161bd8d7bbab01efa2e850df8bb,Courtney Williams,456,True,player_rebounds,False,4.5,over,fanduel,-114.0,0.505168,0.505168,8,True,0.011628,True,-5.1702,,,,34.396559,2026-07-28T20:15:11Z,2026-07-28T20:15:45.396559+00:00,PENDING_VALIDATION,False,,,MARKET_DISLOCATION
786c1161bd8d7bbab01efa2e850df8bb,Courtney Williams,456,True,player_rebounds,False,4.5,over,betonlineag,-114.0,0.505168,0.505168,8,False,0.011628,True,-5.1702,,,,38.396559,2026-07-28T20:15:07Z,2026-07-28T20:15:45.396559+00:00,PENDING_VALIDATION,False,,,MARKET_DISLOCATION
c2e520af9bd7e828a76959862d941068,Natisha Hiedeman,580,True,player_rebounds,False,2.5,under,fliff,-130.0,0.53599,0.46401,5,True,0.028139,True,-5.171,,,,28.396559,2026-07-28T20:15:17Z,2026-07-28T20:15:45.396559+00:00,PENDING_VALIDATION,False,,,MARKET_DISLOCATION
c2e520af9bd7e828a76959862d941068,Aliyah Boston,676,True,player_points,False,15.5,over,betonlineag,-105.0,0.485666,0.485666,8,False,0.008099,True,-5.1794,,,,31.396559,2026-07-28T20:15:14Z,2026-07-28T20:15:45.396559+00:00,PENDING_VALIDATION,False,,,MARKET_DISLOCATION
c2e520af9bd7e828a76959862d941068,Aliyah Boston,676,True,player_points,False,15.5,over,hardrockbet,-105.0,0.485666,0.485666,8,True,0.007419,True,-5.1794,,,,46.396559,2026-07-28T20:14:59Z,2026-07-28T20:15:45.396559+00:00,PENDING_VALIDATION,False,,,MARKET_DISLOCATION
c2e520af9bd7e828a76959862d941068,Awa Fam,67076,True,player_threes,False,1.5,under,betonlineag,-128.0,0.532306,0.467694,8,False,0.012895,True,-5.183,,,,31.396559,2026-07-28T20:15:14Z,2026-07-28T20:15:45.396559+00:00,PENDING_VALIDATION,False,,,MARKET_DISLOCATION
c2e520af9bd7e828a76959862d941068,Flau'jae Johnson,67080,True,player_assists,False,3.5,under,williamhill_us,-170.0,0.596974,0.403026,8,True,0.01149,True,-5.1864,,,,103.396559,2026-07-28T20:14:02Z,2026-07-28T20:15:45.396559+00:00,PENDING_VALIDATION,False,,,MARKET_DISLOCATION
c2e520af9bd7e828a76959862d941068,Dominique Malonga,758,True,player_rebounds,False,9.5,under,williamhill_us,-121.0,0.519106,0.480894,8,True,0.008801,True,-5.188,,,,103.396559,2026-07-28T20:14:02Z,2026-07-28T20:15:45.396559+00:00,PENDING_VALIDATION,False,,,MARKET_DISLOCATION
786c1161bd8d7bbab01efa2e850df8bb,Napheesa Collier,573,True,player_rebounds,False,6.5,under,fanduel,102.0,0.469365,0.530635,8,True,0.008198,True,-5.1883,,,,34.396559,2026-07-28T20:15:11Z,2026-07-28T20:15:45.396559+00:00,PENDING_VALIDATION,False,,,MARKET_DISLOCATION
786c1161bd8d7bbab01efa2e850df8bb,Napheesa Collier,573,True,player_rebounds,False,6.5,under,williamhill_us,102.0,0.469365,0.530635,8,True,0.008198,True,-5.1883,,,,112.396559,2026-07-28T20:13:53Z,2026-07-28T20:15:45.396559+00:00,PENDING_VALIDATION,False,,,MARKET_DISLOCATION
786c1161bd8d7bbab01efa2e850df8bb,Olivia Miles,67053,True,player_threes,False,1.5,under,fliff,-225.0,0.656358,0.343642,8,True,0.019951,True,-5.1927,,,,14.396559,2026-07-28T20:15:31Z,2026-07-28T20:15:45.396559+00:00,PENDING_VALIDATION,False,,,MARKET_DISLOCATION
fa632e2d144f67960024500509077a4a,Sabrina Ionescu,591,True,player_threes,False,2.5,over,williamhill_us,121.0,0.428981,0.428981,8,True,0.009977,True,-5.1951,,,,83.396559,2026-07-28T20:14:22Z,2026-07-28T20:15:45.396559+00:00,PENDING_VALIDATION,False,,,MARKET_DISLOCATION
c2e520af9bd7e828a76959862d941068,Flau'jae Johnson,67080,True,player_threes,False,1.5,under,draftkings,-201.0,0.633079,0.366921,8,True,0.013235,True,-5.1957,,,,26.396559,2026-07-28T20:15:19Z,2026-07-28T20:15:45.396559+00:00,PENDING_VALIDATION,False,,,MARKET_DISLOCATION
fa632e2d144f67960024500509077a4a,Jonquel Jones,465,True,player_points,False,14.5,under,espnbet,-105.0,0.485542,0.514458,6,True,0.017334,True,-5.2037,,,,40.396559,2026-07-28T20:15:05Z,2026-07-28T20:15:45.396559+00:00,PENDING_VALIDATION,False,,,MARKET_DISLOCATION
e4dc370d08264200533bf3816f82c622,Leïla Lacan,773,True,player_points,False,12.5,under,williamhill_us,-118.0,0.513112,0.486888,5,False,0.009963,True,-5.2048,,,,112.396559,2026-07-28T20:13:53Z,2026-07-28T20:15:45.396559+00:00,PENDING_VALIDATION,False,,,MARKET_DISLOCATION
786c1161bd8d7bbab01efa2e850df8bb,Kayla McBride,374,True,player_threes,False,2.5,under,draftkings,103.0,0.466921,0.533079,8,True,0.008486,True,-5.2151,,,,27.396559,2026-07-28T20:15:18Z,2026-07-28T20:15:45.396559+00:00,PENDING_VALIDATION,False,,,MARKET_DISLOCATION
606c87e74c7cc6048113e44a4f33506f,Jackie Young,570,True,player_assists,False,6.5,over,rebet,-142.0,0.556143,0.556143,7,True,0.006772,True,-5.2206,,,,42.396559,2026-07-28T20:15:03Z,2026-07-28T20:15:45.396559+00:00,PENDING_VALIDATION,False,,,MARKET_DISLOCATION
c2e520af9bd7e828a76959862d941068,Awa Fam,67076,True,player_assists,False,2.5,under,draftkings,-142.0,0.556098,0.443902,5,True,0.019687,True,-5.2284,,,,26.396559,2026-07-28T20:15:19Z,2026-07-28T20:15:45.396559+00:00,PENDING_VALIDATION,False,,,MARKET_DISLOCATION
606c87e74c7cc6048113e44a4f33506f,A'ja Wilson,535,True,player_points,False,26.5,over,fanduel,-122.0,0.5208,0.5208,6,True,0.004715,True,-5.2315,,,,32.396559,2026-07-28T20:15:13Z,2026-07-28T20:15:45.396559+00:00,PENDING_VALIDATION,False,,,MARKET_DISLOCATION
e4dc370d08264200533bf3816f82c622,Aaliyah Edwards,714,True,player_points,False,9.5,over,betonlineag,-123.0,0.522665,0.522665,4,False,0.00237,True,-5.2404,,,,53.396559,2026-07-28T20:14:52Z,2026-07-28T20:15:45.396559+00:00,PENDING_VALIDATION,False,,,MARKET_DISLOCATION
c2e520af9bd7e828a76959862d941068,Caitlin Clark,708,True,player_points,False,20.5,under,fanduel,-106.0,0.487595,0.512405,8,True,0.012588,True,-5.2409,,,,41.396559,2026-07-28T20:15:04Z,2026-07-28T20:15:45.396559+00:00,PENDING_VALIDATION,False,,,MARKET_DISLOCATION
fa632e2d144f67960024500509077a4a,Dearica Hamby,411,True,player_rebounds,False,7.5,under,betonlineag,-133.0,0.540885,0.459115,6,False,0.002519,True,-5.2434,,,,12.396559,2026-07-28T20:15:33Z,2026-07-28T20:15:45.396559+00:00,PENDING_VALIDATION,False,,,MARKET_DISLOCATION
c2e520af9bd7e828a76959862d941068,Jade Melbourne,687,True,player_points,False,8.5,under,williamhill_us,-130.0,0.535569,0.464431,5,True,0.008842,True,-5.2455,,,,103.396559,2026-07-28T20:14:02Z,2026-07-28T20:15:45.396559+00:00,PENDING_VALIDATION,False,,,MARKET_DISLOCATION
606c87e74c7cc6048113e44a4f33506f,Jackie Young,570,True,player_points,False,17.5,under,draftkings,-126.0,0.528227,0.471773,7,True,0.008748,True,-5.2546,,,,23.396559,2026-07-28T20:15:22Z,2026-07-28T20:15:45.396559+00:00,PENDING_VALIDATION,False,,,MARKET_DISLOCATION
c2e520af9bd7e828a76959862d941068,Kelsey Mitchell,533,True,player_assists,False,2.5,over,draftkings,104.0,0.464431,0.464431,5,True,0.024926,True,-5.2561,,,,26.396559,2026-07-28T20:15:19Z,2026-07-28T20:15:45.396559+00:00,PENDING_VALIDATION,False,,,MARKET_DISLOCATION
606c87e74c7cc6048113e44a4f33506f,A'ja Wilson,535,True,player_threes,False,0.5,over,betparx,-155.0,0.575841,0.575841,6,True,0.008413,True,-5.2648,,,,107.396559,2026-07-28T20:13:58Z,2026-07-28T20:15:45.396559+00:00,PENDING_VALIDATION,False,,,MARKET_DISLOCATION
606c87e74c7cc6048113e44a4f33506f,A'ja Wilson,535,True,player_threes,False,0.5,over,hardrockbet,-155.0,0.575841,0.575841,6,True,0.009249,True,-5.2648,,,,39.396559,2026-07-28T20:15:06Z,2026-07-28T20:15:45.396559+00:00,PENDING_VALIDATION,False,,,MARKET_DISLOCATION
606c87e74c7cc6048113e44a4f33506f,Jackie Young,570,True,player_threes,False,1.5,under,fanduel,140.0,0.394717,0.605283,8,True,0.009391,True,-5.268,,,,32.396559,2026-07-28T20:15:13Z,2026-07-28T20:15:45.396559+00:00,PENDING_VALIDATION,False,,,MARKET_DISLOCATION
606c87e74c7cc6048113e44a4f33506f,Carla Leite,748,True,player_assists,False,5.5,over,rebet,-144.0,0.559052,0.559052,8,True,0.00816,True,-5.2717,,,,42.396559,2026-07-28T20:15:03Z,2026-07-28T20:15:45.396559+00:00,PENDING_VALIDATION,False,,,MARKET_DISLOCATION
606c87e74c7cc6048113e44a4f33506f,Carla Leite,748,True,player_threes,False,0.5,under,betonlineag,107.0,0.457609,0.542391,5,False,0.006815,True,-5.275,,,,18.396559,2026-07-28T20:15:27Z,2026-07-28T20:15:45.396559+00:00,PENDING_VALIDATION,False,,,MARKET_DISLOCATION
786c1161bd8d7bbab01efa2e850df8bb,Courtney Williams,456,True,player_assists,False,3.5,over,fanduel,-160.0,0.582916,0.582916,4,True,0.005894,True,-5.2762,,,,34.396559,2026-07-28T20:15:11Z,2026-07-28T20:15:45.396559+00:00,PENDING_VALIDATION,False,,,MARKET_DISLOCATION
fa632e2d144f67960024500509077a4a,Jonquel Jones,465,True,player_rebounds,False,9.5,under,betonlineag,-139.0,0.550862,0.449138,7,False,0.013491,True,-5.2834,,,,12.396559,2026-07-28T20:15:33Z,2026-07-28T20:15:45.396559+00:00,PENDING_VALIDATION,False,,,MARKET_DISLOCATION
606c87e74c7cc6048113e44a4f33506f,A'ja Wilson,535,True,player_points,False,27.5,under,betparx,-132.0,0.538889,0.461111,2,False,0.017209,True,-5.2862,,,,107.396559,2026-07-28T20:13:58Z,2026-07-28T20:15:45.396559+00:00,PENDING_VALIDATION,False,,insufficient_consensus_books,MARKET_DISLOCATION
fa632e2d144f67960024500509077a4a,Nneka Ogwumike,309,True,player_assists,False,3.5,over,betonlineag,132.0,0.408249,0.408249,6,False,0.018581,True,-5.2862,,,,12.396559,2026-07-28T20:15:33Z,2026-07-28T20:15:45.396559+00:00,PENDING_VALIDATION,False,,,MARKET_DISLOCATION
