{
  "ast": 0.870,
  "blk": 1.1899494517747278,
  "fg3m": 0.838,
  "pts": 0.847,
  "pts_ast": 1.0,
  "pts_reb": 1.0,
  "pts_reb_ast": 1.0,
  "reb": 0.787,
  "reb_ast": 1.0,
  "stl": 1.15666801544436,
  "stocks": 1.1467414687113355,
  "turnover": 0.6582641864587928
}
