{
  "pts": 1.072,
  "reb": 1.064,
  "ast": 1.046,
  "fg3m": 1.090,
  "pts_reb": 1.139,
  "pts_ast": 1.120,
  "reb_ast": 1.107,
  "pts_reb_ast": 1.158,
  "stl": 1.15666801544436,
  "blk": 1.1899494517747278,
  "stocks": 1.1467414687113355,
  "turnover": 0.6582641864587928
}
