{
  "pts": 1.426,
  "reb": 1.127,
  "ast": 1.456,
  "fg3m": 1.235,
  "pts_reb": 1.453,
  "pts_ast": 1.533,
  "reb_ast": 1.471,
  "pts_reb_ast": 1.521,
  "stl": 1.15666801544436,
  "blk": 1.1899494517747278,
  "stocks": 1.1467414687113355,
  "turnover": 0.6582641864587928
}
