{
  "ast": 1.068,
  "blk": 1.9797988492858585,
  "fg3m": 1.069,
  "pts": 1.120,
  "pts_ast": 1.095,
  "pts_reb": 1.110,
  "pts_reb_ast": 1.100,
  "reb": 1.163,
  "reb_ast": 1.095,
  "stl": 1.5903452497170796,
  "stocks": 1.7319943801340243,
  "turnover": 1.093
}
