{
  "ast": 0.838,
  "blk": 1.1928642332324604,
  "fg3m": 0.864,
  "pts": 0.855,
  "reb": 0.800,
  "stl": 1.2109234150356047,
  "stocks": 1.1713680640463477,
  "turnover": 0.7067117983067037
}
