{
  "pts": 1.39,
  "reb": 1.07,
  "ast": 1.32,
  "fg3m": 1.14,
  "pts_reb": 1.33,
  "pts_ast": 1.33,
  "reb_ast": 1.33,
  "pts_reb_ast": 1.33,
  "stl": 1.15666801544436,
  "blk": 1.1899494517747278,
  "stocks": 1.1467414687113355,
  "turnover": 0.6582641864587928
}
