{
  "ast": 1.1127378614855965,
  "blk": 1.9809767975419998,
  "fg3m": 1.0018928952972377,
  "pts": 1.094174938915849,
  "pts_ast": 1.120236585967327,
  "pts_reb": 1.1413591521741746,
  "pts_reb_ast": 1.133945354481823,
  "reb": 1.1947956962831934,
  "reb_ast": 1.1726677826593015,
  "stl": 1.621657470242484,
  "stocks": 1.7666330936917536,
  "turnover": 1.024941470394196
}