{
  "ast": 1.1297470842307014,
  "blk": 1.9246092184920682,
  "fg3m": 1.0058016438556394,
  "pts": 1.0779430324267698,
  "pts_ast": 1.122268211924561,
  "pts_reb": 1.1361603959066633,
  "pts_reb_ast": 1.1308099424571791,
  "reb": 1.1816431177602469,
  "reb_ast": 1.1679940817286334,
  "stl": 1.6736995160082517,
  "stocks": 1.766309798570335,
  "turnover": 1.0274444737314652
}