{
  "pts": 1.292,
  "reb": 1.093,
  "ast": 1.241,
  "fg3m": 1.185,
  "pts_reb": 1.319,
  "pts_ast": 1.360,
  "reb_ast": 1.313,
  "pts_reb_ast": 1.438,
  "stl": 1.15666801544436,
  "blk": 1.1899494517747278,
  "stocks": 1.1467414687113355,
  "turnover": 0.6582641864587928
}
