{
  "pts": 1.0,
  "reb": 1.0,
  "ast": 1.0,
  "fg3m": 1.0,
  "stl": 1.203569322881261,
  "blk": 1.1801586946788793,
  "stocks": 1.1649745446313244,
  "turnover": 1.0
}
