{
  "ast": 0.643924843808021,
  "blk": 1.1686657113283268,
  "fg3m": 0.854343713888119,
  "pts": 0.6584399155508325,
  "pts_ast": 0.6763865161400165,
  "pts_reb": 0.6761862055574509,
  "pts_reb_ast": 0.6678392247493132,
  "reb": 0.6658378538637632,
  "reb_ast": 0.6782355448108275,
  "stl": 1.1665022145727673,
  "stocks": 1.1540763295844718,
  "turnover": 0.6513029262711899
}