{
  "ast": 0.6780434250469796,
  "blk": 1.1899494517747278,
  "fg3m": 0.8303395829876528,
  "pts": 0.7396638149521481,
  "reb": 0.6889664735522069,
  "stl": 1.15666801544436,
  "stocks": 1.1467414687113355,
  "turnover": 0.6582641864587928
}