{
  "ast": 1.0306722321461539,
  "blk": 0.8318520464745478,
  "fg3m": 1.0337393487086761,
  "pts": 1.054489141817129,
  "reb": 1.0551859714032759,
  "stl": 0.840041951435632,
  "stocks": 0.8368265363757508,
  "turnover": 1.0301758286154945
}