{
  "pts": 1.183,
  "reb": 1.076,
  "ast": 1.160,
  "fg3m": 1.133,
  "pts_reb": 1.228,
  "pts_ast": 1.252,
  "reb_ast": 1.200,
  "pts_reb_ast": 1.263,
  "stl": 1.15666801544436,
  "blk": 1.1899494517747278,
  "stocks": 1.1467414687113355,
  "turnover": 0.6582641864587928
}
