{
  "ast": 1.0838686324631732,
  "blk": 1.8471610363331414,
  "fg3m": 0.9982980512477413,
  "pts": 1.0728805972638822,
  "pts_ast": 1.1102967059306699,
  "pts_reb": 1.1310910103911942,
  "pts_reb_ast": 1.1211178382737568,
  "reb": 1.1820315043534189,
  "reb_ast": 1.1527150733283154,
  "stl": 1.6282987246478748,
  "stocks": 1.6619143497625437,
  "turnover": 1.0188194431259356
}