{
  "ast": 1.0071244689635752,
  "blk": 1.9797988492858585,
  "fg3m": 1.008666240493365,
  "pts": 1.0563080817524741,
  "pts_ast": 1.0926525289055304,
  "pts_reb": 1.1173852913003468,
  "pts_reb_ast": 1.1037496072517916,
  "reb": 1.097472590981115,
  "reb_ast": 1.1138067193454233,
  "stl": 1.5903452497170796,
  "stocks": 1.7319943801340243,
  "turnover": 1.0310822598297906
}