{
  "ast": 0.6590622955241661,
  "blk": 1.1890246685461083,
  "fg3m": 0.6698659240305297,
  "pts": 0.7458046063236116,
  "reb": 0.6780001390627235,
  "stl": 1.2149850747703514,
  "stocks": 1.173996207068167,
  "turnover": 0.6172311506820466
}