{
  "ast": 0.658824660905664,
  "blk": 1.185229033002796,
  "fg3m": 0.6614960406036281,
  "pts": 0.7429288177013739,
  "reb": 0.6805478796868362,
  "stl": 1.2129799197976252,
  "stocks": 1.1661887890203189,
  "turnover": 0.6199370269088311
}