{
  "ast": 1.1127378614855965,
  "blk": 1.9809767975419998,
  "fg3m": 1.0018928952972377,
  "pts": 1.094174938915849,
  "pts_ast": 1.1235771107042893,
  "pts_reb": 1.139743609302913,
  "pts_reb_ast": 1.1285205442596675,
  "reb": 1.1947956962831934,
  "reb_ast": 1.1744696781704385,
  "stl": 1.621657470242484,
  "stocks": 1.762001744106414,
  "turnover": 1.024941470394196
}