{
  "ast": 0.6768968049484179,
  "blk": 1.1699140075207681,
  "fg3m": 0.858642317652747,
  "pts": 0.7353716086183097,
  "pts_ast": 0.7419487237000223,
  "pts_reb": 0.7306322160335725,
  "pts_reb_ast": 0.7259962145163935,
  "reb": 0.6880358477097285,
  "reb_ast": 0.7020527501670193,
  "stl": 1.154526658121362,
  "stocks": 1.146025141647278,
  "turnover": 0.6572095640547914
}