{
  "ast": 0.6,
  "blk": 0.8004488441401656,
  "fg3m": 0.6,
  "pts": 0.6094508584815169,
  "reb": 0.6,
  "stl": 0.6,
  "stocks": 0.6030373526153626,
  "turnover": 0.6
}