{
  "ast": 0.685938195599195,
  "blk": 1.1723550390345487,
  "fg3m": 0.8635334565655054,
  "pts": 0.7427708014009506,
  "pts_ast": 0.7476490332166649,
  "pts_reb": 0.7404613638613327,
  "pts_reb_ast": 0.7306139011471592,
  "reb": 0.6999433853970425,
  "reb_ast": 0.7109009875926207,
  "stl": 1.1708168294094006,
  "stocks": 1.1529198619857446,
  "turnover": 0.6669438550342662
}