{
  "ast": 0.71828381570016,
  "blk": 1.1928642332324604,
  "fg3m": 0.8936120489686364,
  "pts": 0.7602614249171606,
  "reb": 0.7052394249101815,
  "stl": 1.2109234150356047,
  "stocks": 1.1713680640463477,
  "turnover": 0.7067117983067037
}