{
  "ast": 0.90,
  "blk": 1.185229033002796,
  "fg3m": 0.90,
  "pts": 1.0,
  "reb": 1.0,
  "stl": 1.2129799197976252,
  "stocks": 1.1661887890203189,
  "turnover": 0.85
}
