{
  "ast": 1.0921753981072202,
  "blk": 1.934573085979671,
  "fg3m": 0.9987229111514093,
  "pts": 1.0680867141668968,
  "pts_ast": 1.109634505211681,
  "pts_reb": 1.1257238012353323,
  "pts_reb_ast": 1.122709859228509,
  "reb": 1.1847232768976168,
  "reb_ast": 1.1585303873697328,
  "stl": 1.67723415482705,
  "stocks": 1.6800070865753467,
  "turnover": 1.0013211009472496
}