{
  "ast": 1.249996,
  "blk": 1.1686657113283268,
  "fg3m": 1.658464,
  "pts": 1.278173,
  "pts_ast": 1.264084,
  "pts_reb": 1.285354,
  "pts_reb_ast": 1.273568,
  "reb": 1.292534,
  "reb_ast": 1.271265,
  "stl": 1.1665022145727673,
  "stocks": 1.1540763295844718,
  "turnover": 1.264319
}