{
<<<<<<< Updated upstream
  "ast": 0.6519741507188116,
  "blk": 1.1873684479049877,
  "fg3m": 0.6547468899242933,
  "pts": 0.7410231611699433,
  "reb": 0.6780989816171998,
  "stl": 1.2074787673826584,
  "stocks": 1.1687660893720966,
  "turnover": 0.6168339982143259
=======
  "ast": 0.6518508211611255,
  "blk": 1.1779547484170787,
  "fg3m": 0.6581078468140135,
  "pts": 0.7383790541418812,
  "reb": 0.6772814075785544,
  "stl": 1.2076977118572563,
  "stocks": 1.1637939466308074,
  "turnover": 0.6177532605608008
>>>>>>> Stashed changes
}