{
  "ast": 0.6580107687165874,
  "blk": 1.1801586946788793,
  "fg3m": 0.6577322906867649,
  "pts": 0.737521351753727,
  "reb": 0.6777543375055975,
  "stl": 1.203569322881261,
  "stocks": 1.1649745446313244,
  "turnover": 0.6165649200064968
}