{
  "ast": 1.0922537340992295,
  "blk": 1.9566873419912125,
  "fg3m": 1.0138889736091907,
  "pts": 1.0943112312333603,
  "pts_ast": 1.1277924558521184,
  "pts_reb": 1.143774423421161,
  "pts_reb_ast": 1.1360176316988784,
  "reb": 1.182652728003854,
  "reb_ast": 1.1699453603957692,
  "stl": 1.6063906407507822,
  "stocks": 1.7476847601446464,
  "turnover": 1.0159099889534153
}