{
  "ast": 1.4764307386027287,
  "blk": 1.626010553607737,
  "fg3m": 1.2950722194286008,
  "pts": 1.4209578639348537,
  "reb": 1.525221192939037,
  "stl": 1.3554125445507164,
  "stocks": 1.0,
  "turnover": 1.1670184132090378
}