{
  "ast": 1.5524635898481305,
  "blk": 1.0,
  "fg3m": 1.556031065944346,
  "pts": 1.7379091989467685,
  "reb": 1.6646879736844131,
  "stl": 1.0,
  "stocks": 1.0,
  "turnover": 1.4554365178244224
}