{
  "ast": 1.4305836186834082,
  "blk": 1.0185173852676346,
  "fg3m": 1.5431345818099984,
  "pts": 1.5166296055835105,
  "reb": 1.4395414439507244,
  "stl": 1.1125127242209578,
  "stocks": 1.0093710353210137,
  "turnover": 1.23989472635992
}