{
  "ast": 1.369426535465151,
  "blk": 1.0,
  "fg3m": 1.4644053026342532,
  "pts": 1.122718856750424,
  "reb": 1.2421047525024307,
  "stl": 1.3453033471213598,
  "stocks": 1.0,
  "turnover": 1.3003244693755163
}