{
<<<<<<< Updated upstream
  "ast": 1.5280800654260156,
  "blk": 1.0,
  "fg3m": 1.5549163458427915,
  "pts": 1.7012847546084335,
  "reb": 1.649568496638589,
  "stl": 1.0,
  "stocks": 1.0,
  "turnover": 1.4513721584416825
=======
  "ast": 1.5351101184043041,
  "blk": 1.0,
  "fg3m": 1.540928353762312,
  "pts": 1.7049066013275584,
  "reb": 1.656741357966918,
  "stl": 1.0,
  "stocks": 1.0,
  "turnover": 1.4498353831843327
>>>>>>> Stashed changes
}