{
  "ast": 1.130403735547781,
  "blk": 1.0,
  "fg3m": 1.292106118204679,
  "pts": 1.2984653877658667,
  "reb": 1.4010955439144512,
  "stl": 1.0,
  "stocks": 1.0,
  "turnover": 1.190258403922655
}