{
  "ast": 1.5269101717173852,
  "blk": 1.0,
  "fg3m": 1.5167262196011742,
  "pts": 1.6931568672172457,
  "reb": 1.6352300219680662,
  "stl": 1.0,
  "stocks": 1.0,
  "turnover": 1.4422792742862411
}