{
  "ast": 1.6073236076368966,
  "blk": 1.0,
  "fg3m": 1.904396676455991,
  "pts": 1.729247917829423,
  "reb": 1.6803460798696468,
  "stl": 1.0,
  "stocks": 1.0,
  "turnover": 1.4976486696708313
}