{
  "ast": 1.475740689406273,
  "blk": 1.7062717907736549,
  "fg3m": 1.279175006164298,
  "pts": 1.370741938034611,
  "reb": 1.5071957034536068,
  "stl": 1.4335565690679763,
  "stocks": 1.872311728405591,
  "turnover": 1.1640650234492482
}