{
  "ast": 1.5470486998718325,
  "blk": 1.0,
  "fg3m": 1.5532088939580562,
  "pts": 1.714414855449884,
  "reb": 1.66333502199616,
  "stl": 1.0,
  "stocks": 1.0,
  "turnover": 1.4652553538840822
}