{
  "ast": 1.472792423998526,
  "blk": 1.0,
  "fg3m": 1.7153558169804377,
  "pts": 1.6611520042878092,
  "reb": 1.6216610164191887,
  "stl": 1.0,
  "stocks": 1.0,
  "turnover": 1.3635061975944334
}