{
  "ast": 1.4662001396695796,
  "blk": 1.0,
  "fg3m": 1.6396066926782589,
  "pts": 1.6550031994169265,
  "reb": 1.616301413242984,
  "stl": 1.0,
  "stocks": 1.0,
  "turnover": 1.3368719065812023
}