{
  "ast": 1.4764307386027287,
  "blk": 1.6260105536077367,
  "fg3m": 1.295072219428601,
  "pts": 1.4209578639348537,
  "reb": 1.525221192939037,
  "stl": 1.3554125445507164,
  "stocks": 1.7727751507428804,
  "turnover": 1.1670184132090378
}