{
  "ast": 1.1533455465439038,
  "blk": 1.6417180850120046,
  "fg3m": 1.2435589258151694,
  "pts": 1.3941931987226666,
  "reb": 1.5226953693264682,
  "stl": 1.3947743087261308,
  "stocks": 1.8067494322085949,
  "turnover": 1.1478984993796613
}