{
  "ast": 1.182247635832805,
  "blk": 1.6523159376751504,
  "fg3m": 1.273731127079457,
  "pts": 1.4045312383170003,
  "reb": 1.4858315429747182,
  "stl": 1.3505128413671694,
  "stocks": 1.7347559879770256,
  "turnover": 1.170587069353989
}