{
  "ast": 1.4562082789487156,
  "blk": 1.633541166050154,
  "fg3m": 1.286458307691506,
  "pts": 1.3706622976063458,
  "reb": 1.5264622775289596,
  "stl": 1.4046965600122026,
  "stocks": 1.0,
  "turnover": 1.1644376483622418
}