{
  "ast": 1.418086414434205,
  "blk": 1.6246533006700117,
  "fg3m": 1.3291351309024133,
  "pts": 1.3621882091773436,
  "reb": 1.499472464961204,
  "stl": 1.3833144408615257,
  "stocks": 1.8046259687724524,
  "turnover": 1.1596527510378087
}