{
  "ast": 1.4960051077842857,
  "blk": 1.0,
  "fg3m": 1.5614854235452809,
  "pts": 1.7028672037255137,
  "reb": 1.6484990213058313,
  "stl": 1.0,
  "stocks": 1.0,
  "turnover": 1.3710412575791198
}