stat,game_id,player_id,old_norm_error,new_norm_error,dropped_minutes_mass,old_s_before_renorm,mean_diff,var_diff,line,line_prob_diff,max_atom_diff
pts,3331,242,0.0005460550783606966,4.440892098500626e-16,0.0005460005460005135,0.9994539449216393,0.004032153315979947,0.05965339104984224,7.0,0.00033409492816116604,3.6393960806346826e-05
pts,3333,573,0.0005460133526700162,2.220446049250313e-16,0.0005460005460006245,0.99945398664733,0.004694494813755945,0.07369736067803245,6.0,0.00029353271253462765,4.905624959183896e-05
pts,3338,425,9.756892163892417e-05,0.0,9.756892163848008e-05,0.9999024310783611,0.00041885707858835275,0.0009568160524402458,6.5,0.00013956874228793215,2.160661010772516e-05
pts,3342,422,7.238522176544748e-05,0.0,7.238522176566953e-05,0.9999276147782344,0.0003009587973323846,0.0007165474189640975,4.0,0.00010047468716167796,6.910152435458256e-05
pts,3348,678,0.0007561257195285442,2.220446049250313e-16,0.0007561246346876604,0.9992438742804716,0.008786378700703423,0.16556174672638413,3.5,0.00034985081198141144,0.00012775930841335548
pts,3351,540,0.0009104762094587215,4.440892098500626e-16,0.0009104762090709206,0.9990895237905413,0.007624832673058357,0.09346904533365219,4.5,0.00044597789594591486,0.00011228495415901985
pts,3357,568,0.0001662578954673144,2.220446049250313e-16,0.00016625788065394165,0.9998337421045325,0.0012901929631539133,0.006587116514332081,9.0,0.00023631080415087435,4.8985580827854217e-05
pts,3358,655,0.000677266426357237,4.440892098500626e-16,0.000677266426357126,0.9993227335736427,0.004358628626916605,0.046446209897715196,1.5,0.0003145332881958063,0.00022736729968669822
pts,3362,580,0.0001382471196671453,3.3306690738754696e-16,0.00013824711611409857,0.9998617528803329,0.0009059024713984343,0.003492800797577189,11.0,0.0001944713930667752,1.9710199660308292e-05
pts,3369,555,8.55348845727466e-05,4.440892098500626e-16,8.553488457296865e-05,0.9999144651154273,0.00033366161612491396,0.0018993224318304414,3.5,4.961457188767948e-05,1.1510402257441932e-05
pts,3372,667,0.0007579740438941052,1.1102230246251565e-16,0.0007579740437193561,0.9992420259561057,0.0062902642174136325,0.08556935354690509,2.0,0.0003084712605954665,0.00021437444946326156
pts,3381,336,0.00014536226999384283,2.220446049250313e-16,0.00014536226899042326,0.9998546377300064,0.0010076753867878097,0.004616860272832923,7.5,0.00020787007724826223,9.446147448390584e-05
pts,3382,493,0.0007960323438147565,2.220446049250313e-16,0.0007960323438146455,0.9992039676561852,0.003953215326635284,0.03058309901992473,3.0,0.00038495168802382684,0.00013146454915730077
pts,3388,483,0.0007336757287941253,1.1102230246251565e-16,0.0007336757153340034,0.9992663242712058,0.00614470309385684,0.07732583452283848,5.5,0.0003896376851066363,7.269255285745346e-05
pts,3390,525,0.0005460344406460482,6.661338147750939e-16,0.0005460005460005135,0.9994539655593542,0.004184140865228336,0.06253875568825151,6.5,0.0003321508476142876,3.993287373149634e-05
pts,3393,462,0.00010881568466225566,2.220446049250313e-16,0.00010877427036082299,0.9998911843153377,0.0012198385447401705,0.009309202441414755,15.0,0.000153105035696266,1.8685490986431255e-05
pts,3398,547,8.989283705851392e-05,6.661338147750939e-16,8.989005817205964e-05,0.9999101071629414,0.0007600732553783018,0.0039343100032454,15.5,0.00013036867060134405,9.189326214738974e-06
pts,3402,684,0.0007336757153804108,2.220446049250313e-16,0.0007336757153337814,0.9992663242846195,0.004411462793854071,0.042069816240916325,5.0,0.0003853213432926661,7.842286778741991e-05
pts,3406,636,0.0007249793300645457,4.440892098500626e-16,0.0007249760846755882,0.9992750206699356,0.007388210815920004,0.1272395319755084,4.5,0.00036153597708277196,8.795459759308732e-05
pts,3411,645,0.00012425156259254777,2.220446049250313e-16,0.0001242161647503348,0.9998757484374075,0.0013573940380844363,0.009927048562296648,15.0,0.00017604149744498976,2.016988996352432e-05
pts,3419,574,7.934905054662877e-05,2.220446049250313e-16,7.93490505298644e-05,0.9999206509494533,0.00048042373087842094,0.00392974222119058,5.0,3.825620171915567e-05,9.310053776107052e-06
pts,3421,695,0.0007028653510918748,4.440892098500626e-16,0.0007028652127566426,0.9992971346489079,0.006098798243140635,0.08999595366675273,4.0,0.00032283657007703415,9.962723677348073e-05
pts,3423,648,0.0006928056666164473,2.220446049250313e-16,0.0006928056541809502,0.9993071943333834,0.006670231823536099,0.10409642651303663,3.0,0.00027304899443086894,0.00015292836723262981
pts,3431,540,0.0008059112468123963,0.0,0.0008059112444090966,0.9991940887531877,0.006753621990259084,0.0837861647483269,5.0,0.0003847636218924366,8.842598921041112e-05
pts,3436,704,0.0007302275167386796,0.0,0.0007302275165056438,0.9992697724832614,0.0065922993293900944,0.096006457864374,2.0,0.00027702061259993194,0.0002241462356805668
pts,3440,640,0.0006968511098581764,4.440892098500626e-16,0.0006968477506338333,0.9993031488901417,0.006417026704388817,0.10293853312791157,5.0,0.00034573168948137667,7.584649956547673e-05
pts,3442,699,0.0007458756047267201,0.0,0.0007458756012295176,0.9992541243952733,0.007529069604823135,0.12207687052555816,2.5,0.0003034806084172281,0.00020849809917966589
pts,3448,487,0.000855719971280422,0.0,0.0008557182976580702,0.9991442800287196,0.0038473862638870315,0.06076358315297625,9.0,0.0006205178928288535,7.292685843931362e-05
pts,3450,468,0.00015899766936677828,1.1102230246251565e-15,0.0001570621108064607,0.9998410023306332,0.0019214844231711936,0.015488654613569963,17.0,0.00022286094428536352,2.3213697855915642e-05
pts,3455,626,0.0008334190904744077,2.220446049250313e-16,0.0008334159630029037,0.9991665809095255,0.009448814848140863,0.1563847998878316,7.5,0.00040724803070868454,6.908203574214344e-05
pts,3457,693,0.0006969987166851599,2.220446049250313e-16,0.0006969987166767222,0.9993030012833148,0.005632607538572421,0.07348843547697825,1.5,0.00031705210114468807,0.00023923983478085775
pts,3465,406,0.0009349730018177738,2.220446049250313e-16,0.0009349730017994551,0.9990650269981824,0.007301723388334125,0.08340934478094297,4.0,0.0004100207723151117,0.00012750713767631372
pts,3466,627,0.00085629889578831,2.220446049250313e-16,0.0008562987966936886,0.9991437011042116,0.0037412390660289674,0.053373194299577875,7.5,0.0006242504569509144,9.02556842790267e-05
pts,3473,690,0.0006679280811239252,0.0,0.0006679280762980078,0.999332071918876,0.006629833643057914,0.10510155383564879,2.5,0.0002870210209334201,0.00017054009671579884
pts,3474,462,0.0001724250560313223,2.220446049250313e-16,0.00016954563696947034,0.9998275749439687,0.002303557515912047,0.019648883910832637,19.5,0.000247366196970078,2.0134841464119514e-05
pts,3478,540,0.0008605454132868395,0.0,0.0008605454116071831,0.9991394545867129,0.007386133278302509,0.09307568659574805,5.0,0.0003936471511202244,9.867810620559081e-05
pts,3483,684,0.00011747648223270346,1.1102230246251565e-16,0.00011747648192550475,0.9998825235177675,0.0008034496434117244,0.003543613449160432,8.0,0.0001654823250928361,3.721684542001315e-05
pts,3490,679,0.0007336757296392271,1.1102230246251565e-16,0.0007336757153338924,0.9992663242703604,0.005407346648452105,0.06235596642912711,6.0,0.0003936122334101677,6.558720991960143e-05
pts,3496,541,8.626397091271443e-05,2.220446049250313e-16,8.62639709120483e-05,0.9999137360290874,0.00046916824533393964,0.0016068834018110323,5.5,0.00012520981303687506,7.203174122745806e-05
pts,3494,627,0.000733675781315668,4.440892098500626e-16,0.0007336757153337814,0.9992663242186841,0.005349024507689926,0.06227672309428556,7.0,0.0004011867381221723,5.767410503701442e-05
pts,3500,652,0.0008435398524337945,1.1102230246251565e-16,0.0008435390076340088,0.9991564601475659,0.009820013793410354,0.16377296517387663,6.5,0.00040445173100756016,7.823313570827495e-05
pts,3504,604,0.0007336757448039855,0.0,0.0007336757153338924,0.999266324255196,0.00494231462297634,0.05415686928455088,7.0,0.0004102021335652406,5.725359341847425e-05
pts,3512,615,0.0001280746734195759,2.220446049250313e-16,0.00012807461160646572,0.9998719253265805,0.0010554782502785187,0.011249865974411577,6.0,5.988076920659946e-05,1.3042145301081498e-05
pts,3514,406,0.000733675717094151,1.1102230246251565e-16,0.0007336757153337814,0.9992663242829062,0.0057280025682553415,0.06733930747878247,5.0,0.0003663504945802254,7.740054683082198e-05
pts,3516,568,0.0007336758307499025,0.0,0.0007336757153337814,0.9992663241692502,0.007101155717356811,0.10117338603596693,6.0,0.0003551460893650993,6.995962047483262e-05
pts,3525,562,0.0008791874385214449,1.1102230246251565e-16,0.0008791874385217779,0.9991208125614784,0.004384817574629274,0.033097674623719264,2.0,0.00038926546563550213,0.00019176084901328938
pts,3526,658,0.0008876413751570666,2.220446049250313e-16,0.0008876413751564005,0.9991123586248428,0.006777386233501659,0.0748083243817046,3.5,0.0003950282641727032,0.0001440063877327924
pts,3530,539,0.0007336757201263922,2.220446049250313e-16,0.0007336757153336704,0.9992663242798736,0.00611477184837117,0.07595577501785655,5.5,0.00036691361175844595,7.658215813154123e-05
pts,3536,494,8.843665109425913e-05,1.2212453270876722e-15,8.840837868018259e-05,0.9999115633489056,0.000841330384485417,0.005051675937799871,17.0,0.00012552733213505585,9.145424658933352e-06
pts,3538,298,0.0007479406321668769,2.220446049250313e-16,0.0007479406228524388,0.9992520593678332,0.00643434522122055,0.09214745259162882,3.0,0.0003229642823511236,0.00014525568384068932
pts,3543,567,0.000711025816564792,4.440892098500626e-16,0.0007110252975962572,0.9992889741834351,0.008215765918901052,0.15268215894581516,3.5,0.0003125587215055403,0.00013026852039191295
pts,3547,520,0.0007425569699701651,2.220446049250313e-16,0.0007425569693292333,0.9992574430300298,0.007302050565966667,0.1150406938569013,2.0,0.0002742723188302598,0.00023483814420000027
pts,3554,676,0.00014079706307290607,7.771561172376096e-16,0.00014079374284636792,0.9998592029369271,0.0011880105319601597,0.00611571499756991,15.5,0.00020093372342017135,1.5257945130828926e-05
pts,3553,591,0.0001258628429599007,4.440892098500626e-16,0.00012572634900787083,0.9998741371570399,0.0014732662978431676,0.011625077248567095,16.0,0.0001789039532381631,1.9510912670541933e-05
pts,3559,285,0.00013096340887974733,2.220446049250313e-16,0.00013096338687734743,0.9998690365911204,0.0010361247418639863,0.005259675614237125,10.5,0.00018905856264744836,2.7518284955525135e-05
pts,3567,341,0.00012139480835737793,2.220446049250313e-16,0.0001213404940633156,0.9998786051916426,0.0014065897605330946,0.011470899516318411,14.0,0.00016991459124293673,2.886607188617085e-05
pts,3573,547,7.78536141747832e-05,9.992007221626409e-16,7.785342061628064e-05,0.9999221463858252,0.0006012378812538799,0.002830525990979993,14.0,0.00010879973842314872,9.002425291320532e-06
pts,3569,682,0.0007178196440547069,4.440892098500626e-16,0.0007178182201978967,0.9992821803559454,0.006172123193624479,0.09333321609197398,4.5,0.0003852278352867722,8.068475325878621e-05
pts,3579,409,0.00017404716776647788,2.220446049250313e-16,0.00017404716602509307,0.9998259528322335,0.0012216786157548398,0.005265274183958724,9.5,0.00025367144231086547,3.547127867216393e-05
pts,3582,495,0.0007401120081322876,4.440892098500626e-16,0.0007401120081327317,0.9992598879918675,0.0034742866858896715,0.028692600326083006,1.5,0.00037301200219214126,0.00022850848294303505
pts,3587,697,0.0007233483024209342,0.0,0.000723348301787996,0.999276651697579,0.007222988517508355,0.11496692827819732,2.0,0.00026306312140012,0.00023198502706373025
pts,3591,413,0.0006968644919842504,2.220446049250313e-16,0.0006968644911071742,0.9993031355080159,0.006532346067070094,0.09827991378334211,2.0,0.0002795459385224186,0.00019705562696931134
pts,3597,374,0.00014134734811355187,1.2212453270876722e-15,0.00014133450408093662,0.9998586526518863,0.0012521227120529943,0.006758492335876554,16.5,0.00020415115921657012,1.3954837848797336e-05
pts,3599,452,0.0007349968186389777,4.440892098500626e-16,0.0007349931045902425,0.9992650031813612,0.0070507175417882095,0.11656346676974749,5.0,0.00035460629087324946,8.284744617337303e-05
pts,3602,684,0.00010446199560698588,0.0,0.00010446199559221991,0.9998955380043933,0.0006242828444165127,0.0024024263091941833,6.0,0.0001465291332197194,8.627528187508254e-05
pts,3608,533,0.00014745817480976697,8.881784197001252e-16,0.00014744410809841568,0.9998525418251902,0.0013360082422906316,0.007544082652898965,16.0,0.00020745814982503497,1.635755992714441e-05
pts,3614,646,0.0007517709393995986,2.220446049250313e-16,0.0007517709393414229,0.9992482290606005,0.005685758124601037,0.07130637755023717,2.0,0.0003157088628335525,0.00020512515267928633
pts,3618,688,0.0009158135980613658,2.220446049250313e-16,0.0009158135980606996,0.9990841864019387,0.007897385982903682,0.09617364713016219,3.0,0.00034475013773255236,0.00016791841488975057
pts,3620,422,0.000797799466889515,0.0,0.0007977994668901811,0.9992022005331103,0.0023917050482236135,0.017665692747547368,4.0,0.0005411194898957139,8.649524034420875e-05
pts,3625,476,0.00018533332616810227,2.220446049250313e-16,0.00018533312156399084,0.9998146666738319,0.001570466007503768,0.01723318466880741,6.5,9.426965192016468e-05,1.7742682071955618e-05
pts,3631,425,0.0001057203554295505,2.220446049250313e-16,0.00010572035525602264,0.9998942796445703,0.0006946341894806807,0.006075237984102699,5.0,5.093738227185396e-05,1.2241435786347621e-05
pts,3632,668,0.0007190699601453687,4.440892098500626e-16,0.0007190693377353563,0.9992809300398544,0.006685513014360822,0.10556811318982362,4.0,0.00034335352749709225,9.485208560544578e-05
pts,3640,419,7.360089811925263e-05,6.661338147750939e-16,7.360077599316561e-05,0.9999263991018806,0.0005597063981284123,0.0025901009249658102,13.5,0.0001063238383769427,8.584799811330729e-06
pts,3642,242,8.790631304678165e-05,6.661338147750939e-16,8.772568936021852e-05,0.9999120936869531,0.0009171706624186982,0.006092988678560118,18.5,0.0001276100707456318,8.488280710820112e-06
pts,3648,465,0.00012795526061082363,0.0,0.00012795352191141696,0.9998720447393892,0.0012213285675670704,0.007735482303253605,12.5,0.00018620241290046025,2.480397730384755e-05
pts,3653,242,0.00012236018647948654,1.2212453270876722e-15,0.00012234550710998882,0.9998776398135204,0.0010980548831582837,0.006044178094278152,17.0,0.000171474942033345,1.2071899381857834e-05
pts,3656,610,8.570485354586488e-05,4.440892098500626e-16,8.570485347147994e-05,0.9999142951464539,0.0005431103311686059,0.004628195846477112,5.0,4.278103636701225e-05,9.698942798758159e-06
pts,3658,546,0.0007336772408006453,2.220446049250313e-16,0.0007336757153337814,0.9992663227591995,0.006438533552598713,0.08809476427234486,8.0,0.0003890609467090411,5.385482600883673e-05
pts,3665,718,0.0006722539313637199,0.0,0.0006722539313637199,0.9993277460686363,0.004009127264006818,0.0394193450061775,1.0,0.00026201280103405056,0.0002800394119930605
pts,3666,408,8.875578725708877e-05,7.771561172376096e-16,8.875549099318647e-05,0.999911244212743,0.000684584265684407,0.0031738941056289605,14.5,0.0001266016808122994,9.700536588351516e-06
pts,3671,615,0.0009010019439559258,2.220446049250313e-16,0.0009010019438907557,0.999098998056044,0.007556506174617006,0.09175134392997819,4.0,0.00039662636702364473,0.00012130308018437619
pts,3677,715,0.00012210679221880127,2.220446049250313e-16,0.00012210677575519302,0.9998778932077811,0.0009645924582724064,0.005154095929388092,8.5,0.0001783888406726164,5.848966138889515e-05
pts,3678,374,0.0001314931664815333,6.661338147750939e-16,0.00013149185409022657,0.9998685068335184,0.0010699869127037687,0.00528519180861764,14.5,0.0001908468394774543,1.4642478092300598e-05
pts,3683,242,0.0001022292740313624,1.1102230246251565e-15,0.00010219058786353763,0.9998977707259684,0.000990493215059729,0.006107534331654563,17.0,0.00014393404969437196,1.0985203324155937e-05
pts,3686,424,0.000900507339407719,0.0,0.0009005073234116256,0.9990994926605925,0.0026926634453205978,0.039405248102667656,7.5,0.0007078227456444042,8.506636468120707e-05
pts,3694,605,0.0009424725410935864,0.0,0.0009187877475950179,0.9990575274589065,0.004720171429980269,0.16159093965131888,16.0,0.0007368145637648427,4.5525696569305094e-05
pts,3698,422,0.0007336757153333373,0.0,0.0007336757153337814,0.9992663242846663,0.0027968622548404376,0.0183412256151394,3.5,0.00044509175567775117,8.852083828220225e-05
pts,3699,722,0.0007103383224555948,2.220446049250313e-16,0.0007103383224554838,0.9992896616775443,0.004795820767429904,0.05347209331506253,1.5,0.0003255808889036649,0.000242866968307609
pts,3703,373,9.129331452051304e-05,6.661338147750939e-16,9.129328740675735e-05,0.9999087066854796,0.0006322260487117148,0.00253608141080619,13.5,0.0001296919306462141,9.828429648965631e-06
pts,3712,251,0.00014508117797484843,2.220446049250313e-16,0.00014429838722396227,0.9998549188220252,0.0018319819867436138,0.015354875300396031,18.0,0.00020510978683285774,1.9469701692083168e-05
pts,3713,546,0.0008039131553618795,4.440892098500626e-16,0.0008039124525722752,0.999196086844638,0.004768882335854485,0.06659126827879902,8.0,0.0005246060426046251,6.043948512092674e-05
pts,3716,729,0.0006656327591123556,2.220446049250313e-16,0.0006656327581152643,0.9993343672408878,0.005533381242669666,0.07543073619597873,2.5,0.000306005774598217,0.0001536969075451311
pts,3726,691,0.0009135202628502981,2.220446049250313e-16,0.0009135202329698666,0.9990864797371497,0.00918893279402866,0.13349903707917576,5.5,0.0004375300488266842,9.609509802345484e-05
pts,3727,605,0.00014865632401939166,2.220446049250313e-16,0.00014705278859994397,0.9998513436759806,0.001958420683312312,0.016975556847015127,18.5,0.00021478845059402785,1.9256366827031905e-05
pts,3730,573,0.00011732105934969539,9.992007221626409e-16,0.00011726352184071587,0.9998826789406503,0.0011394360751886268,0.006949421369242259,17.5,0.00016929485435490665,1.1831380451412035e-05
pts,3733,41,3.90421273088748e-09,0.0,0.0,0.9999999960957875,3.645198631829771e-08,1.0007408945966745e-07,9.5,1.6526570112418426e-09,3.3743136063080215e-10
pts,3738,309,0.000153224769429805,2.220446049250313e-16,0.00015296661678931844,0.9998467752305704,0.0018136738687140053,0.014248139735414611,17.0,0.00021627831534470898,2.1309916701621467e-05
pts,3743,411,9.355412757328097e-05,2.220446049250313e-16,9.352966403131102e-05,0.9999064458724266,0.001019028542279088,0.014216505974630422,9.0,4.4411483548889574e-05,7.1337413824063e-06
pts,3746,576,0.0005460022762244776,4.440892098500626e-16,0.0005460005460006245,0.9994539977237755,0.003944912104428155,0.05361464191390297,5.0,0.00031132553452489775,5.097878883641993e-05
pts,3750,580,0.0008607637526754086,2.220446049250313e-16,0.0008607637500593901,0.9991392362473246,0.007525187541425282,0.0964526333801139,5.0,0.0003977770871165798,9.70683809533579e-05
pts,3756,476,0.0008540316486056465,2.220446049250313e-16,0.0008540316486056465,0.9991459683513944,0.006587003220945853,0.07254229396256129,3.0,0.0003334297079626847,0.00015601364186340616
pts,3762,568,0.0009183811028212752,4.440892098500626e-16,0.0009183809807633558,0.9990816188971787,0.00983228612477216,0.15149570238260424,6.0,0.000407138532270479,9.252528182687736e-05
pts,3763,487,0.0008773550350171799,0.0,0.0008773550350165138,0.9991226449649828,0.007547710214109937,0.09165897436466519,3.0,0.0003445553109693855,0.00015572217463771798
pts,3770,640,0.0006495506557824271,4.440892098500626e-16,0.0006495333857819974,0.9993504493442177,0.006436024009361496,0.11130218006887205,5.5,0.00034205012588578443,6.359017707713299e-05
pts,3772,712,0.0008635461475905437,4.440892098500626e-16,0.0008635460692612007,0.9991364538524093,0.00302608324635667,0.04227870274759482,8.0,0.0006500163310264595,6.396202213340696e-05
pts,3779,346,0.00019239739089460528,4.440892098500626e-16,0.00019239399334047835,0.9998076026091055,0.0017950705009521783,0.01059408024926256,14.0,0.0002700795508131515,2.848575915917473e-05
pts,3780,645,0.00011649731264684604,2.220446049250313e-16,0.00011649639325506111,0.999883502687353,0.0010676532894251523,0.006856770855868888,9.5,0.00016730949242138582,8.958703560550197e-05
pts,3789,599,0.0009273364557902397,2.220446049250313e-16,0.0009273364557428332,0.9990726635442099,0.008002068347820579,0.09928742176359684,4.0,0.0003889887461669961,0.0001280902528341954
pts,3790,659,0.0007336757154079443,1.1102230246251565e-16,0.0007336757153338924,0.9992663242845918,0.005111736229901354,0.054041073132863104,4.5,0.00038340869753306084,8.729651074401712e-05
pts,3792,314,0.00011666786454944678,2.220446049250313e-16,0.00011666764862217072,0.9998833321354504,0.001034672608341225,0.006285646424203151,10.0,0.00016523869397450097,3.8355127778665586e-05
pts,3796,541,0.0007980499563005061,2.220446049250313e-16,0.0007980499555322318,0.9992019500436996,0.00645863886609277,0.07741113931455246,5.0,0.0003677739753472631,9.231828446187862e-05
pts,3805,385,0.000159576799421135,1.2212453270876722e-15,0.0001594073071942148,0.999840423200579,0.0015667847621188002,0.009370891410426907,19.0,0.00022643349654549727,1.3680614349573239e-05
pts,3807,573,9.343422610541552e-05,9.992007221626409e-16,9.337098939188326e-05,0.9999065657738948,0.0009092780674464507,0.00553547006875732,18.0,0.00013270065402348763,8.785374269622975e-06
pts,3812,686,0.0007336757161637841,0.0,0.0007336757153338924,0.9992663242838359,0.005606751167614554,0.06450635776696956,5.0,0.00035785891239492607,8.044105934157386e-05
pts,3813,696,0.0006943168252890874,2.220446049250313e-16,0.0006943168252894205,0.9993056831747107,0.004849544609085932,0.05509564561162117,1.5,0.0002743238122173697,0.0002815363207750443
pts,3822,466,0.0008666522681406441,2.220446049250313e-16,0.0008666522676962218,0.999133347731859,0.008051468536725004,0.10689331801670754,4.5,0.0003893870781460085,0.0001131849285001818
pts,3821,547,0.0001054149695021156,2.220446049250313e-16,0.00010541496408567053,0.9998945850304979,0.000785051476489329,0.003637387054546082,10.5,0.0001527705194754314,1.9944909994363755e-05
pts,3829,525,0.0008660888135447742,1.1102230246251565e-16,0.0008660867336476308,0.9991339111864552,0.004279241332792338,0.07153469991850869,8.5,0.0006356999265579311,9.907940646983887e-05
pts,3831,419,0.00020027656231391688,0.0,0.0002002763415458464,0.9997997234376859,0.0017126414724089045,0.009557305472696953,11.0,0.0002817616768840958,4.319087443645838e-05
pts,3837,677,0.0007000509565484592,4.440892098500626e-16,0.0007000509378076725,0.9992999490434518,0.008405822125632234,0.1581987848163724,2.5,0.0002722850497157703,0.00020630126931614479
pts,3840,419,0.00012481636929839723,0.0,0.00012481630805671884,0.9998751836307016,0.001042440869129635,0.0057771173055698455,10.5,0.000178260866089075,3.2552279372876324e-05
pts,3844,314,0.00012193656054737545,2.220446049250313e-16,0.00012193641142055345,0.999878063439453,0.0010611928393746695,0.0063016796832542354,10.0,0.00017093447707289267,4.072441222057518e-05
pts,3848,242,0.00010200843489993616,8.881784197001252e-16,0.00010200821934114312,0.9998979915651002,0.0007809035523926866,0.0036099917528034098,14.0,0.00014219009991561782,1.1715718265793013e-05
pts,3852,456,0.000192679726750411,2.220446049250313e-16,0.0001926787432615651,0.9998073202732498,0.0017540606667001413,0.01042131799056989,12.0,0.0002734390759626115,3.780458166324947e-05
pts,3856,374,0.00011974315743312758,9.992007221626409e-16,0.00011974307380602234,0.9998802568425669,0.0008400569731161767,0.003354129500756642,14.0,0.0001680784303738081,1.180568510868868e-05
pts,3862,708,0.00015371396861874054,9.992007221626409e-16,0.00015327284403099384,0.9998462860313813,0.0016159099377190955,0.010516840768154623,19.5,0.00022262459708244364,1.3547804799014795e-05
pts,3863,309,0.00012779016367581164,2.220446049250313e-16,0.00012776870342179336,0.9998722098363243,0.0013600674909888255,0.009652027132958096,14.5,0.00018561323303090127,2.1003185866385124e-05
pts,3871,719,0.0008404266406432104,2.220446049250313e-16,0.0008404265757231411,0.9991595733593568,0.00865168683739359,0.12853505032234125,5.5,0.00041761177023963425,8.610877385331617e-05
pts,3874,374,7.734261244718432e-05,5.551115123125783e-16,7.734241224677252e-05,0.9999226573875528,0.0006137478526095919,0.003100749348657672,12.5,0.00011097690532529958,1.1779472188768944e-05
pts,3875,749,0.0007406712693946993,4.440892098500626e-16,0.000740671268581794,0.9992593287306052,0.005714205803601047,0.07388574047072893,2.5,0.00035793887139073943,0.00015953873846005773
pts,3883,453,0.0008708027205095448,0.0,0.0008708027205095448,0.9991291972794903,0.005978567944492141,0.05909335066127497,2.5,0.00037583387140865954,0.00018751552671361638
pts,3888,723,0.0009112125311769859,1.1102230246251565e-16,0.0009112125311767638,0.9990887874688232,0.006226930293756983,0.06284153385858637,3.5,0.00042748137958975585,0.00014277003715645886
pts,3890,748,0.0007336807801208156,0.0,0.0007336757153340034,0.9992663192198791,0.007189137557443104,0.10772113557696272,8.0,0.0003855953916959143,5.298643206308462e-05
pts,3896,341,0.00012404044319835883,2.220446049250313e-16,0.00012397927267382425,0.9998759595568016,0.0014365416343444792,0.011585273068135393,14.5,0.00017743943741838075,2.5984460178385578e-05
pts,3900,695,0.0007340186028366169,4.440892098500626e-16,0.0007340088038774173,0.9992659813971635,0.007481301846637756,0.1308390976493179,5.0,0.0003612733131843626,7.81950762274164e-05
pts,3902,735,0.00018872765149202664,0.0,0.00018866193997557623,0.9998112723485079,0.0021107530093438243,0.015884240871152144,15.0,0.00026610223105838493,3.191744134554107e-05
pts,3907,384,0.0007336760352480987,1.1102230246251565e-16,0.0007336757153338924,0.999266323964752,0.006211527866703648,0.08140504166058093,7.0,0.00038897547916777464,5.8521060518054724e-05
pts,3912,738,0.0007478522210093708,2.220446049250313e-16,0.0007478522210094818,0.9992521477789906,0.004097406697193495,0.03795719814108489,1.5,0.0003085657668190911,0.0002981040367884824
pts,3915,676,9.434270214825347e-05,7.771561172376096e-16,9.43418928001094e-05,0.9999056572978514,0.0007772863731236868,0.004010713457169857,14.0,0.00013207655606412017,1.2112696040188914e-05
pts,3917,594,0.0007484973240448056,4.440892098500626e-16,0.0007484969226364546,0.9992515026759551,0.008263241692554324,0.1482232808330206,3.5,0.0003346832556672674,0.00013397747919152714
pts,3921,570,0.000123509927617782,1.1102230246251565e-15,0.00012342955924893317,0.999876490072382,0.0012164315581841834,0.007525183253946466,18.0,0.00017357029248293854,1.2296628586741867e-05
pts,3925,757,0.0006758492683045514,4.440892098500626e-16,0.0006758481385344961,0.9993241507316953,0.006362423556534935,0.1020079000837999,4.5,0.0003340797213277624,8.455006183366587e-05
pts,3934,757,0.0007639270639501206,4.440892098500626e-16,0.0007639270486371474,0.9992360729360497,0.007013915062966003,0.10619780866933404,3.0,0.00031890317590888007,0.00015666370023528775
pts,3935,408,8.330451665017335e-05,1.1102230246251565e-16,8.33045164259083e-05,0.9999166954833498,0.0005148794632461318,0.0019085212401712681,9.5,0.00012097971745539393,1.4273810281933974e-05
pts,3940,633,0.0008706914962879342,0.0,0.0008706914962878232,0.9991293085037121,0.005055027873057671,0.04479986879144082,3.5,0.0004369282428999255,0.00013004217312090338
pts,3942,409,0.0007336758696783185,4.440892098500626e-16,0.0007336757153336704,0.9992663241303215,0.007215940445044033,0.10430881772863643,6.5,0.00035746983026258006,6.927522355046345e-05
pts,3949,493,0.0008535989770641628,0.0,0.0008535989770647179,0.9991464010229358,0.005930873301897677,0.05909946599827087,2.5,0.000361997912899481,0.0001883848750569017
pts,3953,676,8.45447043755776e-05,9.992007221626409e-16,8.453730924651293e-05,0.9999154552956243,0.0007713198631265072,0.004501543933351115,15.0,0.00012095141728718506,1.0236825950228623e-05
pts,3954,453,0.0009145948617810262,0.0,0.0009145948617760302,0.9990854051382191,0.007750282710039524,0.09381193053941494,3.5,0.00040915018123360847,0.00014461536677037867
pts,3963,633,0.0008733522186026299,0.0,0.0008733522186026299,0.9991266477813973,0.005205297089670768,0.04724016969577782,3.5,0.0004446633978287262,0.00012687970238584034
pts,3961,713,0.0007189574562018741,0.0,0.0007189574561982104,0.9992810425437985,0.00524730081467184,0.06293499956846205,2.0,0.0002689459731906041,0.00023199831994086262
pts,3968,468,0.00014596757382756564,1.2212453270876722e-15,0.00014488531983114505,0.9998540324261724,0.001593642449982724,0.010545145703737546,21.0,0.00020653675735404775,1.1760846661088009e-05
pts,3974,776,0.0007273158524432333,0.0,0.0007273158524423451,0.9992726841475568,0.005285357375465427,0.06295750064135497,1.5,0.00032603124230917713,0.00025555095813395434
pts,3977,406,0.0008961674389453833,0.0,0.0008960163180413705,0.9991038325610547,0.003181814433618868,0.06841530281058539,12.0,0.0007288215047678848,3.6202397844076195e-05
pts,3983,374,7.399060570612015e-05,7.771561172376096e-16,7.399048274214781e-05,0.9999260093942939,0.0005626808264747041,0.002603557163030956,13.5,0.00010689321080403769,8.627419472046274e-06
pts,3984,721,0.00019605798571564748,6.661338147750939e-16,0.0001960442342087143,0.9998039420142845,0.001884891166053393,0.011225715919515267,15.5,0.00028069734315316897,2.4310752382104145e-05
pts,3988,641,0.0008075795469022484,2.220446049250313e-16,0.0008075792500331636,0.999192420453098,0.00458048069185768,0.062233746043872884,7.5,0.0005480533190617143,6.286329906451948e-05
pts,3991,558,0.0001591733023458275,2.220446049250313e-16,0.00015917330228543136,0.9998408266976543,0.0010076624180754834,0.004057372675376314,7.5,0.00022570123269227693,6.803392329853691e-05
pts,4000,631,0.0007101494312276024,2.220446049250313e-16,0.0007101491549287298,0.9992898505687724,0.005986298650263677,0.08729783753661202,4.0,0.0003490566722691435,9.244944315894843e-05
pts,3998,720,0.0001445068837568897,0.0,0.00014450475269278673,0.9998554931162429,0.0013554657261938274,0.00820306726699016,13.5,0.0002076057945691323,2.339985562837231e-05
pts,4008,341,9.253980278400853e-05,0.0,9.253931261832271e-05,0.9999074601972162,0.0008364588177212084,0.005308501059051451,9.5,0.00013195198404747366,7.156857867004693e-05
pts,4011,745,0.0008785856948152482,2.220446049250313e-16,0.0008785856948154702,0.9991214143051848,0.005919046103325165,0.05709872670295191,2.0,0.0003185689163944794,0.0002445089029450287
pts,4013,615,0.0009194473101095113,0.0,0.000919447309993271,0.9990805526898906,0.008257744188472138,0.10620168196741098,4.0,0.00039166881462149306,0.00012502069056624654
pts,4017,411,0.0001094977133886399,2.220446049250313e-16,0.0001093558811371409,0.9998905022866116,0.0012729313347819016,0.009881463169143956,16.5,0.00015822344480764805,1.5501794119977472e-05
pts,4021,564,0.00013996224506818145,0.0,0.00013996212265698915,0.9998600377549318,0.0011889255161019463,0.012780994580603888,5.0,6.263862176536517e-05,1.6099920674098045e-05
pts,4026,496,0.0007336757404567962,2.220446049250313e-16,0.0007336757153338924,0.9992663242595432,0.004964538751084824,0.05445719273402716,6.5,0.0004303979205435571,5.824924435571255e-05
pts,4030,658,0.0008512568404690501,2.220446049250313e-16,0.0008512564092238994,0.999148743159531,0.0036242347677042375,0.05323243974270753,8.5,0.0006270975895163455,7.056160589676876e-05
pts,4033,568,0.0008836561636900164,0.0,0.0008836561636862417,0.99911634383631,0.008007426217515157,0.10209479107220609,3.0,0.0003623587923564098,0.0001497968596276822
pts,4042,242,0.00010589095880897403,2.220446049250313e-16,0.00010589070766231501,0.9998941090411911,0.0009508098139789922,0.005869671927747788,10.5,0.00015096571103445644,3.4530702397789735e-05
pts,4044,691,0.000923141166792707,0.0,0.0009231411638931375,0.9990768588332076,0.009428598740872651,0.13666587395215402,4.5,0.0004305872648775466,0.00011502441336611047
pts,4046,627,0.0009239633983493256,2.220446049250313e-16,0.0009239459134912087,0.9990760366016505,0.002947602840796648,0.06264598222197293,10.5,0.0007621304628674941,5.2281994879054515e-05
pts,4054,456,0.0001226244912457819,4.440892098500626e-16,0.00012261768641863569,0.9998773755087542,0.0012218754813151378,0.007960287114144649,14.0,0.0001748183988380947,1.9368092691360306e-05
pts,4059,311,0.0009153272966204717,2.220446049250313e-16,0.0009153272966204717,0.9990846727033794,0.005055847109001643,0.042231529462137374,2.5,0.0004727462370119895,0.0001664922671582303
pts,4057,719,0.0006635216946402345,6.661338147750939e-16,0.000663514950707933,0.9993364783053595,0.006590865980454552,0.11248286868086055,5.0,0.0003258834904319441,7.134151991802784e-05
pts,4063,710,0.0007108816394552075,6.661338147750939e-16,0.0007108796791538419,0.9992891183605447,0.0071116807629971746,0.12003523940561678,4.5,0.00034691789065760537,8.92946831679009e-05
pts,4068,750,0.0009077855231136578,2.220446049250313e-16,0.0009077855231134357,0.9990922144768861,0.007015425174474732,0.07799275097592773,3.0,0.0003808308047835718,0.0001557069613166151
pts,4070,781,0.00066554065407054,2.220446049250313e-16,0.0006655401877335709,0.9993344593459295,0.006397108323151102,0.10292013245919485,4.0,0.00030359701035809206,9.224666501600476e-05
pts,4079,631,0.0007034907761214182,2.220446049250313e-16,0.0007034907749275954,0.9992965092238788,0.006315655674903109,0.0919370794770824,2.5,0.0003017219664359083,0.00018160124218091767
pts,4082,569,0.0001199296744547329,0.0,0.00011980582389481409,0.9998800703255453,0.0013568040472016207,0.010084673785101472,16.5,0.00017427553630716686,1.6074714847817695e-05
pts,4083,425,0.0007336764529619622,2.220446049250313e-16,0.0007336757153341145,0.9992663235470378,0.006428631442364718,0.08709850171549505,7.5,0.00039821181754812196,5.6796405430464825e-05
pts,4087,757,0.0007336770571739759,2.220446049250313e-16,0.0007336757153337814,0.9992663229428259,0.006198006452890148,0.08251728979099937,8.0,0.00039732546033033334,5.27942914523849e-05
pts,4095,738,0.0006920045710727685,0.0,0.0006920045710729905,0.9993079954289271,0.0038191194216872226,0.035200809290206525,1.0,0.0002703165103302707,0.0002914501368116995
pts,4098,783,0.0007517283974767253,6.661338147750939e-16,0.0007517116260833401,0.9992482716025234,0.008811378854254315,0.17170980568185001,5.0,0.0003426047415600597,8.668315684726147e-05
pts,4102,708,0.00019649147595091065,2.220446049250313e-16,0.00019649147577971426,0.999803508524049,0.001262158279367931,0.010665063153499688,4.5,9.659748263540768e-05,2.4811422553089324e-05
pts,4106,781,0.0006978468473022303,0.0,0.0006978468471385835,0.9993021531526979,0.00638016362602567,0.09335055037807649,2.0,0.00025572692312458845,0.00022197430925041672
pts,4107,776,0.0007095105150969339,0.0,0.0007095105072141283,0.9992904894849027,0.0076823886239214545,0.1320110486897068,2.5,0.0002869606709056116,0.00019869809426975582
pts,4112,737,0.000661042930229172,4.440892098500626e-16,0.0006610428069466767,0.9993389570697708,0.0055879044979652015,0.08072709682625856,4.0,0.00030908758965131344,9.221093156205895e-05
pts,4119,503,0.0007398971733363346,0.0,0.0007398971509002816,0.9992601028266637,0.00781764287392095,0.13274358309439727,2.5,0.000331567564119839,0.0001802674382999081
pts,4120,576,0.0007336757410474348,2.220446049250313e-16,0.0007336757153337814,0.9992663242589525,0.00548568718758613,0.0642700570682706,6.5,0.0004011977978348735,6.365744956322861e-05
pts,4127,657,0.00016567163958236542,8.881784197001252e-16,0.00016565477408936324,0.9998343283604176,0.0014277326615150798,0.007252135860134956,17.5,0.00023659182619134578,1.4344370249243926e-05
pts,4130,754,0.0007029717796549484,2.220446049250313e-16,0.0007029717694000404,0.9992970282203452,0.006641878008548208,0.10207754814747183,3.0,0.0002785113014643903,0.00015471537781974742
pts,4131,780,0.0006869291525255505,0.0,0.0006869291525259946,0.9993130708474742,0.0043254565030459435,0.044823740110796706,1.5,0.0002779250377788478,0.0002735634610442905
pts,4136,687,0.0007336757159981389,2.220446049250313e-16,0.0007336757153337814,0.999266324284002,0.0045570254793103615,0.04550475527826414,5.5,0.0004200184229123938,6.843015013671683e-05
pts,4139,411,0.0001810402319364357,4.440892098500626e-16,0.00018062474664770622,0.9998189597680635,0.002184027109002784,0.01743399203432716,17.0,0.00025878335370438377,2.478544611524483e-05
pts,4143,678,0.0007305024637429547,6.661338147750939e-16,0.0007305024445577457,0.9992694975362572,0.001285013592037032,0.020570330126044922,5.0,0.000622642187449729,0.00010597531435696528
pts,4149,437,0.0001622012864439526,4.440892098500626e-16,0.00016220127155441855,0.9998377987135558,0.0011090551208852162,0.004487698907727378,11.5,0.00023428757529103672,2.2110876190431505e-05
pts,4152,591,0.00014819504274088402,2.220446049250313e-16,0.0001481910885868798,0.9998518049572591,0.0014085157772676382,0.008550057507456188,14.0,0.00020995904214576866,2.1901263048825295e-05
pts,4158,580,0.0008211296733837692,0.0,0.0008211105576193534,0.9991788703266165,0.005642847528944728,0.09668578002730044,9.5,0.0005493542276397423,8.064285258554439e-05
pts,4161,535,0.0001518919224705595,9.992007221626409e-16,0.0001498424204083859,0.9998481080775294,0.001724655767691985,0.011646264755796665,22.0,0.0002124421161365797,1.1788198632855379e-05
pts,4165,410,0.00012593898794666103,2.220446049250313e-16,0.00012593897093637896,0.9998740610120531,0.0009472525649893981,0.0043160540362841004,11.5,0.0001814060946688234,1.971479471421511e-05
reb,3331,242,0.0005460005460193873,2.220446049250313e-16,0.0005460005460005135,0.9994539994539806,0.0021034161095041526,0.010900662782174386,3.5,0.00030668110100434687,7.89494850268746e-05
reb,3333,573,0.0005460005460022899,2.220446049250313e-16,0.0005460005460006245,0.9994539994539978,0.0023931076043641752,0.01366312611309084,3.0,0.000242959349327998,9.330372051505331e-05
reb,3338,425,9.756892163892417e-05,0.0,9.756892163848008e-05,0.9999024310783611,0.00020205271423989757,0.00017229397865214935,3.0,0.00013198876225845035,2.9411529383863155e-05
reb,3342,422,7.238554688226984e-05,2.220446049250313e-16,7.238522176566953e-05,0.9999276144531176,0.00044547364782676624,0.0020393132869127584,6.0,0.00010236380966599512,7.171315480403347e-05
reb,3348,678,0.0007561246346878825,1.1102230246251565e-16,0.0007561246346876604,0.9992438753653122,0.003144400781446066,0.017347751132153144,1.5,0.0003063117561479256,0.0002613064179798341
reb,3351,540,0.0009104762090723639,2.220446049250313e-16,0.0009104762090709206,0.9990895237909276,0.005290924872675351,0.0369881338458482,3.0,0.00038103660121235894,0.00016055378274298926
reb,3357,568,0.0001662578814138893,0.0,0.00016625788065394165,0.9998337421185861,0.0008236121731002299,0.0028967573722802342,6.0,0.00022933131587815625,6.680068046281684e-05
reb,3358,655,0.0006772664264724781,0.0,0.000677266426357126,0.9993227335735274,0.006031741905509591,0.06412290159577605,2.5,0.000257536462271557,0.00015642781564842445
reb,3362,580,0.00013824711611443163,0.0,0.00013824711611409857,0.9998617528838857,0.0002158701061376611,8.510346414913883e-05,2.5,0.00019155282423377606,3.657245571896117e-05
reb,3369,555,8.553493195950779e-05,2.220446049250313e-16,8.553488457296865e-05,0.9999144650680404,0.000474406152560114,0.0030010993260027874,5.0,4.040587018555586e-05,1.1039423764902523e-05
reb,3372,667,0.000757974043719134,0.0,0.0007579740437193561,0.9992420259562806,0.003092469734732317,0.016896754618171972,1.0,0.00026081981186981684,0.00031634869066388127
reb,3381,336,0.00014536226899020122,4.440892098500626e-16,0.00014536226899042326,0.9998546377310097,0.00034177221322684304,0.0003890017602863338,2.5,0.00021015995333373283,0.00010987263576492379
reb,3382,493,0.0007960323438145345,2.220446049250313e-16,0.0007960323438146455,0.9992039676561854,0.00229053824866976,0.009064275595714655,1.5,0.0004391324512456052,0.00018456031400299056
reb,3388,483,0.0007336757153333373,2.220446049250313e-16,0.0007336757153340034,0.9992663242846666,0.0018867186469730957,0.006869808601775773,2.0,0.0003534898481136195,0.00016134974942183522
reb,3390,525,0.000546000546028047,4.440892098500626e-16,0.0005460005460005135,0.9994539994539721,0.0022657945046993255,0.012441904055796371,3.5,0.0002946934211402463,8.204980732520739e-05
reb,3393,462,0.00010877427036026788,2.220446049250313e-16,0.00010877427036082299,0.9998912257296396,0.0003971129340465396,0.0009331856840208985,5.0,0.00014738646626166751,3.331316781342818e-05
reb,3398,547,8.989005817205964e-05,1.1102230246251565e-16,8.989005817205964e-05,0.9999101099418278,0.00018429135138831043,0.0001567531998709626,4.0,0.00011681587448403308,1.8718427544264782e-05
reb,3402,684,0.0007336757153340034,2.220446049250313e-16,0.0007336757153337814,0.999266324284666,0.003102239279740182,0.0165758429524292,3.5,0.0003716749577961642,0.0001182634067901922
reb,3406,636,0.0007249760846801401,2.220446049250313e-16,0.0007249760846755882,0.9992750239153199,0.004193387823325789,0.030267515048989502,2.5,0.0003401148296230394,0.00014335495591386027
reb,3411,645,0.00012421684804686528,0.0,0.0001242161647503348,0.999875783151953,0.0008044720259618998,0.003972860305069048,9.0,0.00017386656805795653,2.9471374586993032e-05
reb,3419,574,7.935278957615921e-05,2.220446049250313e-16,7.93490505298644e-05,0.9999206472104237,0.0005587455711522082,0.0043525652189142505,6.0,3.223512058164735e-05,9.781060396063523e-06
reb,3421,695,0.0007028652127565316,0.0,0.0007028652127566426,0.9992971347872436,0.0018444023142207833,0.007041985557123542,1.0,0.00031403332276297435,0.0002406423717605799
reb,3423,648,0.00069280565544938,2.220446049250313e-16,0.0006928056541809502,0.9993071943445508,0.006386092355615158,0.0699898699505086,2.5,0.00031098828035325266,0.00013234444218523933
reb,3431,540,0.0008059112571925375,2.220446049250313e-16,0.0008059112444090966,0.9991940887428075,0.006170363498966047,0.054727622157043854,4.5,0.00038984676525177786,0.00011043796271997808
reb,3436,704,0.0007302275165055327,3.3306690738754696e-16,0.0007302275165056438,0.9992697724834944,0.0029885278633826617,0.01638250335180924,1.0,0.00022593601695294896,0.00033709057177500057
reb,3440,640,0.0006968477506341664,0.0,0.0006968477506338333,0.999303152249366,0.002719545437108728,0.014108431424743717,2.0,0.00030159161308807025,0.0001563242274557619
reb,3442,699,0.0007458756012299617,0.0,0.0007458756012295176,0.9992541243987704,0.004335385463051233,0.03198136144301289,1.5,0.0002823580608097842,0.0002749240045399892
reb,3448,487,0.000855718299842767,0.0,0.0008557182976580702,0.9991442817001572,0.0024664803202716357,0.01922869713974329,5.5,0.0006053340940874175,9.462140464736035e-05
reb,3450,468,0.00015706289972383658,2.220446049250313e-16,0.0001570621108064607,0.999842937100276,0.0008050326837434341,0.0028561999254588244,7.0,0.00022322462887208738,3.873929721131923e-05
reb,3455,626,0.0008334159630027926,2.220446049250313e-16,0.0008334159630029037,0.9991665840369971,0.0037948400463330145,0.021558948030674152,3.0,0.0003548189406255564,0.00014838964949234756
reb,3457,693,0.0006969987166767222,0.0,0.0006969987166767222,0.9993030012833232,0.002831744150030069,0.015376555345849363,1.0,0.0002062611621990451,0.0003339489904976567
reb,3465,406,0.0009349730018004543,2.220446049250313e-16,0.0009349730017994551,0.9990650269981994,0.005632289445356875,0.040685967022081826,3.0,0.00036869307291337305,0.0001679511880212925
reb,3466,627,0.0008562987966935776,4.440892098500626e-16,0.0008562987966936886,0.9991437012033064,0.0011792376372481428,0.004751687743703048,2.5,0.0006300270223857929,0.0001399113650571715
reb,3473,690,0.0006679280762982298,2.220446049250313e-16,0.0006679280762980078,0.999332071923702,0.0025762905162871608,0.013310718707691516,1.0,0.00021791154324318773,0.00029428047675533753
reb,3474,462,0.00016954563696902625,2.220446049250313e-16,0.00016954563696947034,0.9998304543630308,0.00044952463094327655,0.0006416071547423741,4.0,0.0002280625731296282,4.4580395223956654e-05
reb,3478,540,0.0008605454121430878,2.220446049250313e-16,0.0008605454116071831,0.9991394545878569,0.006018412885387736,0.04933284491499634,4.0,0.0003486968927274847,0.00012848032061063552
reb,3483,684,0.00011747649785975867,2.220446049250313e-16,0.00011747648192550475,0.9998825235021404,0.0006681684871878701,0.0028104924066223447,6.5,0.00017548812878187547,4.256889432345534e-05
reb,3490,679,0.0007336757153337814,0.0,0.0007336757153338924,0.9992663242846661,0.0018511708258910353,0.006648918673662685,2.0,0.00039038372043720404,0.0001455995159739265
reb,3496,541,8.626397091182625e-05,4.440892098500626e-16,8.62639709120483e-05,0.9999137360290882,0.0002483950167140314,0.000403597857404403,3.0,0.00011615241492646255,7.296794352942837e-05
reb,3494,627,0.0007336757153337814,0.0,0.0007336757153337814,0.9992663242846662,0.0016729616804478376,0.005591726668290775,2.0,0.0004128780609892746,0.0001376372781152213
reb,3500,652,0.0008435390076932947,0.0,0.0008435390076340088,0.9991564609923069,0.005503242385470397,0.04244333948056944,3.5,0.0004066505023299083,0.00013505199795302292
reb,3504,604,0.0007336757153337814,0.0,0.0007336757153338924,0.9992663242846663,0.0013734222582157951,0.004014654090427783,2.0,0.00043237914536231603,0.00013351385685522743
reb,3512,615,0.0001280746116063547,2.220446049250313e-16,0.00012807461160646572,0.9998719253883938,0.00038728388922537604,0.001514967485411578,2.5,6.35379039652384e-05,2.6432392927211446e-05
reb,3514,406,0.0007336757154035034,2.220446049250313e-16,0.0007336757153337814,0.9992663242845968,0.004304803657596334,0.030245637450467378,4.0,0.0003052233904476398,0.00010990733827329069
reb,3516,568,0.0007336757153433293,0.0,0.0007336757153337814,0.9992663242846564,0.004112768495390107,0.02779030744890676,3.5,0.00035809732811276085,0.00011905908465667525
reb,3525,562,0.0008791874385212228,2.220446049250313e-16,0.0008791874385217779,0.9991208125614787,0.003218433831054801,0.015400997877345723,1.5,0.000419261399571047,0.00023838960478728133
reb,3526,658,0.0008876413751561785,2.220446049250313e-16,0.0008876413751564005,0.9991123586248436,0.0052941963459467445,0.037952545951601024,2.5,0.00040649477283738467,0.00017820130902207465
reb,3530,539,0.0007336757153335594,2.220446049250313e-16,0.0007336757153336704,0.9992663242846664,0.0020100791290347253,0.007665909793206804,2.0,0.00033945571812965536,0.00016561756948035855
reb,3536,494,8.840837868029361e-05,2.220446049250313e-16,8.840837868018259e-05,0.9999115916213197,0.0002337587571501487,0.0003232553842478225,4.5,0.00012701950210436408,1.8355515581429394e-05
reb,3538,298,0.0007479406228525498,0.0,0.0007479406228524388,0.9992520593771476,0.0028433447521389876,0.014543486906691161,1.5,0.00031172777764271187,0.00025221839916883537
reb,3543,567,0.0007110252975959241,2.220446049250313e-16,0.0007110252975962572,0.999288974702404,0.002573573640074267,0.012655708343783267,1.0,0.0002602367521214455,0.0002835119893615512
reb,3547,520,0.0007425569693291223,0.0,0.0007425569693292333,0.9992574430306708,0.005362707036664194,0.04801312264570434,1.5,0.0002992834409151768,0.00026007903818603406
reb,3554,676,0.0001407940067474911,0.0,0.00014079374284636792,0.9998592059932528,0.0006747507013624698,0.0022207104692775204,8.5,0.00020637550562069285,2.3668289989446645e-05
reb,3553,591,0.00012572634900842594,2.220446049250313e-16,0.00012572634900787083,0.9998742736509916,0.0004828452722875909,0.0012172686588680648,5.5,0.00017873984686639366,3.729621295165547e-05
reb,3559,285,0.0001309633868771254,4.440892098500626e-16,0.00013096338687734743,0.9998690366131229,0.000313421731608976,0.000373419466546121,3.0,0.00018054454183780155,5.417791453891235e-05
reb,3567,341,0.00012134049422707349,2.220446049250313e-16,0.0001213404940633156,0.9998786595057727,0.0005788244502609174,0.0019477318081611017,5.5,0.00017990345129587082,5.075565170097919e-05
reb,3573,547,7.78534206160586e-05,0.0,7.785342061628064e-05,0.9999221465793837,0.00013204923835008486,7.012900597924698e-05,3.0,0.00010201470484211272,1.649067804924964e-05
reb,3569,682,0.0007178182599083538,4.440892098500626e-16,0.0007178182201978967,0.9992821817400913,0.0053781880216767775,0.04864978149754151,4.0,0.00029740528547800293,0.00010246598285287845
reb,3579,409,0.00017404716611801874,4.440892098500626e-16,0.00017404716602509307,0.9998259528338818,0.0007847428062826012,0.0024467309270175264,6.0,0.00024728146888974845,4.936744321312053e-05
reb,3582,495,0.0007401120081329537,4.440892098500626e-16,0.0007401120081327317,0.9992598879918672,0.003190086745532339,0.018066095155958806,1.5,0.00032557793523435574,0.00022872955104813464
reb,3587,697,0.000723348301787663,2.220446049250313e-16,0.000723348301787996,0.9992766516982121,0.005475450925549463,0.05100018261567962,1.5,0.00029476375589315706,0.00025106614496145374
reb,3591,413,0.0006968644911071742,2.220446049250313e-16,0.0006968644911071742,0.9993031355088929,0.0036969026684494644,0.025014031239545265,1.5,0.0002542119797716569,0.0002647614403155085
reb,3597,374,0.00014133450408104764,0.0,0.00014133450408093662,0.9998586654959191,0.00028286736427673986,0.00022496495834900543,4.0,0.00018229984948908706,2.9013529407956318e-05
reb,3599,452,0.0007349931045910196,2.220446049250313e-16,0.0007349931045902425,0.999265006895409,0.0037237590513692354,0.023996806495255818,2.5,0.0003481574255278508,0.00014691486609608173
reb,3602,684,0.00010446200227476332,2.220446049250313e-16,0.00010446199559221991,0.9998955379977252,0.0005586092966041178,0.0021581026116166413,5.5,0.00015234901572042103,8.795969695803152e-05
reb,3608,533,0.00014744410809841568,1.1102230246251565e-16,0.00014744410809841568,0.9998525558919015,0.00018719245637521809,2.5107539121105305e-05,2.0,0.00019269416272782447,3.999522819395085e-05
reb,3614,646,0.0007517709395403749,0.0,0.0007517709393414229,0.9992482290604595,0.006435001009375885,0.06644284744068152,2.5,0.0003096583407021791,0.00015702688543087207
reb,3618,688,0.0009158135980606996,0.0,0.0009158135980606996,0.9990841864019393,0.0033912121307027032,0.016495301976830135,1.0,0.00035975042754166076,0.00032558875459198777
reb,3620,422,0.0007977994687120571,2.220446049250313e-16,0.0007977994668901811,0.999202200531288,0.003147070458370038,0.021831011047312998,5.5,0.0004784392089285938,9.328684051301828e-05
reb,3625,476,0.00018533312156399084,2.220446049250313e-16,0.00018533312156399084,0.999814666878436,0.0003486061490798331,0.0009784875218490363,1.5,0.00010755987916821752,4.158567112066969e-05
reb,3631,425,0.00010572035525568957,4.440892098500626e-16,0.00010572035525602264,0.9998942796447443,0.0002908274400850175,0.0010618273296922887,2.0,5.310244132122888e-05,2.2001670053561906e-05
reb,3632,668,0.0007190693628644773,2.220446049250313e-16,0.0007190693377353563,0.9992809306371359,0.00596213758967945,0.05908794985045773,3.5,0.00033855097741514184,0.00011112177871502871
reb,3640,419,7.360077599316561e-05,0.0,7.360077599316561e-05,0.9999263992240068,0.00013592767947212536,9.084140017723286e-05,3.5,9.960171888373504e-05,1.5232620591915103e-05
reb,3642,242,8.77256893601075e-05,0.0,8.772568936021852e-05,0.9999122743106398,0.0002402053286019168,0.0003525925290768228,5.0,0.00011774992481961011,1.785815507688443e-05
reb,3648,465,0.00012795393207620798,2.220446049250313e-16,0.00012795352191141696,0.9998720460679238,0.0008167129937213247,0.003957979094572295,8.5,0.00018681113043450548,3.23864416102472e-05
reb,3653,242,0.00012234550711065495,3.3306690738754696e-16,0.00012234550710998882,0.9998776544928893,0.0003608766239189265,0.0005959393682752889,5.5,0.0001731471425541753,2.175820209632251e-05
reb,3656,610,8.570485347147994e-05,2.220446049250313e-16,8.570485347147994e-05,0.9999142951465286,0.00017575001157799086,0.0005230776460960485,1.5,5.181871830711726e-05,1.7559358235386124e-05
reb,3658,546,0.0007336757153337814,2.220446049250313e-16,0.0007336757153337814,0.9992663242846662,0.0013425801684614491,0.003866309551466829,1.5,0.0004577456636712385,0.00013908706465701193
reb,3665,718,0.0006722539313637199,0.0,0.0006722539313637199,0.9993277460686364,0.004942969677890208,0.044430368245072405,1.5,0.0002723892106700765,0.00023253774497261626
reb,3666,408,8.875549099318647e-05,1.1102230246251565e-16,8.875549099318647e-05,0.9999112445090067,0.00020996185252109,0.00023844306591502828,4.5,0.00012280682313559055,1.808186170051962e-05
reb,3671,615,0.0009010019438902006,4.440892098500626e-16,0.0009010019438907557,0.9990989980561096,0.002582254268250095,0.0102238467415261,1.5,0.0004288203591606421,0.0002590985066864837
reb,3677,715,0.00012210677575485995,4.440892098500626e-16,0.00012210677575519302,0.999877893224245,0.00023263422443564608,0.00017213086818390622,2.0,0.00016456851414314855,8.325445363341344e-05
reb,3678,374,0.00013149185409022657,0.0,0.00013149185409022657,0.9998685081459098,0.0002377408140610271,0.00014752233828607686,3.5,0.00017693916509253782,2.671886818636504e-05
reb,3683,242,0.00010219058861138386,2.220446049250313e-16,0.00010219058786353763,0.9998978094113885,0.0004003817832609613,0.0010082617792352977,7.0,0.00013919954974694893,1.979460080451384e-05
reb,3686,424,0.0009005073234118477,2.220446049250313e-16,0.0009005073234116256,0.9990994926765883,0.0011599623329692221,0.006152728161642251,3.0,0.0006861441062201434,0.00012245137516972426
reb,3694,605,0.0009187877475951289,4.440892098500626e-16,0.0009187877475950179,0.9990812122524049,0.0009340434197353531,0.004837571044149946,3.0,0.0007211815362742069,0.00011762667580381136
reb,3698,422,0.0007336758812206412,0.0,0.0007336757153337814,0.9992663241187792,0.004748394617756446,0.03631767338344538,6.0,0.00034103865813850387,8.301974940255752e-05
reb,3699,722,0.0007103383224551507,0.0,0.0007103383224554838,0.9992896616775447,0.0036422744732120815,0.023974018538022612,1.0,0.00025855037726196795,0.0002711901199066169
reb,3703,373,9.129374409200253e-05,1.1102230246251565e-16,9.129328740675735e-05,0.999908706255908,0.0004448226491735596,0.0015147360397858023,9.5,0.00013101695056561002,1.3516674967285064e-05
reb,3712,251,0.00014429862428544382,4.440892098500626e-16,0.00014429838722396227,0.9998557013757149,0.0008789459948292944,0.0040264334082831255,8.5,0.00021420938953320423,3.315483282515831e-05
reb,3713,546,0.0008039124525722752,2.220446049250313e-16,0.0008039124525722752,0.9991960875474277,0.0011377379367940588,0.0036369404290081953,2.0,0.0005425149305990917,0.00014567158744771547
reb,3716,729,0.0006656327581151533,0.0,0.0006656327581152643,0.9993343672418848,0.002869316809805289,0.01617284814528941,1.5,0.0002664127132023797,0.00022996867550123534
reb,3726,691,0.0009135202329697556,2.220446049250313e-16,0.0009135202329698666,0.9990864797670302,0.0033646611757627287,0.016141011379050774,2.0,0.00038704247620036103,0.00021043989301816612
reb,3727,605,0.000147052788600055,4.440892098500626e-16,0.00014705278859994397,0.9998529472114,0.00036008562637723784,0.00044761752222655105,3.5,0.00021020511736408176,4.7393156398338465e-05
reb,3730,573,0.00011726359169417222,0.0,0.00011726352184071587,0.999882736408306,0.0005377289890482473,0.0016759741004488404,8.5,0.0001668216614212903,1.989790742150388e-05
reb,3733,41,1.1102230246251565e-16,0.0,0.0,1.0000000000000002,1.3228707018697605e-10,6.829825593968053e-10,3.0,5.551115123125783e-17,1.322876946874274e-10
reb,3738,309,0.00015296663769603924,2.220446049250313e-16,0.00015296661678931844,0.9998470333623041,0.0008432274008480789,0.0034127539133628204,8.0,0.00021245982607370761,3.5558463670128104e-05
reb,3743,411,9.352981159915785e-05,2.220446049250313e-16,9.352966403131102e-05,0.9999064701884012,0.0005652243297689097,0.0038552768881547905,5.0,4.123743521361467e-05,1.2351016174000362e-05
reb,3746,576,0.0005460005460005135,2.220446049250313e-16,0.0005460005460006245,0.9994539994539995,0.0013927426175044388,0.005217955396280338,2.0,0.0002760808374707713,0.00011412663072202234
reb,3750,580,0.0008607637500595011,0.0,0.0008607637500593901,0.9991392362499405,0.002332404020549461,0.0088362212447608,1.5,0.00045335774405641516,0.00020873576585689335
reb,3756,476,0.0008540316486056465,4.440892098500626e-16,0.0008540316486056465,0.9991459683513944,0.003030467543098103,0.014162666783894107,1.5,0.00035918580009991485,0.0002787876780755427
reb,3762,568,0.0009183809807660204,2.220446049250313e-16,0.0009183809807633558,0.999081619019234,0.005414789908132267,0.038330705978651736,3.0,0.00039314981170140983,0.00015989349014014498
reb,3763,487,0.0008773550350165138,0.0,0.0008773550350165138,0.9991226449649836,0.005496296905299847,0.04125824438864045,2.0,0.0003339223110665479,0.00019833072331970625
reb,3770,640,0.0006495333857818864,0.0,0.0006495333857819974,0.9993504666142181,0.002280334364155978,0.010862705505957582,2.0,0.00028312608622266255,0.00014737836585348996
reb,3772,712,0.0008635460692614227,0.0,0.0008635460692612007,0.9991364539307386,0.001473608653737024,0.008122183507774494,4.0,0.0006141546844739554,0.00010472098497488203
reb,3779,346,0.00019239399334036733,0.0,0.00019239399334047835,0.9998076060066596,0.000435729718544664,0.00046626739214694624,3.5,0.00026917890578320725,5.7749214328869924e-05
reb,3780,645,0.00011649641853694881,4.440892098500626e-16,0.00011649639325506111,0.999883503581463,0.0006519086145893027,0.0026613267332482593,6.0,0.00015887162159455848,9.750925204017602e-05
reb,3789,599,0.0009273364557429442,0.0,0.0009273364557428332,0.9990726635442571,0.0026195239302555517,0.010280353779188678,1.5,0.00041967183374019834,0.00029215976765784024
reb,3790,659,0.0007336757153340034,1.1102230246251565e-16,0.0007336757153338924,0.9992663242846662,0.0020039497328392386,0.007625383661010066,2.0,0.0003425048283619003,0.00016453328740667628
reb,3792,314,0.00011666764862194867,0.0,0.00011666764862217072,0.999883332351378,0.00037868363419679696,0.0007457320208148488,3.5,0.00017395214762466749,6.984239306856432e-05
reb,3796,541,0.0007980499555322318,0.0,0.0007980499555322318,0.9992019500444677,0.002443010273989854,0.010129225271180431,2.0,0.00035137481124492,0.00018430033618799246
reb,3805,385,0.0001594073073714064,0.0,0.0001594073071942148,0.9998405926926286,0.0005614177881465565,0.0012126311093076936,7.0,0.00021640578371512342,2.6134123409293775e-05
reb,3807,573,9.337114384710965e-05,1.1102230246251565e-16,9.337098939188326e-05,0.9999066288561529,0.0004416561431561661,0.001443078590252611,9.0,0.00012847874709276397,1.5209591195840949e-05
reb,3812,686,0.0007336757153340034,2.220446049250313e-16,0.0007336757153338924,0.9992663242846658,0.003642170407974543,0.022211422676534198,3.5,0.00033572763873829237,0.00012595659821679206
reb,3813,696,0.0006943168252893095,0.0,0.0006943168252894205,0.9993056831747106,0.0030922898335684623,0.018154523966674496,1.0,0.0001937021440023834,0.000341845167803112
reb,3822,466,0.0008666522676956667,0.0,0.0008666522676962218,0.9991333477323041,0.0027094853340097202,0.011450061664559197,1.5,0.0004108220934865292,0.00024403351297852538
reb,3821,547,0.00010541496408533746,4.440892098500626e-16,0.00010541496408567053,0.9998945850359144,0.0002530096556272454,0.0003054077425228563,3.5,0.00014919040265337635,3.498862322210555e-05
reb,3829,525,0.0008660874223718196,2.220446049250313e-16,0.0008660867336476308,0.9991339125776282,0.0034297151841062856,0.034919904328001294,7.0,0.0005437849965466146,0.00010558219927596629
reb,3831,419,0.00020027634154562435,0.0,0.0002002763415458464,0.9997997236584545,0.0005928506528891653,0.001005248789340385,4.0,0.0002670593960060197,8.19794501196805e-05
reb,3837,677,0.0007000509378076725,0.0,0.0007000509378076725,0.9992999490621923,0.00408600135486048,0.0301917993163614,1.0,0.00022708949228772424,0.00029657513510128464
reb,3840,419,0.0001248163080564968,4.440892098500626e-16,0.00012481630805671884,0.9998751836919435,0.0003630046227001138,0.0006032060611804724,3.5,0.00018266436254288365,5.9849138980001826e-05
reb,3844,314,0.00012193641142044243,2.220446049250313e-16,0.00012193641142055345,0.9998780635885796,0.00030875309090383496,0.00040608435902544926,3.0,0.00016230764687591437,7.662842454846108e-05
reb,3848,242,0.00010200821934169824,2.220446049250313e-16,0.00010200821934114312,0.9998979917806584,0.00030208202123205297,0.0005025682664303588,5.5,0.00014265619744896485,1.9414052867747222e-05
reb,3852,456,0.000192678743261121,0.0,0.0001926787432615651,0.9998073212567388,0.0006228247457986669,0.0012122866721266945,4.5,0.00027323645403626307,6.416052588146398e-05
reb,3856,374,0.00011974307380624438,2.220446049250313e-16,0.00011974307380602234,0.9998802569261935,0.00017319197829568367,5.290532443247287e-05,3.0,0.0001520152735643432,2.0975643104770292e-05
reb,3862,708,0.00015327284403121588,3.3306690738754696e-16,0.00015327284403099384,0.9998467271559687,0.00041230384539225895,0.0005813951197231049,5.0,0.00020771865515667454,2.813413031236417e-05
reb,3863,309,0.00012776871494990516,2.220446049250313e-16,0.00012776870342179336,0.9998722312850499,0.0007009007498259834,0.002823590674079668,7.5,0.000187403408656861,3.2477257319555794e-05
reb,3871,719,0.0008404265759422991,1.1102230246251565e-16,0.0008404265757231411,0.9991595734240577,0.00578682203651848,0.04678186128913353,4.0,0.00032150643867834283,0.00012869391996331303
reb,3874,374,7.734241224710559e-05,2.220446049250313e-16,7.734241224677252e-05,0.9999226575877528,0.00012528929801636224,5.698233776874062e-05,2.5,0.00010742907963295911,2.4695314091507936e-05
reb,3875,749,0.0007406712685849026,2.220446049250313e-16,0.000740671268581794,0.9992593287314153,0.004869183673228417,0.03950130323894907,2.0,0.00029237319804392703,0.00016202106725440868
reb,3883,453,0.0008708027205099889,0.0,0.0008708027205095448,0.9991291972794902,0.004041654364921543,0.023518543592474295,1.5,0.00039986754553750226,0.00024664237634713926
reb,3888,723,0.0009112125311765418,0.0,0.0009112125311767638,0.9990887874688236,0.002101081789504411,0.00710440942719015,1.0,0.0004251530376838675,0.0003023139716485934
reb,3890,748,0.0007336757153333373,0.0,0.0007336757153340034,0.9992663242846666,0.0019794980410825502,0.007465459949933528,2.5,0.0003917730783444817,0.000142904691291329
reb,3896,341,0.00012397928868157493,0.0,0.00012397927267382425,0.9998760207113185,0.0007017766113079915,0.0029340164192497298,7.0,0.00017331289335198452,3.9906369121232854e-05
reb,3900,695,0.0007340088038771952,1.1102230246251565e-16,0.0007340088038774173,0.9992659911961228,0.00219447584151089,0.009244419200561182,1.5,0.0003672933708956938,0.00019649144008015984
reb,3902,735,0.00018866436608866444,0.0,0.00018866193997557623,0.9998113356339113,0.0012727597766684084,0.0065555882927448295,9.0,0.0002659963927227893,4.530031617103192e-05
reb,3907,384,0.0007336757153333373,2.220446049250313e-16,0.0007336757153338924,0.9992663242846666,0.0014688056994898169,0.0044892739666271275,1.5,0.000451131042385311,0.00014387840278723418
reb,3912,738,0.0007478522210093708,0.0,0.0007478522210094818,0.9992521477789906,0.003641681395034624,0.023101116669173916,1.0,0.0002538498019216129,0.000308331003720963
reb,3915,676,9.434205844072174e-05,2.220446049250313e-16,9.43418928001094e-05,0.9999056579415593,0.0004599818023258706,0.0015532206512176572,8.0,0.00013367195815788824,1.734816721547447e-05
reb,3917,594,0.0007484969227922189,2.220446049250313e-16,0.0007484969226364546,0.9992515030772077,0.006042511355650593,0.05899730216195209,2.5,0.0003227041784600315,0.00014979377262480664
reb,3921,570,0.00012342955924893317,1.1102230246251565e-16,0.00012342955924893317,0.9998765704407511,0.0002986547853502941,0.00034962406830363335,4.5,0.00017103811967850158,2.6183363030216067e-05
reb,3925,757,0.0006758481385342741,2.220446049250313e-16,0.0006758481385344961,0.9993241518614656,0.003246103423701463,0.019958546574113445,2.0,0.00028692811048003364,0.00014896921278242936
reb,3934,757,0.0007639270486374805,4.440892098500626e-16,0.0007639270486371474,0.9992360729513626,0.003758639197845026,0.023856683219212638,1.5,0.00034308907372981867,0.00022948303214537225
reb,3935,408,8.330451642635239e-05,1.1102230246251565e-16,8.33045164259083e-05,0.9999166954835736,0.00019964938251559872,0.00022965309125844158,3.5,0.000120862823351775,2.0470330076488574e-05
reb,3940,633,0.0008706914972513857,2.220446049250313e-16,0.0008706914962878232,0.9991293085027485,0.006177526905485564,0.051285074623006466,4.0,0.00036498626716630067,0.00012843377070931306
reb,3942,409,0.0007336757153342255,2.220446049250313e-16,0.0007336757153336704,0.9992663242846658,0.0036360317526362707,0.022142473018110564,3.0,0.0003235273674624395,0.0001286543739409396
reb,3949,493,0.0008535989770646069,1.1102230246251565e-16,0.0008535989770647179,0.9991464010229356,0.0027405724253521946,0.01186866864297742,1.0,0.00032258162349063646,0.0003295134590480808
reb,3953,676,8.453738078384454e-05,0.0,8.453730924651293e-05,0.9999154626192162,0.0004007987823904102,0.0013074279969362834,8.0,0.0001174312516654119,1.6005691966292784e-05
reb,3954,453,0.0009145948617761412,2.220446049250313e-16,0.0009145948617760302,0.999085405138224,0.0033217605103341707,0.015838806552794793,1.5,0.00041630753721894065,0.0002672980963930316
reb,3963,633,0.0008733522209394273,2.220446049250313e-16,0.0008733522186026299,0.9991266477790606,0.006407119040380493,0.05478317345047223,4.5,0.00038133487240510355,0.00012641030619683913
reb,3961,713,0.0007189574561980994,2.220446049250313e-16,0.0007189574561982104,0.9992810425438021,0.00356994589870796,0.022886886623523894,1.0,0.0002596367443977732,0.00027735924629457287
reb,3968,468,0.00014488532283918332,2.220446049250313e-16,0.00014488531983114505,0.9998551146771606,0.0005685363538399102,0.0014359266724284225,7.5,0.00020919034970967587,2.2861999629385232e-05
reb,3974,776,0.000727315852441901,1.1102230246251565e-16,0.0007273158524423451,0.9992726841475579,0.004165091764005702,0.030275907014024384,1.5,0.00026611184304980995,0.0002767392227756571
reb,3977,406,0.0008960163929441212,0.0,0.0008960163180413705,0.9991039836070558,0.0018741727567928024,0.01813731534655183,7.0,0.0006714771478529835,7.82751863533937e-05
reb,3983,374,7.399048274203679e-05,1.1102230246251565e-16,7.399048274214781e-05,0.9999260095172579,0.00011285264388760652,4.262539409749522e-05,2.5,0.00010226109403843608,1.7171108285113368e-05
reb,3984,721,0.00019605742828021633,2.220446049250313e-16,0.0001960442342087143,0.9998039425717197,0.0013365913134393281,0.007011446086265138,11.0,0.0002750762145116714,3.503914496789072e-05
reb,3988,641,0.0008075792625445999,0.0,0.0008075792500331636,0.9991924207374556,0.0033998235502572527,0.026025504882174033,5.5,0.0005125157492837928,9.320519423322571e-05
reb,3991,558,0.00015917330228543136,4.440892098500626e-16,0.00015917330228543136,0.9998408266977147,0.0005894829672525859,0.0014007367835819906,4.0,0.00022489734311664789,9.055245862107236e-05
reb,4000,631,0.0007101491549286187,2.220446049250313e-16,0.0007101491549287298,0.9992898508450714,0.0031822547639119847,0.018491380135151392,2.0,0.00030306702356014403,0.00015746762871635123
reb,3998,720,0.0001445047526926757,0.0,0.00014450475269278673,0.9998554952473073,0.00033945402037494077,0.0003911535354639284,3.5,0.0002028237585863235,4.803184805930033e-05
reb,4008,341,9.253931593655729e-05,2.220446049250313e-16,9.253931261832271e-05,0.9999074606840634,0.00048549178822909766,0.0018343738821560152,5.5,0.0001335938644824175,7.815494709738705e-05
reb,4011,745,0.0008785856948150261,1.1102230246251565e-16,0.0008785856948154702,0.9991214143051849,0.003985877026060347,0.022869889600599436,1.5,0.0003365478959997392,0.00031239431990026656
reb,4013,615,0.0009194473099931599,1.1102230246251565e-16,0.000919447309993271,0.9990805526900068,0.004570750313980021,0.028090586018416186,2.0,0.00037915148098588425,0.00020538512453335822
reb,4017,411,0.00010935600589223604,0.0,0.0001093558811371409,0.999890643994108,0.0006575258963437136,0.0029765203966860554,8.5,0.00016061104840248142,2.539887346807504e-05
reb,4021,564,0.0001399626086651118,2.220446049250313e-16,0.00013996212265698915,0.9998600373913351,0.0009000216986705389,0.006463605128014471,4.0,5.550403952109262e-05,2.0842487341521387e-05
reb,4026,496,0.0007336757154545737,2.220446049250313e-16,0.0007336757153338924,0.9992663242845454,0.0034277226304277875,0.019879146707106443,4.5,0.00039538173340608607,9.613224222743133e-05
reb,4030,658,0.0008512564104870002,0.0,0.0008512564092238994,0.9991487435895129,0.0024255047413754838,0.0182951643350151,5.5,0.0005933801137391059,9.433433399447244e-05
reb,4033,568,0.0008836561851908176,2.220446049250313e-16,0.0008836561636862417,0.999116343814809,0.009631648596618358,0.11869189419001458,4.0,0.00031281238626723606,0.00012919413933246138
reb,4042,242,0.00010589070766808817,2.220446049250313e-16,0.00010589070766231501,0.9998941092923318,0.0004517082593000765,0.0013128166493245885,5.0,0.00014459684850498533,5.726977304878686e-05
reb,4044,691,0.0009231411638963571,0.0,0.0009231411638931375,0.9990768588361039,0.0061361669788899675,0.04835924584370055,3.0,0.00034885832275960427,0.00016612408774566156
reb,4046,627,0.0009239459134908756,2.220446049250313e-16,0.0009239459134912087,0.9990760540865091,0.0007304340548031085,0.0034333873380916202,2.5,0.0007917717326232365,0.00010458668598675724
reb,4054,456,0.00012261768641863569,2.220446049250313e-16,0.00012261768641863569,0.9998773823135815,0.0004368145424633596,0.0009916944882952805,5.0,0.00017020820648239177,3.5095602210745425e-05
reb,4059,311,0.0009153272966202497,2.220446049250313e-16,0.0009153272966204717,0.9990846727033796,0.004483753127372037,0.027168249895183738,2.5,0.0004108618866949798,0.00019240429245495627
reb,4057,719,0.000663514951823263,2.220446049250313e-16,0.000663514950707933,0.9993364850481765,0.004458688967111879,0.036563627242839125,3.5,0.0002952498865135822,0.00011015425986085625
reb,4063,710,0.0007108796791535088,2.220446049250313e-16,0.0007108796791538419,0.9992891203208463,0.0029670873097822348,0.016271373177762172,2.0,0.00027085358662254366,0.00017020980589693702
reb,4068,750,0.0009077855231134357,2.220446049250313e-16,0.0009077855231134357,0.9990922144768865,0.0036705247868087376,0.019065149249834157,1.5,0.00043468756370640405,0.00024307359357761404
reb,4070,781,0.0006655401877329048,0.0,0.0006655401877335709,0.9993344598122669,0.002997288803602949,0.01746384310178506,2.0,0.0002454449238576406,0.00016062073392386633
reb,4079,631,0.0007034907749279284,2.220446049250313e-16,0.0007034907749275954,0.9992965092250722,0.0034750899999116402,0.022092476434098174,1.5,0.0002709049313437406,0.00025310540951067884
reb,4082,569,0.00011980582389470307,2.220446049250313e-16,0.00011980582389481409,0.9998801941761053,0.00031199983853014146,0.0004349556155123224,4.0,0.00015939901136607926,3.264715312627231e-05
reb,4083,425,0.0007336757153335594,1.1102230246251565e-16,0.0007336757153341145,0.9992663242846664,0.001590912227871888,0.005134478937241838,2.0,0.0003977308457743245,0.00014625390991085396
reb,4087,757,0.0007336863566442808,0.0,0.0007336757153337814,0.9992663136433557,0.005742269773447717,0.051903488915936435,7.5,0.0003502997970911137,7.36167927255088e-05
reb,4095,738,0.0006920045710732126,0.0,0.0006920045710729905,0.9993079954289268,0.003361192227643306,0.02115052832947306,1.0,0.00021713145126533995,0.0003040876937912551
reb,4098,783,0.000751711626083118,0.0,0.0007517116260833401,0.9992482883739168,0.003222375598406213,0.01811028500631462,2.0,0.0002784223047359591,0.0001812494024828748
reb,4102,708,0.00019649147577971426,6.661338147750939e-16,0.00019649147577971426,0.9998035085242205,0.0005798708428677024,0.0022220284813516678,2.0,9.245811981667407e-05,4.277468624863667e-05
reb,4106,781,0.0006978468471383614,3.3306690738754696e-16,0.0006978468471385835,0.9993021531528617,0.0026798684393773975,0.013902814544687114,1.0,0.00020513693217333318,0.00034270357447385713
reb,4107,776,0.0007095105072141283,2.220446049250313e-16,0.0007095105072141283,0.9992904894927859,0.004528188767227492,0.03609300467894849,1.5,0.00027373596902946495,0.0002564547703277076
reb,4112,737,0.0006610428069464547,0.0,0.0006610428069466767,0.9993389571930534,0.0016133229190038456,0.005830779734483205,1.0,0.0003008750670716043,0.0002277067055435622
reb,4119,503,0.0007398971509000596,0.0,0.0007398971509002816,0.9992601028490999,0.004338977268874666,0.03212887484547711,1.5,0.0003061806343145901,0.00024728849776245454
reb,4120,576,0.0007336757153340034,0.0,0.0007336757153337814,0.9992663242846662,0.0018123139797308063,0.006410813234076773,2.0,0.00039354808825514676,0.0001447144188307381
reb,4127,657,0.00016565477409002938,2.220446049250313e-16,0.00016565477408936324,0.9998343452259103,0.0003472982811167924,0.00030693495164868523,4.0,0.00022282902658621317,3.0174826749704287e-05
reb,4130,754,0.0007029717694044813,0.0,0.0007029717694000404,0.9992970282305953,0.00512477152968005,0.04553198820868598,2.0,0.0002586374651883938,0.0001621690883918392
reb,4131,780,0.0006869291525255505,2.220446049250313e-16,0.0006869291525259946,0.9993130708474742,0.004168185751711961,0.031707087550998825,1.5,0.0002466391629918352,0.0002651781069871739
reb,4136,687,0.0007336757153337814,2.220446049250313e-16,0.0007336757153337814,0.9992663242846661,0.0014142769598504135,0.004214758190230761,1.5,0.0004630743763308631,0.0001397484269007876
reb,4139,411,0.00018062477511682218,2.220446049250313e-16,0.00018062474664770622,0.9998193752248831,0.0009993737731379682,0.004053004712030628,8.0,0.00025187752155003684,4.185569359696495e-05
reb,4143,678,0.0007305024445616315,4.440892098500626e-16,0.0007305024445577457,0.9992694975554384,0.0009875191663879512,0.008449653980209249,4.0,0.0005583278489239563,0.0001193686891131085
reb,4149,437,0.00016220127155475161,2.220446049250313e-16,0.00016220127155441855,0.9998377987284452,0.0003229055234483802,0.0002497151079485782,3.5,0.00022308067592119452,3.5288813113765194e-05
reb,4152,591,0.00014819108858876717,2.220446049250313e-16,0.0001481910885868798,0.9998518089114111,0.0005801974625283535,0.0015028733698745356,6.0,0.0002011330432934444,3.8666774687709515e-05
reb,4158,580,0.0008211105576192423,4.440892098500626e-16,0.0008211105576193534,0.9991788894423808,0.0014391073591486503,0.005700670074873848,2.5,0.0005636881565460605,0.0001440088697436115
reb,4161,535,0.0001498430368536141,2.220446049250313e-16,0.0001498424204083859,0.9998501569631462,0.0007231686172204377,0.0024110691832301967,9.5,0.00021486963303063433,2.1745795349817354e-05
reb,4165,410,0.00012593897093626794,4.440892098500626e-16,0.00012593897093637896,0.9998740610290636,0.0002947022778654329,0.00033972165204509963,3.5,0.000180275346241765,3.3331899572462687e-05
ast,3331,242,0.000546000546002734,3.3306690738754696e-16,0.0005460005460005135,0.9994539994539976,0.0009566792855029149,0.002948499037480179,1.5,0.00035554863077763565,0.00010059976441870178
ast,3333,573,0.0005460005460014017,4.440892098500626e-16,0.0005460005460006245,0.9994539994539989,0.0011136896911749794,0.0037437256558805476,1.5,0.00030878394457695135,0.00013822974105687225
ast,3338,425,9.75689227571408e-05,4.440892098500626e-16,9.756892163848008e-05,0.9999024310772427,0.0002662258906438453,0.0003966201943006453,4.0,0.00013419056534064167,2.5891477348091718e-05
ast,3342,422,7.238522176544748e-05,2.220446049250313e-16,7.238522176566953e-05,0.9999276147782343,7.177768067501145e-05,6.9294306135336825e-06,1.0,9.130973008852905e-05,4.437674198876085e-05
ast,3348,678,0.000756124634695432,3.3306690738754696e-16,0.0007561246346876604,0.9992438753653047,0.0027791341771796763,0.014478696819546721,1.0,0.0002990669165919835,0.0002853210146411822
ast,3351,540,0.0009104762090705876,4.440892098500626e-16,0.0009104762090709206,0.9990895237909294,0.001685164676985429,0.004908328789876126,1.0,0.00045901837533363077,0.00030790646338041405
ast,3357,568,0.00016625788065405267,2.220446049250313e-16,0.00016625788065394165,0.999833742119346,0.00022075354639827793,4.838844791543728e-05,1.5,0.00023799501372800957,9.278863295547612e-05
ast,3358,655,0.000677266426357459,0.0,0.000677266426357126,0.9993227335736425,0.001444118357396884,0.0049431034836815435,0.5,0.0003211940183837636,0.0003560724079736399
ast,3362,580,0.00013824711611465368,0.0,0.00013824711611409857,0.9998617528838853,0.0002696431368884866,0.00021093751868273003,3.5,0.00018876329736033925,3.0591404759937324e-05
ast,3369,555,8.55348845727466e-05,2.220446049250313e-16,8.553488457296865e-05,0.9999144651154273,0.0001118409156273259,0.0002504611003908419,1.0,5.3712491672353035e-05,1.988795745927474e-05
ast,3372,667,0.0007579740437193561,2.220446049250313e-16,0.0007579740437193561,0.9992420259562806,0.0011017273648294967,0.0029429177791381322,0.5,0.00036414638894688434,0.00039382765477258275
ast,3381,336,0.00014536226900885296,0.0,0.00014536226899042326,0.9998546377309911,0.00039575213039499957,0.0005898134017296996,3.0,0.00019382667407236154,0.00011121351891472953
ast,3382,493,0.0007960323438152006,2.220446049250313e-16,0.0007960323438146455,0.999203967656185,0.0013444852044173228,0.0036841730138013062,1.0,0.0004225851002173653,0.00025762433253839756
ast,3388,483,0.0007336757153342255,3.3306690738754696e-16,0.0007336757153340034,0.9992663242846661,0.0020955895068244246,0.008259838295918254,2.0,0.00035073071855629134,0.00016011048293046448
ast,3390,525,0.0005460005460014017,1.1102230246251565e-16,0.0005460005460005135,0.9994539994539989,0.0006860033728079973,0.0017022051540247496,1.0,0.00035100893278816603,0.00013875232612964306
ast,3393,462,0.00010877427036048992,2.220446049250313e-16,0.00010877427036082299,0.9998912257296394,0.0001717402232870313,7.910031805158368e-05,2.0,0.00014464426410903952,5.0976634739408055e-05
ast,3398,547,8.989066475795227e-05,4.440892098500626e-16,8.989005817205964e-05,0.9999101093352423,0.00031219357190792607,0.000692146239535063,6.5,0.0001281899952743637,1.6586229667991947e-05
ast,3402,684,0.0007336757153335594,2.220446049250313e-16,0.0007336757153337814,0.9992663242846663,0.0013348978603766604,0.0038371652026252256,1.5,0.0004362841546639573,0.0001608294064003868
ast,3406,636,0.0007249760846756992,0.0,0.0007249760846755882,0.9992750239153244,0.0010104514521991348,0.0026200275914310955,0.5,0.00042848761788749634,0.00029648846678820284
ast,3411,645,0.00012421616475055686,0.0,0.0001242161647503348,0.9998757838352494,0.0001611403153494173,3.21976029549198e-05,2.0,0.0001555244678431711,5.467778926229738e-05
ast,3419,574,7.934905053419428e-05,2.220446049250313e-16,7.93490505298644e-05,0.9999206509494658,0.0002050431417774945,0.0007099271635828686,2.0,4.055240185280029e-05,1.6429637194392832e-05
ast,3421,695,0.0007028652127565316,0.0,0.0007028652127566426,0.9992971347872434,0.0013279843240426858,0.004190571077286709,1.0,0.0003439702404912648,0.0002774276799595854
ast,3423,648,0.0006928056541832817,1.1102230246251565e-16,0.0006928056541809502,0.9993071943458168,0.0025125586132765942,0.012879774327813953,1.0,0.00025621582704005164,0.00028274130797423247
ast,3431,540,0.0008059112444089855,0.0,0.0008059112444090966,0.9991940887555909,0.0009828483882883265,0.0022179913304762877,0.5,0.0005249038283041685,0.00028100741610487256
ast,3436,704,0.0007302275165055327,1.1102230246251565e-16,0.0007302275165056438,0.9992697724834944,0.0018146313115228185,0.006993501751232367,0.5,0.00033389217880758215,0.00039633533769811713
ast,3440,640,0.0006968477506341664,3.3306690738754696e-16,0.0006968477506338333,0.9993031522493657,0.0009623977783868032,0.0024863551846926457,0.5,0.00043974825079007296,0.00025709949984431546
ast,3442,699,0.0007458756012292955,0.0,0.0007458756012295176,0.9992541243987706,0.0014735837411998798,0.0048241443731869005,0.5,0.0003357726591853294,0.00041010294204402165
ast,3448,487,0.0008557182976578481,2.220446049250313e-16,0.0008557182976580702,0.9991442817023423,0.0008086223071144261,0.002615868325063886,2.0,0.0006496904769137668,0.00013386658250014172
ast,3450,468,0.00015706218694444551,1.1102230246251565e-16,0.0001570621108064607,0.9998429378130558,0.000504081286328173,0.0009576476226387243,4.5,0.00022729975811275338,4.493095160364169e-05
ast,3455,626,0.0008334159630032367,0.0,0.0008334159630029037,0.9991665840369971,0.0015360535701200995,0.004454234496295895,1.0,0.00044886459767851106,0.00023726895882253407
ast,3457,693,0.0006969987166769442,0.0,0.0006969987166767222,0.999303001283323,0.0013621864533759354,0.004404732557897306,0.5,0.00030264317412842523,0.00039435554254863003
ast,3465,406,0.0009349730017995661,0.0,0.0009349730017994551,0.9990650269982004,0.0015551758084039191,0.004233863764746992,1.0,0.0004782491407563927,0.00035163176255464945
ast,3466,627,0.0008562987966935776,4.440892098500626e-16,0.0008562987966936886,0.9991437012033064,0.0009166867768262144,0.003081912350585192,2.0,0.0006280385371512098,0.00014832079695648037
ast,3473,690,0.0006679280762977857,0.0,0.0006679280762980078,0.9993320719237022,0.0010133699389491824,0.002758105871280392,0.5,0.0003139339664964824,0.0003539941098013033
ast,3474,462,0.00016954563696947034,0.0,0.00016954563696947034,0.9998304543630305,0.00025598829701189985,0.0001012758906675515,2.0,0.0002280206150541697,6.315109057762613e-05
ast,3478,540,0.0008605454116070721,2.220446049250313e-16,0.0008605454116071831,0.9991394545883928,0.0013151705421005078,0.003388677378516558,1.0,0.000467780047675892,0.00029864470506557605
ast,3483,684,0.00011747648192583782,2.220446049250313e-16,0.00011747648192550475,0.9998825235180743,0.00024769613200925633,0.00023366739804675518,2.5,0.00016911997653701327,6.838065677397531e-05
ast,3490,679,0.0007336757153337814,0.0,0.0007336757153338924,0.9992663242846662,0.0011055228930971772,0.0028219083509497533,1.5,0.0004437919622479747,0.00017666412188216407
ast,3496,541,8.626397091227034e-05,0.0,8.62639709120483e-05,0.9999137360290878,0.00019260248781671763,0.00020153990284477175,2.5,0.00012060560149967925,7.016764865128144e-05
ast,3494,627,0.0007336757153439954,0.0,0.0007336757153337814,0.9992663242846561,0.001960355300688388,0.007358981702445977,2.5,0.0004226593296272618,0.00012807925870936265
ast,3500,652,0.0008435390076337868,2.220446049250313e-16,0.0008435390076340088,0.9991564609923661,0.0015796671217600533,0.004630716716454764,1.0,0.0004283655882201254,0.00027557127062849407
ast,3504,604,0.0007336757153335594,4.440892098500626e-16,0.0007336757153338924,0.9992663242846663,0.001617617335827326,0.005294225621530924,2.0,0.00042565600043686924,0.0001322077735155247
ast,3512,615,0.00012807461160679878,0.0,0.00012807461160646572,0.9998719253883933,0.00016783576758405694,0.0003772814704796623,1.0,7.610904667892937e-05,3.814698036780362e-05
ast,3514,406,0.0007336757153335594,2.220446049250313e-16,0.0007336757153337814,0.9992663242846664,0.0011948918652637808,0.003198906805021773,1.0,0.0004071871476317712,0.0002158105431823154
ast,3516,568,0.0007336757153337814,0.0,0.0007336757153337814,0.9992663242846662,0.0010115912945622973,0.0024477935161908437,1.0,0.0004225421182485478,0.00024047797948117955
ast,3525,562,0.0008791874385214449,2.220446049250313e-16,0.0008791874385217779,0.9991208125614786,0.0012186536167325679,0.0029690515986426913,0.5,0.0005002687239772929,0.0003789187145440964
ast,3526,658,0.0008876413751559564,0.0,0.0008876413751564005,0.9991123586248438,0.001358244264099362,0.003512421819821032,0.5,0.0005107205172283358,0.0003769208579275096
ast,3530,539,0.0007336757153340034,0.0,0.0007336757153336704,0.9992663242846662,0.0012345704406544478,0.0033737330054386394,1.0,0.00039972854927061707,0.0002201730706014593
ast,3536,494,8.840837871382234e-05,2.220446049250313e-16,8.840837868018259e-05,0.9999115916212862,0.00020357836742146418,0.0002294782363838621,4.0,0.00011977540624902305,1.942013394221065e-05
ast,3538,298,0.0007479406228527719,1.1102230246251565e-16,0.0007479406228524388,0.9992520593771472,0.001851829071040978,0.007094556199121138,1.0,0.0003113328761888412,0.0003191335021334729
ast,3543,567,0.0007110252975963682,0.0,0.0007110252975962572,0.9992889747024037,0.0010920051086547033,0.003004220957204762,0.5,0.00035732291410506267,0.00035370238349130556
ast,3547,520,0.0007425569693291223,2.220446049250313e-16,0.0007425569693292333,0.9992574430306708,0.001228964566476698,0.0035754512065004906,0.5,0.0003226908962441488,0.00041986607308486246
ast,3554,676,0.00014079374284636792,0.0,0.00014079374284636792,0.9998592062571536,0.00020092249319647593,6.239152767850698e-05,2.5,0.00019147653366086148,3.308636064422443e-05
ast,3553,591,0.00012572634903751378,1.1102230246251565e-16,0.00012572634900787083,0.9998742736509624,0.0003500055960299342,0.0005510506646961844,4.0,0.00016767061468342392,4.1913947042324096e-05
ast,3559,285,0.00013099247183445684,0.0,0.00013096338687734743,0.9998690075281654,0.0006912496014361835,0.0026750989601342923,7.0,0.0001833725847110168,3.7937280282581906e-05
ast,3567,341,0.00012134049406320457,0.0,0.0001213404940633156,0.9998786595059368,0.0002399095471838919,0.00019713687333089425,2.5,0.00017028830538723394,7.084643487959008e-05
ast,3573,547,7.785365858659077e-05,0.0,7.785342061628064e-05,0.9999221463414135,0.0002641800302587427,0.0005651927037515492,6.0,0.00010760849800700578,1.5096238305131737e-05
ast,3569,682,0.0007178182201983407,0.0,0.0007178182201978967,0.9992821817798017,0.0011798099702012843,0.0034066892687478756,1.0,0.00038926426568100525,0.00024968217232662626
ast,3579,409,0.00017404716602564818,0.0,0.00017404716602509307,0.9998259528339745,0.0003051263036466523,0.00018769503649140873,2.5,0.00024322205312121703,7.300017903995315e-05
ast,3582,495,0.0007401120081329537,2.220446049250313e-16,0.0007401120081327317,0.999259887991867,0.001694372970429514,0.006126829229732289,1.0,0.00031497616690479013,0.00032628503023413025
ast,3587,697,0.000723348301788107,2.220446049250313e-16,0.000723348301787996,0.9992766516982119,0.0008983570495805226,0.0021818077414536563,0.5,0.00033362070611842043,0.0003897275956696866
ast,3591,413,0.0006968644911071742,3.3306690738754696e-16,0.0006968644911071742,0.9993031355088928,0.0010673262568062225,0.0029323588911667753,0.5,0.0003213070316143707,0.00037555745949302555
ast,3597,374,0.00014133450408104764,0.0,0.00014133450408093662,0.9998586654959191,0.00022099965381139342,9.728219603255539e-05,3.0,0.000181818937637801,2.802563886295656e-05
ast,3599,452,0.0007349931045903535,1.1102230246251565e-16,0.0007349931045902425,0.9992650068954095,0.0015513419873387502,0.005303992713915573,1.0,0.00036554665485849513,0.00024859301121793465
ast,3602,684,0.00010446199560187885,0.0,0.00010446199559221991,0.9998955380043979,0.00027763877742970067,0.0003971546559098371,2.5,0.00015659267901951823,8.747808739507923e-05
ast,3608,533,0.00014744410809841568,0.0,0.00014744410809841568,0.9998525558919017,0.00022812490232970717,9.491355309521055e-05,2.5,0.00020466967063859087,3.572814183970541e-05
ast,3614,646,0.0007517709393414229,3.3306690738754696e-16,0.0007517709393414229,0.9992482290606586,0.0010121135720566055,0.0025745637821561473,0.5,0.0003767533307325599,0.0003750176086088075
ast,3618,688,0.0009158135980604776,0.0,0.0009158135980606996,0.9990841864019394,0.002664476554057549,0.010769410577817107,1.0,0.0003431391563802899,0.00037754290840708027
ast,3620,422,0.0007977994668899591,2.220446049250313e-16,0.0007977994668901811,0.99920220053311,0.0007896336894348543,0.0019697486472121106,1.5,0.0005828297094708779,0.00011534246278432914
ast,3625,476,0.00018533312157709148,0.0,0.00018533312156399084,0.9998146668784227,0.0004902278642902047,0.0017215416349403156,2.0,9.291519372561785e-05,3.889611658924874e-05
ast,3631,425,0.00010572035527944834,2.220446049250313e-16,0.00010572035525602264,0.9998942796447207,0.0002939103985264424,0.0010723808148629388,2.0,5.2939756677916616e-05,2.2014293729971657e-05
ast,3632,668,0.0007190693377352453,1.1102230246251565e-16,0.0007190693377353563,0.9992809306622648,0.0009263124799685496,0.002289497022530562,0.5,0.0004231708139134094,0.0002958985238219469
ast,3640,419,7.360077599294357e-05,2.220446049250313e-16,7.360077599316561e-05,0.999926399224007,0.00011155080228375525,4.497284678794955e-05,2.5,0.00010175393790856635,1.7183953462410195e-05
ast,3642,242,8.772568936032954e-05,4.440892098500626e-16,8.772568936021852e-05,0.9999122743106399,0.000115352088683629,2.478064696020965e-05,2.5,0.00011640140750507344,2.225459391144713e-05
ast,3648,465,0.0001279535219111949,2.220446049250313e-16,0.00012795352191141696,0.9998720464780887,0.00027231688941276033,0.000262877260469363,3.0,0.0001674181651133977,5.578539823833384e-05
ast,3653,242,0.00012234550710998882,0.0,0.00012234550710998882,0.99987765449289,0.00015560354855947978,2.7016013845582165e-05,2.5,0.00016146760685431527,2.864989016516939e-05
ast,3656,610,8.570485374281844e-05,2.220446049250313e-16,8.570485347147994e-05,0.9999142951462573,0.0002629776963418706,0.0010314484350550934,2.5,4.613522090629596e-05,1.594505775542876e-05
ast,3658,546,0.0007336757153337814,2.220446049250313e-16,0.0007336757153337814,0.9992663242846663,0.0013483042320223682,0.0039017511538006477,1.5,0.0004582796604470363,0.00013853997817622754
ast,3665,718,0.0006722539313637199,2.220446049250313e-16,0.0006722539313637199,0.9993277460686363,0.000654991547291206,0.00138143236890384,0.5,0.00033877416479372036,0.000333479766569833
ast,3666,408,8.876492725784502e-05,0.0,8.875549099318647e-05,0.9999112350727424,0.00035163941763993734,0.000938527491666008,7.5,0.00012647781251273749,1.510366613234268e-05
ast,3671,615,0.0009010019438906447,2.220446049250313e-16,0.0009010019438907557,0.9990989980561095,0.0017534859803223224,0.005285076755784157,1.0,0.00043084400115198096,0.00032971129247838515
ast,3677,715,0.00012210690436065263,1.1102230246251565e-16,0.00012210677575519302,0.9998778930956395,0.0005034592986978836,0.001403967905842407,4.5,0.0001788582262481353,7.856869452940035e-05
ast,3678,374,0.0001314918540908927,2.220446049250313e-16,0.00013149185409022657,0.9998685081459089,0.0002591670933917989,0.0002103557757879848,3.5,0.0001830098933339186,2.8186912905875383e-05
ast,3683,242,0.00010219058786353763,2.220446049250313e-16,0.00010219058786353763,0.9998978094121365,0.00014203890564923327,3.9522025339966405e-05,2.5,0.0001373714183542929,2.707167600027316e-05
ast,3686,424,0.0009005073234114036,2.220446049250313e-16,0.0009005073234116256,0.9990994926765885,0.0004961626579533807,0.0014122686952715569,1.5,0.0007608161326960738,0.00011506985837839157
ast,3694,605,0.0009187877476448669,6.661338147750939e-16,0.0009187877475950179,0.999081212252355,0.0009908433079011125,0.005395852782577482,3.0,0.0007252245123537948,0.0001176207036913679
ast,3698,422,0.0007336757153337814,2.220446049250313e-16,0.0007336757153337814,0.9992663242846663,0.0009444674707543843,0.0021975505898872427,1.0,0.0004673787224060977,0.00017149546942035743
ast,3699,722,0.0007103383224555948,0.0,0.0007103383224554838,0.9992896616775444,0.0009182767344436127,0.002275164088849646,0.5,0.00034071061629847854,0.00036962770615711626
ast,3703,373,9.130941506629853e-05,2.220446049250313e-16,9.129328740675735e-05,0.9999086905849338,0.0003645519995068014,0.000986816599763074,7.5,0.00013309378363490776,1.500547540719821e-05
ast,3712,251,0.00014429838722396227,4.440892098500626e-16,0.00014429838722396227,0.9998557016127761,0.0002590302429386071,0.0001709066892883193,2.5,0.00020488207326274654,5.5440795704589374e-05
ast,3713,546,0.0008039124525722752,4.440892098500626e-16,0.0008039124525722752,0.9991960875474277,0.0008166410891983222,0.002108370675679705,1.5,0.0005886642667784492,0.00012226576445895088
ast,3716,729,0.0006656327581153754,1.1102230246251565e-16,0.0006656327581152643,0.9993343672418846,0.0010022395948593998,0.002713143266410367,0.5,0.00033802677719668717,0.0003276059809187437
ast,3726,691,0.0009135202329697556,2.220446049250313e-16,0.0009135202329698666,0.9990864797670301,0.0012597032198412572,0.003054861374281015,0.5,0.0005750636018760913,0.0003384566310936643
ast,3727,605,0.00014705278860072113,2.220446049250313e-16,0.00014705278859994397,0.9998529472113994,0.0003359116951218155,0.00037341565809789756,3.5,0.00020399512681690268,4.979790934455525e-05
ast,3730,573,0.00011726352184071587,2.220446049250313e-16,0.00011726352184071587,0.9998827364781594,0.00020838690364577417,0.00013250981164647513,3.0,0.0001569107020206184,2.3959102792514564e-05
ast,3733,41,9.769962616701378e-15,0.0,0.0,0.9999999999999902,1.3231193918272766e-10,5.272462466621164e-10,2.5,4.440892098500626e-15,1.3228970696665954e-10
ast,3738,309,0.0001529666167896515,0.0,0.00015296661678931844,0.9998470333832103,0.00033804471967791017,0.0003522282027921264,3.0,0.0002091383768277888,5.2831253428142766e-05
ast,3743,411,9.35296640331984e-05,0.0,9.352966403131102e-05,0.9999064703359662,0.0002338330974214209,0.0007902132611619095,2.0,4.8381845713707516e-05,1.9228859876707638e-05
ast,3746,576,0.0005460005460009576,1.1102230246251565e-16,0.0005460005460006245,0.9994539994539992,0.000928707691798758,0.0027673416400628703,1.0,0.0003200521250066868,0.00014234024726450523
ast,3750,580,0.000860763750059057,2.220446049250313e-16,0.0008607637500593901,0.9991392362499407,0.002611817365191671,0.010787356803954928,1.5,0.00047337802982372335,0.00020123499509444587
ast,3756,476,0.0008540316486052024,2.220446049250313e-16,0.0008540316486056465,0.9991459683513947,0.0032984872058507975,0.016513215094590805,1.5,0.0003742253998991196,0.0002604119174798303
ast,3762,568,0.0009183809807633558,4.440892098500626e-16,0.0009183809807633558,0.9990816190192365,0.0015678195772752535,0.004333993972597705,1.0,0.00047504647894741625,0.0003191058475784381
ast,3763,487,0.0008773550350169579,1.1102230246251565e-16,0.0008773550350165138,0.9991226449649834,0.0016872373922736106,0.00506388224733878,0.5,0.00047079713981673654,0.00040655789520016583
ast,3770,640,0.0006495333857818864,3.3306690738754696e-16,0.0006495333857819974,0.9993504666142179,0.0013063530446630889,0.004320709188165628,1.0,0.00033864441817882396,0.00020342940288065048
ast,3772,712,0.0008635460692612007,2.220446049250313e-16,0.0008635460692612007,0.9991364539307388,0.0009276566232707673,0.003570696894125369,2.5,0.0006774978699081169,0.00011350716070476774
ast,3779,346,0.00019239435789542014,0.0,0.00019239399334047835,0.9998076056421046,0.0007743698242350661,0.002102133242358306,6.0,0.00026614619824705255,4.909577085090641e-05
ast,3780,645,0.00011649639325539418,0.0,0.00011649639325506111,0.9998835036067448,0.0001373927945946818,1.0585075204572192e-05,1.0,0.00015595506805765602,7.57473947144982e-05
ast,3789,599,0.0009273364557429442,2.220446049250313e-16,0.0009273364557428332,0.9990726635442571,0.0033845827679277463,0.01620156876900758,1.5,0.0004630371204603634,0.0002344370085793357
ast,3790,659,0.0007336757153413309,2.220446049250313e-16,0.0007336757153338924,0.9992663242846587,0.0024519445692030573,0.01089009295508081,2.0,0.00034896968100672776,0.00015645700578983956
ast,3792,314,0.00011666764862239276,1.1102230246251565e-16,0.00011666764862217072,0.9998833323513777,0.0002563259841399379,0.0002622131329585997,2.5,0.00016862925807220597,7.417372445216175e-05
ast,3796,541,0.0007980499555326759,0.0,0.0007980499555322318,0.9992019500444677,0.0020759734537030283,0.007640146127225522,1.5,0.00042687429466725657,0.00018999249881518354
ast,3805,385,0.0001594073071946589,0.0,0.0001594073071942148,0.9998405926928052,0.0002802408859325922,0.0001742377589457611,3.5,0.00021579114708170088,3.127309343180229e-05
ast,3807,573,9.337098939132815e-05,0.0,9.337098939188326e-05,0.9999066290106084,0.00015817262549422395,8.99167698875658e-05,3.0,0.00012355955289677922,1.8432389204320332e-05
ast,3812,686,0.0007336757153337814,0.0,0.0007336757153338924,0.9992663242846662,0.0014776636041746727,0.00454231518340853,1.5,0.00039757441119558923,0.00019194639350650355
ast,3813,696,0.0006943168252897536,0.0,0.0006943168252894205,0.9993056831747104,0.0011578527457746235,0.0033682574762604056,0.5,0.00029207134144598745,0.0004022454838437106
ast,3822,466,0.0008666522676956667,0.0,0.0008666522676962218,0.9991333477323042,0.00200722899739203,0.006814730792645163,1.0,0.00039290806885522445,0.00030261675148091083
ast,3821,547,0.00010541507548866846,4.440892098500626e-16,0.00010541496408567053,0.999894584924511,0.00041824913956833853,0.0011215457957831632,5.5,0.0001554083542319451,2.9852644256766342e-05
ast,3829,525,0.0008660867336469646,2.220446049250313e-16,0.0008660867336476308,0.9991339132663528,0.0009461540708717298,0.0033497150082828497,2.0,0.0006363348551396975,0.00015175022902425006
ast,3831,419,0.00020027634154629048,4.440892098500626e-16,0.0002002763415458464,0.9997997236584539,0.0004464315277208364,0.00046692307553009016,3.0,0.0002641976984560368,9.368006528594208e-05
ast,3837,677,0.0007000509378078945,0.0,0.0007000509378076725,0.9992999490621923,0.0009916314878787857,0.002601295272951165,0.5,0.0003066734893568124,0.0003933774484508046
ast,3840,419,0.00012481630805738497,0.0,0.00012481630805671884,0.9998751836919426,0.0003003540853803166,0.00036598190606973446,3.0,0.0001675435644814538,6.421897542353838e-05
ast,3844,314,0.00012193641142066447,0.0,0.00012193641142055345,0.9998780635885793,0.00027222548784910927,0.0002871044743026907,2.5,0.00017738710510384337,7.743528431633506e-05
ast,3848,242,0.00010200821934081006,2.220446049250313e-16,0.00010200821934114312,0.9998979917806591,0.0001669119168328237,8.494367195721608e-05,3.0,0.0001321143598532193,2.1945696355891997e-05
ast,3852,456,0.00019267882307527628,0.0,0.0001926787432615651,0.9998073211769243,0.0007470950673136301,0.0019153817921075955,5.0,0.0002710440757373589,5.863909243446208e-05
ast,3856,374,0.00011974307380624438,0.0,0.00011974307380602234,0.9998802569261936,0.00020412887751408704,0.00011909454875658199,3.5,0.00016121590623296989,2.2774746036333116e-05
ast,3862,708,0.00015458288493164218,0.0,0.00015327284403099384,0.9998454171150681,0.0007793814338352689,0.0027496907391455494,9.5,0.00022174640968625203,2.389300483004661e-05
ast,3863,309,0.00012776870342223745,2.220446049250313e-16,0.00012776870342179336,0.9998722312965779,0.0001961583578116155,8.228646687680197e-05,2.0,0.00016984745123399536,5.559830401982713e-05
ast,3871,719,0.0008404265757233631,0.0,0.0008404265757231411,0.999159573424277,0.001455149427558533,0.0040536401766704255,1.0,0.0004344143124193067,0.0002860386236614998
ast,3874,374,7.734241224754967e-05,0.0,7.734241224677252e-05,0.9999226575877526,0.00015225296626875107,0.000122495639314657,3.0,0.00010355865113043095,2.1962659530971873e-05
ast,3875,749,0.0007406712685822381,1.1102230246251565e-16,0.000740671268581794,0.9992593287314178,0.0009792528530566114,0.0024587677902642158,0.5,0.0003960079252233184,0.0003446633433589197
ast,3883,453,0.0008708027205095448,0.0,0.0008708027205095448,0.9991291972794905,0.0017293779674518728,0.0053023423658205004,0.5,0.0004677377487760648,0.00040306497173336897
ast,3888,723,0.000911212531182759,2.220446049250313e-16,0.0009112125311767638,0.9990887874688169,0.0036495098632594036,0.018779014053955212,2.0,0.00036377616356220166,0.0002152646263644531
ast,3890,748,0.0007336757153344475,2.220446049250313e-16,0.0007336757153340034,0.9992663242846658,0.0019014265976240452,0.006978710482949069,2.0,0.00039021627502400236,0.00014487888583814001
ast,3896,341,0.00012397927267437936,1.1102230246251565e-16,0.00012397927267382425,0.999876020727326,0.00016776209797253472,4.1536932065211474e-05,1.5,0.00017923752230886159,6.576396680735286e-05
ast,3900,695,0.0007340088038776393,3.3306690738754696e-16,0.0007340088038774173,0.9992659911961225,0.0013509460895314573,0.004200340715011075,1.0,0.00037614790544696075,0.00026328858673380084
ast,3902,735,0.00018866193997579828,1.1102230246251565e-16,0.00018866193997557623,0.9998113380600243,0.0002255604446941284,2.2364152914899904e-05,1.5,0.0002647557120541433,8.679370268396824e-05
ast,3907,384,0.0007336757153635354,2.220446049250313e-16,0.0007336757153338924,0.9992663242846364,0.0022137584898951346,0.009096218534664136,2.5,0.0004067455065613901,0.0001326000725055121
ast,3912,738,0.0007478522210093708,4.440892098500626e-16,0.0007478522210094818,0.9992521477789906,0.0018902969477251341,0.007390540822660774,0.5,0.00034783585996855937,0.0004000163610403673
ast,3915,676,9.434189280144167e-05,0.0,9.43418928001094e-05,0.9999056581071984,0.00019285585453587828,0.0001691721930723311,3.5,0.00013102535306336316,2.1271423421467817e-05
ast,3917,594,0.0007484969226365656,0.0,0.0007484969226364546,0.9992515030773633,0.0018251797743956688,0.006919189286693328,1.0,0.0003025991355451174,0.00034250054276796504
ast,3921,570,0.00012342955925048749,0.0,0.00012342955924893317,0.9998765704407495,0.00024739173451138186,0.00020875838276301906,3.5,0.00017279946772608135,2.662082661077092e-05
ast,3925,757,0.0006758481385344961,2.220446049250313e-16,0.0006758481385344961,0.9993241518614654,0.0008909043203484401,0.002230613535720294,0.5,0.000403845796050073,0.00027200234248458965
ast,3934,757,0.0007639270486374805,2.220446049250313e-16,0.0007639270486371474,0.9992360729513626,0.0010802062451049643,0.0028309770959183966,0.5,0.0003964011529867806,0.0003675258956505889
ast,3935,408,8.330508758813693e-05,2.220446049250313e-16,8.33045164259083e-05,0.9999166949124119,0.00030234014549535004,0.0007026239055782924,5.5,0.00012221670401102447,1.9990202231683768e-05
ast,3940,633,0.0008706914962877121,0.0,0.0008706914962878232,0.9991293085037122,0.0014807170406589965,0.004078749709907958,1.0,0.0004586911811660932,0.0002867953106875931
ast,3942,409,0.0007336757153333373,2.220446049250313e-16,0.0007336757153336704,0.9992663242846663,0.001427683575189187,0.00428834286462676,1.0,0.00039119748239668795,0.00020449278857792574
ast,3949,493,0.0008535989770637187,0.0,0.0008535989770647179,0.999146401022936,0.002100652668521996,0.007473947256726898,1.0,0.00033008180458152236,0.00037649516576865327
ast,3953,676,8.453730925173097e-05,4.440892098500626e-16,8.453730924651293e-05,0.999915462690748,0.0001844284070506852,0.00018554413019433724,3.5,0.00012038715851608872,1.9711153935605963e-05
ast,3954,453,0.0009145948617756972,0.0,0.0009145948617760302,0.9990854051382241,0.0015144104933089153,0.004121496233670974,0.5,0.0005154954266992084,0.0003990994350765442
ast,3963,633,0.0008733522186024079,0.0,0.0008733522186026299,0.9991266477813976,0.0013106715868484997,0.003340110441125921,1.0,0.0004797972554407559,0.00030047374271818805
ast,3961,713,0.0007189574561983214,2.220446049250313e-16,0.0007189574561982104,0.9992810425438018,0.0009133612094564536,0.0022411902613962975,0.5,0.00034770612094148223,0.0003712513352569502
ast,3968,468,0.00014488531983314346,0.0,0.00014488531983114505,0.9998551146801666,0.00028449243713124517,0.00023148040481135723,4.0,0.00018764351018740744,2.8891156849994437e-05
ast,3974,776,0.000727315852441901,0.0,0.0007273158524423451,0.999272684147558,0.0009790494153802953,0.002492095143454387,0.5,0.0003379344620806912,0.0003893813903612653
ast,3977,406,0.0008960163180407044,0.0,0.0008960163180413705,0.9991039836819593,0.0004498023147485597,0.001389442540322472,1.5,0.0008016671544278098,9.436965667786179e-05
ast,3983,374,7.399048274181474e-05,2.220446049250313e-16,7.399048274214781e-05,0.9999260095172581,0.00013631794645441175,9.61807717967389e-05,3.5,0.0001001948290598742,1.5523240433856778e-05
ast,3984,721,0.00019604423422725503,0.0,0.0001960442342087143,0.9998039557657726,0.0004976460285108786,0.0006722666506373542,4.0,0.00026613793748303527,4.923795022560018e-05
ast,3988,641,0.0008075792500328305,2.220446049250313e-16,0.0008075792500331636,0.999192420749967,0.0006742290187389255,0.0015668808302327086,1.0,0.0005991825845879095,0.00011245943764931488
ast,3991,558,0.00015917330228543136,0.0,0.00015917330228543136,0.9998408266977146,0.00019760423305270614,2.750747851631985e-05,1.5,0.00022185557436393832,9.218017862361316e-05
ast,4000,631,0.0007101491549301731,1.1102230246251565e-16,0.0007101491549287298,0.9992898508450697,0.001901942588296457,0.007729331789204208,1.5,0.0003474510460426683,0.0002148651614438668
ast,3998,720,0.0001445047526926757,1.1102230246251565e-16,0.00014450475269278673,0.9998554952473071,0.00022978820834262947,0.00010806762567883155,2.5,0.00019635843812815246,5.7683971234720466e-05
ast,4008,341,9.253931261854476e-05,0.0,9.253931261832271e-05,0.9999074606873816,0.0001147910950332065,1.5613150835314116e-05,1.5,0.00012584877762877866,6.168965489261602e-05
ast,4011,745,0.0008785856948150261,2.220446049250313e-16,0.0008785856948154702,0.999121414305185,0.0017795955354652504,0.005550807074515496,0.5,0.00042929017596465835,0.00044929551885031227
ast,4013,615,0.0009194473099927158,1.1102230246251565e-16,0.000919447309993271,0.9990805526900071,0.001985362353328579,0.006432528799903858,1.0,0.0004158795374863411,0.0003432809572915252
ast,4017,411,0.00010935588113825112,1.1102230246251565e-16,0.0001093558811371409,0.999890644118862,0.0002573754433958797,0.00030446726535782176,3.5,0.00015354987758803285,3.6752222923042144e-05
ast,4021,564,0.00013996212265698915,0.0,0.00013996212265698915,0.9998600378773429,0.00018346200381924582,0.0004123667888131788,1.0,8.083467963573843e-05,4.934433068704003e-05
ast,4026,496,0.0007336757153337814,0.0,0.0007336757153338924,0.9992663242846664,0.001202934716575399,0.0032360293512196936,1.5,0.00047301524291692987,0.00013378907532216044
ast,4030,658,0.0008512564092235664,2.220446049250313e-16,0.0008512564092238994,0.9991487435907763,0.0009038415794893062,0.0031144573654176,2.0,0.0006405011460482446,0.00013187651040325044
ast,4033,568,0.0008836561636860196,1.1102230246251565e-16,0.0008836561636862417,0.9991163438363139,0.0014700648334390332,0.00401590440308397,0.5,0.00046734614513016526,0.00041631001855579886
ast,4042,242,0.00010589070766231501,0.0,0.00010589070766231501,0.9998941092923377,0.000151514309358447,4.8303472220512234e-05,1.5,0.0001542806629886151,6.41408492832729e-05
ast,4044,691,0.0009231411638936926,0.0,0.0009231411638931375,0.9990768588361066,0.0011328478705401324,0.0025751270510633306,0.5,0.0005361193311469448,0.0003870218327466368
ast,4046,627,0.0009239460531045296,6.661338147750939e-16,0.0009239459134912087,0.9990760539468954,0.0012742683582693815,0.009523508824095472,4.5,0.0007465926411877044,0.00010130857232837354
ast,4054,456,0.0001226185395961643,2.220446049250313e-16,0.00012261768641863569,0.9998773814604042,0.0005314681537109678,0.0016023857358735683,6.0,0.00017328850477243973,3.328152565272233e-05
ast,4059,311,0.0009153272966202497,2.220446049250313e-16,0.0009153272966204717,0.9990846727033796,0.0024612763270726035,0.0093122785975297,1.5,0.000434123371191808,0.0002718767821780488
ast,4057,719,0.0006635149507083771,2.220446049250313e-16,0.000663514950707933,0.9993364850492916,0.0010250231871098414,0.0028353659745508075,1.0,0.00036249991620465605,0.00024801242995081685
ast,4063,710,0.0007108796791539529,1.1102230246251565e-16,0.0007108796791538419,0.9992891203208459,0.0013897442001754579,0.0044914561618241144,1.0,0.00034471914561265415,0.0002755120755988938
ast,4068,750,0.0009077855231138798,0.0,0.0009077855231134357,0.9990922144768862,0.001470721894147875,0.003947427824347094,0.5,0.0005084539548985689,0.0003993315682152554
ast,4070,781,0.0006655401877333489,0.0,0.0006655401877335709,0.9993344598122665,0.001404976299547167,0.004777324097953395,1.0,0.00030799268469977603,0.0002639232599220276
ast,4079,631,0.0007034907749281505,2.220446049250313e-16,0.0007034907749275954,0.9992965092250721,0.0017208904675592995,0.006521122842792715,0.5,0.0003501225112108597,0.00035336826371712426
ast,4082,569,0.00011980582390425099,1.1102230246251565e-16,0.00011980582389481409,0.9998801941760957,0.0003112577980530773,0.00043924437135167693,4.0,0.00015922805374440907,3.26949988945259e-05
ast,4083,425,0.0007336757153990625,0.0,0.0007336757153341145,0.9992663242846006,0.0022763961489324913,0.009554012732269523,2.5,0.0004139421560850898,0.0001284830680669813
ast,4087,757,0.0007336757153337814,2.220446049250313e-16,0.0007336757153337814,0.9992663242846662,0.0007944677168583159,0.0016811284346072153,1.0,0.00048438567556702283,0.00018542339913113492
ast,4095,738,0.0006920045710732126,2.220446049250313e-16,0.0006920045710729905,0.9993079954289268,0.001841101951089552,0.007434640774276469,0.5,0.0003104140243351261,0.0003815905467379199
ast,4098,783,0.0007517116260837842,1.1102230246251565e-16,0.0007517116260833401,0.9992482883739164,0.0012106719084645778,0.003440954913662808,0.5,0.0004368950098087576,0.0003148166162751931
ast,4102,708,0.0001964914757803804,0.0,0.00019649147577971426,0.99980350852422,0.0004285703347437497,0.0013160465622157336,1.5,0.00010826333673524813,4.6449173419282896e-05
ast,4106,781,0.0006978468471383614,1.1102230246251565e-16,0.0006978468471385835,0.9993021531528615,0.0010981493269741627,0.0030734199454490185,0.5,0.0003087744393137082,0.0003890724078249308
ast,4107,776,0.0007095105072141283,0.0,0.0007095105072141283,0.9992904894927859,0.0009394843631244654,0.0023640080775576,0.5,0.0003280798262950968,0.00038143068091922583
ast,4112,737,0.0006610428069468988,1.1102230246251565e-16,0.0006610428069466767,0.9993389571930528,0.0017886708289767128,0.007302049572372571,1.0,0.0003104398002003461,0.00021358628737505603
ast,4119,503,0.0007398971509005037,0.0,0.0007398971509002816,0.9992601028490995,0.0016957295835402508,0.0061545604368535844,0.5,0.00035428890074173935,0.00038560825015887534
ast,4120,576,0.0007336757153333373,2.220446049250313e-16,0.0007336757153337814,0.9992663242846664,0.0011768026927470032,0.0031217391325704114,1.5,0.0004449448879036977,0.00016584595833563087
ast,4127,657,0.00016565477419994146,2.220446049250313e-16,0.00016565477408936324,0.9998343452258003,0.00037216616755664234,0.0004012864539344463,4.5,0.00022963582893420487,2.9349220914451357e-05
ast,4130,754,0.0007029717693998183,0.0,0.0007029717694000404,0.9992970282306001,0.001085899953893743,0.002996715434472663,0.5,0.000351449541347193,0.00035152222805268085
ast,4131,780,0.0006869291525259946,0.0,0.0006869291525259946,0.9993130708474741,0.0007187974080819226,0.0015770828160847072,0.5,0.0003389093136155763,0.0003480198389101963
ast,4136,687,0.0007336757153493245,4.440892098500626e-16,0.0007336757153337814,0.9992663242846508,0.002059717909371539,0.00801870392674342,2.5,0.00041544212754335286,0.00013029221645938227
ast,4139,411,0.0001806247466480393,0.0,0.00018062474664770622,0.9998193752533521,0.0004013855422768664,0.0004211426104925309,3.0,0.0002477445213320273,6.171262852153886e-05
ast,4143,678,0.0007305025109887175,2.220446049250313e-16,0.0007305024445577457,0.9992694974890113,0.0007874528219162791,0.005859139818541692,3.0,0.0005892079631116265,0.00010127739868535934
ast,4149,437,0.00016220127155430752,2.220446049250313e-16,0.00016220127155441855,0.9998377987284457,0.00022013708956425404,5.22742430169032e-05,2.5,0.00021564298918513858,4.602615754409345e-05
ast,4152,591,0.00014819215955430565,0.0,0.0001481910885868798,0.9998518078404457,0.0006346955771849849,0.0018820050534236188,6.5,0.0002124626933232565,3.668181648157354e-05
ast,4158,580,0.0008211105578408429,4.440892098500626e-16,0.0008211105576193534,0.9991788894421593,0.001790527072734971,0.008407731466209878,3.0,0.0005218780522521227,0.00012648714343335699
ast,4161,535,0.00014984242040871898,0.0,0.0001498424204083859,0.9998501575795913,0.00020712142563628078,5.7200073410701435e-05,2.5,0.00020275892787990912,2.9880074875240914e-05
ast,4165,410,0.00012593957276263446,1.1102230246251565e-16,0.00012593897093637896,0.9998740604272376,0.0005196847680757344,0.0014729369882129362,6.5,0.00017985289562638673,2.9168097773864948e-05
fg3m,3331,242,0.0005460037060573963,5.551115123125783e-16,0.0005460005460005135,0.9994539962939426,0.0003531130469534016,0.0009526102151479199,0.5,0.00043109378074418503,0.00011490992531371091
fg3m,3333,573,0.0005460014389742085,6.661338147750939e-16,0.0005460005460006245,0.9994539985610258,0.00041106840092719477,0.001130450487020318,0.5,0.0004033897448417201,0.00014261169413298802
fg3m,3338,425,9.756892163848008e-05,2.220446049250313e-16,9.756892163848008e-05,0.9999024310783615,2.8284706389825054e-05,2.1396168263909665e-05,0.5,0.0001183743208799104,2.080539924187441e-05
fg3m,3342,422,7.238522176589157e-05,1.1102230246251565e-16,7.238522176566953e-05,0.999927614778234,2.15645016949928e-05,1.59934529267991e-05,0.5,9.072504344193044e-05,1.8339821675761314e-05
fg3m,3348,678,0.0007561246346892148,3.3306690738754696e-16,0.0007561246346876604,0.9992438753653108,0.0003383776283062412,0.000637369258135595,0.5,0.0005508421645276651,0.0002052824701617162
fg3m,3351,540,0.0009104762090710317,0.0,0.0009104762090709206,0.999089523790929,0.0002124705237049329,0.00028127184097515023,0.5,0.0007492859701900556,0.0001611902388809483
fg3m,3357,568,0.00016625788065427471,2.220446049250313e-16,0.00016625788065394165,0.9998337421193457,2.547331523566898e-05,2.2119651436669496e-05,0.5,0.00018897444786791784,2.271656721342108e-05
fg3m,3358,655,0.000677266426357459,0.0,0.000677266426357126,0.9993227335736424,0.0002691614442086876,0.0004729495202850653,0.5,0.0005003381776857024,0.00017692824867199253
fg3m,3362,580,0.00013824717951305132,0.0,0.00013824711611409857,0.9998617528204871,0.00013904229603012297,2.311896915263567e-05,1.5,0.00018517138922985454,4.234766825175762e-05
fg3m,3369,555,8.55348845731907e-05,1.1102230246251565e-16,8.553488457296865e-05,0.9999144651154268,1.573246037217535e-05,1.880645564455996e-05,0.5,7.349001015699574e-05,1.2044874416416995e-05
fg3m,3372,667,0.0007579740528926848,6.661338147750939e-16,0.0007579740437193561,0.9992420259471075,0.0007087468647533901,0.0019866880230261508,0.5,0.0004591256098527563,0.0002988484430401783
fg3m,3381,336,0.00014536226899197757,1.1102230246251565e-16,0.00014536226899042326,0.9998546377310082,9.115846428531249e-05,4.167504197449823e-05,0.5,0.00020845732910707016,6.30950601151481e-05
fg3m,3382,493,0.0007960323438291894,2.220446049250313e-16,0.0007960323438146455,0.999203967656171,0.0005588293015802992,0.0011087361316735045,0.5,0.0005467694731347561,0.0002492628706942668
fg3m,3388,483,0.0007336861870432809,5.551115123125783e-16,0.0007336757153340034,0.9992663138129567,0.0012194864189936094,0.004121206427395885,1.0,0.000447076294469273,0.0002001051323444747
fg3m,3390,525,0.0005460515853907832,2.220446049250313e-16,0.0005460005460005135,0.9994539484146091,0.00048493259341120254,0.0015751379238773122,1.0,0.0004189472913753156,0.00012387400999658293
fg3m,3393,462,0.0001087742802328151,0.0,0.00010877427036082299,0.9998912257197671,0.00011873939574780223,7.815909640607188e-06,1.5,0.00014820058985109963,4.9016336206464395e-05
fg3m,3398,547,8.98900587089635e-05,2.220446049250313e-16,8.989005817205964e-05,0.9999101099412909,6.52154516991299e-05,2.5935681215338846e-05,1.5,0.00011274248773435191,2.4112545639554117e-05
fg3m,3402,684,0.0007336757153348916,0.0,0.0007336757153337814,0.999266324284665,0.00035675556475117665,0.0006124205946416161,0.5,0.0005542057889290075,0.0001794699264058286
fg3m,3406,636,0.0007249836369771501,3.3306690738754696e-16,0.0007249760846755882,0.9992750163630226,0.0008581066148067862,0.0029816227596567435,0.5,0.0004783236075712738,0.0002466600294064314
fg3m,3411,645,0.00012421616475055686,0.0,0.0001242161647503348,0.9998757838352493,4.8909062774993295e-05,3.2509820443671344e-05,0.5,0.00015836776413230558,3.415159938169321e-05
fg3m,3419,574,7.934905053086361e-05,3.3306690738754696e-16,7.93490505298644e-05,0.9999206509494694,4.118421289583951e-06,4.344547832352275e-06,0.5,7.550763812091965e-05,3.841412410277023e-06
fg3m,3421,695,0.0007028652127969437,4.440892098500626e-16,0.0007028652127566426,0.9992971347872032,0.00033283398621236637,0.0006605687244464198,0.5,0.0005186579054771712,0.0001842073073201611
fg3m,3423,648,0.0006928056541815053,1.1102230246251565e-16,0.0006928056541809502,0.9993071943458185,0.00025205549640269775,0.0004298828387820919,0.5,0.000524506713053402,0.00016829894112824206
fg3m,3431,540,0.0008059112444094296,1.1102230246251565e-16,0.0008059112444090966,0.9991940887555906,7.275822587791969e-05,8.200107572347431e-05,0.5,0.0007411535721202206,6.47576722894172e-05
fg3m,3436,704,0.000730227516506865,3.3306690738754696e-16,0.0007302275165056438,0.9992697724834935,0.00030656519281253847,0.000550605265680848,0.5,0.0005302941530984095,0.00019993336340873302
fg3m,3440,640,0.0006968638864717214,4.440892098500626e-16,0.0006968477506338333,0.9993031361135286,0.0007911460283320793,0.0027426395427300188,0.5,0.00048072576329294403,0.00021613812317899939
fg3m,3442,699,0.0007458756012297396,3.3306690738754696e-16,0.0007458756012295176,0.9992541243987703,9.440308122170976e-05,0.0001171741092726164,0.5,0.0006640415518836158,8.18340493464742e-05
fg3m,3448,487,0.0008557189718207958,0.0,0.0008557182976580702,0.9991442810281792,0.00047087738630291476,0.0013567202783155707,1.0,0.0007189915627244248,6.881949372455898e-05
fg3m,3450,468,0.0001570647770541278,2.220446049250313e-16,0.0001570621108064607,0.9998429352229459,0.00020929404670866347,2.43325645832293e-05,2.0,0.00019955502221924437,6.471720787865065e-05
fg3m,3455,626,0.0008334159838452315,2.220446049250313e-16,0.0008334159630029037,0.9991665840161547,0.0009020733312541385,0.0022880233498868696,0.5,0.0005695692640289574,0.00026384671981616314
fg3m,3457,693,0.0006969987166769442,2.220446049250313e-16,0.0006969987166767222,0.9993030012833228,8.611649694268905e-05,0.00010611422954490135,0.5,0.000621856280345813,7.514243633144346e-05
fg3m,3465,406,0.0009349730029817316,2.220446049250313e-16,0.0009349730017994551,0.9990650269970182,0.0009815948066531632,0.002399850119013114,0.5,0.000592861218843721,0.0003421117841382326
fg3m,3466,627,0.0008562990051155239,2.220446049250313e-16,0.0008562987966936886,0.9991437009948844,0.0004822617408052343,0.0013382546172613363,1.0,0.0007085754553540213,8.318954891894936e-05
fg3m,3473,690,0.0006679280762984519,2.220446049250313e-16,0.0006679280762980078,0.9993320719237017,0.00015087903309192463,0.00021561334618497296,0.5,0.0005504535415654377,0.00011747453473331948
fg3m,3474,462,0.0001695465228572779,0.0,0.00016954563696947034,0.9998304534771427,0.000231599604508137,3.492986247666252e-05,2.0,0.00021963789109197274,6.357205059695503e-05
fg3m,3478,540,0.0008605454116072941,0.0,0.0008605454116071831,0.9991394545883927,2.0376525396203007e-05,2.105039051690516e-05,0.5,0.0008407700252116967,1.9775386395637362e-05
fg3m,3483,684,0.00011747648192561577,3.3306690738754696e-16,0.00011747648192550475,0.9998825235180743,5.031837655533611e-05,3.17157173288507e-05,0.5,0.00015441421105549802,3.693772912960469e-05
fg3m,3490,679,0.000733736233811566,0.0,0.0007336757153338924,0.9992662637661884,0.0012133912321083962,0.004189302091281544,1.5,0.00047643135487945854,0.00016257015531762065
fg3m,3496,541,8.626397121114238e-05,2.220446049250313e-16,8.62639709120483e-05,0.9999137360287887,7.867092892688277e-05,1.6224291922606326e-05,1.0,0.00010716848226793863,4.84749654879324e-05
fg3m,3494,627,0.0007336757897906665,2.220446049250313e-16,0.0007336757153337814,0.9992663242102092,0.0006621843879188738,0.0015702224182305713,1.0,0.0005326615211539987,0.00017952466622134233
fg3m,3500,652,0.0008435390076342308,0.0,0.0008435390076340088,0.9991564609923658,0.00037877324174828697,0.0006153292537044996,0.5,0.0006184358749869445,0.00022510313264745285
fg3m,3504,604,0.0007336758728229142,1.1102230246251565e-16,0.0007336757153338924,0.999266324127177,0.00066598366149484,0.0015971568331696329,1.0,0.0005351002582479059,0.00017040912075738657
fg3m,3512,615,0.0001280746161493873,2.220446049250313e-16,0.00012807461160646572,0.9998719253838507,0.00013988162344236166,0.00030042503311866753,1.0,8.256305174497713e-05,3.9367123795486236e-05
fg3m,3514,406,0.0007336757610916234,2.220446049250313e-16,0.0007336757153337814,0.9992663242389083,0.0008221502553883431,0.0021359192412125916,0.5,0.0005073991240701625,0.0002262766370213498
fg3m,3516,568,0.0007336757153335594,2.220446049250313e-16,0.0007336757153337814,0.9992663242846662,5.061767652063398e-05,5.556246072030424e-05,0.5,0.0006874902149058282,4.618550042789771e-05
fg3m,3525,562,0.0008791874385480902,2.220446049250313e-16,0.0008791874385217779,0.9991208125614519,0.0007987738354579554,0.001779521944635376,0.5,0.0005422169406701371,0.0003369704978780641
fg3m,3526,658,0.0008876413751566226,0.0,0.0008876413751564005,0.9991123586248434,0.00015946898422852795,0.00019824575061019867,0.5,0.0007560550133298843,0.00013158636182686312
fg3m,3530,539,0.0007336802276665111,0.0,0.0007336757153336704,0.9992663197723337,0.0011935166580561152,0.003945306329712572,1.0,0.0004405011978490525,0.00021418599721551024
fg3m,3536,494,8.840839097756792e-05,0.0,8.840837868018259e-05,0.9999115916090227,7.942638466129637e-05,2.005169354823977e-05,1.5,0.00011559901435947983,2.487191745711992e-05
fg3m,3538,298,0.0007479416441626974,2.220446049250313e-16,0.0007479406228524388,0.9992520583558371,0.0008717281447685465,0.0029003368822602127,0.5,0.00046273744206742906,0.0002852042020956569
fg3m,3543,567,0.0007110253699376123,3.3306690738754696e-16,0.0007110252975962572,0.9992889746300625,0.0007288781309988668,0.002185403084331794,0.5,0.00043336178015226934,0.0002776635897856483
fg3m,3547,520,0.0007425569693297884,3.3306690738754696e-16,0.0007425569693292333,0.9992574430306702,0.00012488073992147214,0.00016453128558587687,0.5,0.0006384613457110708,0.00010409562361901603
fg3m,3554,676,0.00014079374284614588,2.220446049250313e-16,0.00014079374284636792,0.9998592062571539,1.7635492234630012e-05,1.581259423127923e-05,0.5,0.0001556225971650893,1.4828854319137719e-05
fg3m,3553,591,0.00012573168638940757,2.220446049250313e-16,0.00012572634900787083,0.9998742683136106,0.00020416869003625493,7.80898999623858e-05,2.0,0.0001700146304951522,5.342038289765649e-05
fg3m,3559,285,0.00013096338901208426,2.220446049250313e-16,0.00013096338687734743,0.9998690366109878,0.00012877262350219354,2.068887249917495e-05,1.5,0.0001734745763387613,5.743655698164929e-05
fg3m,3567,341,0.00012134049406364866,3.3306690738754696e-16,0.0001213404940633156,0.9998786595059362,6.809428663198669e-06,6.479732800990234e-06,0.5,0.00012786890269127216,6.528408627137772e-06
fg3m,3573,547,7.785342159305486e-05,2.220446049250313e-16,7.785342061628064e-05,0.9999221465784071,5.9996690730867996e-05,2.1443619675931558e-05,1.5,9.879934125117673e-05,2.20587655019866e-05
fg3m,3569,682,0.0007178182202827177,0.0,0.0007178182201978967,0.9992821817797173,0.0003100692274747574,0.0006036583842140009,0.5,0.0005482713202108469,0.00016954690007175977
fg3m,3579,409,0.00017404716602564818,2.220446049250313e-16,0.00017404716602509307,0.9998259528339746,6.621085233027291e-06,6.4076495707721115e-06,0.5,0.0001804333283276019,6.386162302196574e-06
fg3m,3582,495,0.0007401120081331758,2.220446049250313e-16,0.0007401120081327317,0.9992598879918668,0.00013482275372062036,0.00018381400711260654,0.5,0.0006327387646171342,0.00010737324351606237
fg3m,3587,697,0.0007233483017885511,2.220446049250313e-16,0.000723348301787996,0.9992766516982114,0.00022367825567318894,0.0003535007261263323,0.5,0.000560368725083013,0.00016297957670574625
fg3m,3591,413,0.000696864497622407,3.3306690738754696e-16,0.0006968644911071742,0.9993031355023776,0.0006714903042090159,0.0018979216091307705,0.5,0.00041294407582601056,0.00028392042179670174
fg3m,3597,374,0.00014133730302079428,0.0,0.00014133450408093662,0.9998586626969791,0.00017479368071970924,3.2176948780993087e-06,2.5,0.0001841267927631951,3.3074454561438094e-05
fg3m,3599,452,0.000734993119566596,2.220446049250313e-16,0.0007349931045902425,0.9992650068804333,0.0004861871809926366,0.0011767405461199365,0.5,0.0005231119128342177,0.00021188120673265587
fg3m,3602,684,0.00010446199559233094,1.1102230246251565e-16,0.00010446199559221991,0.9998955380044077,3.83529637655311e-05,2.612784689237646e-05,0.5,0.00013558429024784768,3.112229465551675e-05
fg3m,3608,533,0.00014744542606637268,2.220446049250313e-16,0.00014744410809841568,0.9998525545739336,0.00017878598079423824,3.152394141281434e-07,2.0,0.00018951828951579985,4.039117190218766e-05
fg3m,3614,646,0.0007517709393414229,2.220446049250313e-16,0.0007517709393414229,0.9992482290606586,7.333202278858586e-05,8.727313234089401e-05,0.5,0.0006866179459655945,6.515299337594982e-05
fg3m,3618,688,0.0009158135981948146,5.551115123125783e-16,0.0009158135980606996,0.9990841864018052,0.0010687457595713878,0.002728910831899911,0.5,0.0005100820549655549,0.0004057315432295372
fg3m,3620,422,0.0007977994669130517,1.1102230246251565e-16,0.0007977994668901811,0.999202200533087,0.0003051973395956642,0.0005639640939326673,0.5,0.0006706217968466821,0.00012717767006664715
fg3m,3625,476,0.0001853333852688266,0.0,0.00018533312156399084,0.999814666614731,0.00026068636302656323,0.0006462687729427152,1.0,0.00011188389069144433,5.017091842601795e-05
fg3m,3631,425,0.00010572035525679979,0.0,0.00010572035525602264,0.9998942796447433,6.284088156205403e-05,0.00010221868099957732,0.5,7.573960713991301e-05,2.998074811688678e-05
fg3m,3632,668,0.0007190693377356894,2.220446049250313e-16,0.0007190693377353563,0.9992809306622644,6.180713137537291e-05,7.291412439801997e-05,0.5,0.0006644509228110676,5.4618414924823e-05
fg3m,3640,419,7.360077937557108e-05,2.220446049250313e-16,7.360077599316561e-05,0.9999263992206245,6.141021519301404e-05,1.8646295675273095e-05,1.5,9.489760451575346e-05,2.0916701403889126e-05
fg3m,3642,242,8.772589003580578e-05,2.220446049250313e-16,8.772568936021852e-05,0.9999122741099643,9.441820441513649e-05,9.850800068544885e-06,2.0,0.0001093022068943128,2.38755766813481e-05
fg3m,3648,465,0.00012795352375860602,0.0,0.00012795352191141696,0.9998720464762415,0.00012479294294465149,2.086538832313245e-05,1.5,0.00016911451516216092,5.601892093459737e-05
fg3m,3653,242,0.0001223455394003814,0.0,0.00012234550710998882,0.9998776544605998,0.00011332142942177548,2.6650656856475052e-05,1.5,0.00016040828518271155,3.1965200089134616e-05
fg3m,3656,610,8.57048534728122e-05,1.1102230246251565e-16,8.570485347147994e-05,0.9999142951465273,5.447933080426903e-05,9.110410342660913e-05,0.5,6.167371220577866e-05,2.4031141266922518e-05
fg3m,3658,546,0.0007337009717938159,2.220446049250313e-16,0.0007336757153337814,0.9992662990282062,0.0010749548063873071,0.0034408643663856875,1.5,0.00048798742401767736,0.00016201592426406952
fg3m,3665,718,0.0006722539327097543,2.220446049250313e-16,0.0006722539313637199,0.99932774606729,0.0006247025666148431,0.0017054681053611798,0.5,0.00039282912314397844,0.00027942480956610893
fg3m,3666,408,8.875549119391479e-05,2.220446049250313e-16,8.875549099318647e-05,0.999911244508806,6.067036139545401e-05,2.62329602975786e-05,1.5,0.00011003037506812641,2.3706951413460242e-05
fg3m,3671,615,0.0009010019455315543,2.220446049250313e-16,0.0009010019438907557,0.9990989980544688,0.0009924881161111898,0.002489499907445847,0.5,0.0005635967456729674,0.0003374051998582539
fg3m,3677,715,0.00012210810214918766,1.1102230246251565e-16,0.00012210677575519302,0.999877891897851,0.00019433734336282704,7.378604101004882e-05,2.0,0.00015402649463397422,7.93211564474594e-05
fg3m,3678,374,0.0001314948442758812,2.220446049250313e-16,0.00013149185409022657,0.9998685051557241,0.00016688881075799245,8.112477238864102e-06,2.5,0.0001719383199408342,3.296649951253783e-05
fg3m,3683,242,0.0001021907396125954,2.220446049250313e-16,0.00010219058786353763,0.9998978092603874,0.00010900291799931239,1.2306648318194391e-05,2.0,0.00012636300674429002,2.953949195191874e-05
fg3m,3686,424,0.0009005095153469256,0.0,0.0009005073234116256,0.999099490484653,0.0004411664226806611,0.0014629048374881215,1.0,0.0007822649064138099,8.325377268936229e-05
fg3m,3694,605,0.000918787747595573,2.220446049250313e-16,0.0009187877475950179,0.9990812122524045,9.10820464216644e-05,0.00014321985861148745,0.5,0.0008672638540426214,5.152389355278508e-05
fg3m,3698,422,0.0007336757153340034,0.0,0.0007336757153337814,0.999266324284666,0.00023564303376133466,0.000350474400016898,0.5,0.0005923192281829803,0.00014135648715107862
fg3m,3699,722,0.0007103383224562609,3.3306690738754696e-16,0.0007103383224554838,0.9992896616775437,0.00033840919120280144,0.0006453341535819224,0.5,0.0005021462129980447,0.0002081921094586603
fg3m,3703,373,9.129328740709042e-05,2.220446049250313e-16,9.129328740675735e-05,0.999908706712593,6.453441459247644e-06,6.075643921910068e-06,0.5,9.709560588827548e-05,5.802318481573643e-06
fg3m,3712,251,0.00014429838722440635,0.0,0.00014429838722396227,0.9998557016127759,4.1724292016875886e-05,3.1503830451917736e-05,0.5,0.00017578246071719983,3.148407349307103e-05
fg3m,3713,546,0.0008039223254876493,0.0,0.0008039124525722752,0.9991960776745124,0.0007551770752436404,0.002367143597008514,1.5,0.0006182382313587587,9.801188304026098e-05
fg3m,3716,729,0.0006656327581162635,3.3306690738754696e-16,0.0006656327581152643,0.9993343672418841,0.00024025430049491592,0.00040920296987113913,0.5,0.0005058294470203784,0.0001598033110958852
fg3m,3726,691,0.0009135202330197156,1.1102230246251565e-16,0.0009135202329698666,0.9990864797669802,0.0007372240714810241,0.0015631486766319869,0.5,0.000605604917573721,0.00030791531544627215
fg3m,3727,605,0.00014705278860027704,0.0,0.00014705278859994397,0.9998529472113997,2.8655563872381773e-05,2.3926496760751093e-05,0.5,0.0001707159110397316,2.3663122439621098e-05
fg3m,3730,573,0.00011726352184115996,2.220446049250313e-16,0.00011726352184071587,0.999882736478159,5.579263892840913e-05,3.381297349758228e-05,1.0,0.0001354484537078593,2.9471844590900353e-05
fg3m,3733,41,6.212910186320642e-10,0.0,0.0,0.9999999993787091,1.0137917172414745e-09,8.149581010030715e-10,1.5,2.49510634375838e-10,3.335232090506679e-10
fg3m,3738,309,0.0001529666167900956,0.0,0.00015296661678931844,0.9998470333832099,8.761889239050635e-05,4.5140205594651484e-05,1.0,0.00017934066213831645,5.0787912560357196e-05
fg3m,3743,411,9.352966403852747e-05,1.1102230246251565e-16,9.352966403131102e-05,0.9999064703359614,6.720110573976701e-05,0.00011827615811255132,0.5,6.691947485931715e-05,2.661018917915481e-05
fg3m,3746,576,0.0005460346559140739,4.440892098500626e-16,0.0005460005460006245,0.9994539653440859,0.0005326409153910694,0.0017705603489899246,0.5,0.0004070167355092469,0.00013901792040516003
fg3m,3750,580,0.0008607637671960156,2.220446049250313e-16,0.0008607637500593901,0.9991392362328041,0.0009966735829664009,0.002607901357237319,0.5,0.0005676685961354955,0.00029309517106046457
fg3m,3756,476,0.0008540316486063126,0.0,0.0008540316486056465,0.9991459683513936,0.0006560324867295186,0.001328540567237635,0.5,0.0005292330113870203,0.0003247986372194589
fg3m,3762,568,0.0009183809807637999,1.1102230246251565e-16,0.0009183809807633558,0.9990816190192362,2.20728592937401e-08,2.2073971395355054e-08,0.5,0.0009183589087978784,2.2071966032655155e-08
fg3m,3763,487,0.0008773550351164339,3.3306690738754696e-16,0.0008773550350165138,0.9991226449648835,0.0009800750678852221,0.002437064391278554,0.5,0.0004982009016951672,0.0003791541334217108
fg3m,3770,640,0.0006495335687410897,3.3306690738754696e-16,0.0006495333857819974,0.9993504664312588,0.0004887501632837576,0.0012982904731219103,0.5,0.000463615367924608,0.00018591820081659272
fg3m,3772,712,0.0008635534350620588,2.220446049250313e-16,0.0008635460692612007,0.999136446564938,0.0005074437484466898,0.0016546091336739899,1.5,0.0007380692537661271,8.117740992275024e-05
fg3m,3779,346,0.00019239399336301588,0.0,0.00019239399334047835,0.9998076060066369,0.00013406255812742351,5.551998812380887e-05,1.0,0.000236331870776596,6.683329211198963e-05
fg3m,3780,645,0.00011649639325517214,0.0,0.00011649639325506111,0.9998835036067448,3.831595053471748e-05,2.7391255603581577e-05,0.5,0.00014823630272220445,3.173990946703231e-05
fg3m,3789,599,0.0009273364560784536,3.3306690738754696e-16,0.0009273364557428332,0.9990726635439215,0.0009577218068793636,0.002304407631053107,0.5,0.0005712733714644536,0.00035606308461444414
fg3m,3790,659,0.0007336757153595386,0.0,0.0007336757153338924,0.9992663242846404,0.0005023011733373828,0.00099118759311978,0.5,0.0005150086381829899,0.00021866707717688172
fg3m,3792,314,0.0001166676487505125,0.0,0.00011666764862217072,0.9998833323512495,0.0001008961622585014,2.5366626725809027e-05,1.0,0.00014607389175985697,5.762263610281648e-05
fg3m,3796,541,0.0007980803308038631,2.220446049250313e-16,0.0007980499555322318,0.999201919669196,0.001597761119436658,0.006079839338525517,1.0,0.0004565427663585919,0.00022873293194908273
fg3m,3805,385,0.0001594073071946589,2.220446049250313e-16,0.0001594073071942148,0.9998405926928052,7.203567760338814e-05,4.5344829913473994e-05,1.0,0.00018339026717187346,3.672960877426634e-05
fg3m,3807,573,9.337098939621313e-05,0.0,9.337098939188326e-05,0.9999066290106038,5.074275550409624e-05,2.786379206431988e-05,1.0,0.00011072029044945086,2.3844802110706276e-05
fg3m,3812,686,0.0007336757153342255,2.220446049250313e-16,0.0007336757153338924,0.9992663242846659,0.0003216568262850994,0.00052226581081527,0.5,0.000549065543186178,0.00018461017214821407
fg3m,3813,696,0.0006943168252895315,0.0,0.0006943168252894205,0.9993056831747105,0.0001863101808686346,0.00027933258897810953,0.5,0.0005527238957559605,0.00014159292953375147
fg3m,3822,466,0.0008666677807189771,1.1102230246251565e-16,0.0008666522676962218,0.9991333322192808,0.0019535507854486767,0.007939733832166285,1.0,0.00044506878678218786,0.00029876832251030105
fg3m,3821,547,0.00010541496409066653,2.220446049250313e-16,0.00010541496408567053,0.9998945850359094,6.960390502430691e-05,3.0493595125191675e-05,1.0,0.00012735791405754648,3.749151623455571e-05
fg3m,3829,525,0.0008660966886990806,2.220446049250313e-16,0.0008660867336476308,0.9991339033113009,0.0006407607167047136,0.0022049137808330954,1.5,0.0007109864179822845,0.00010063116607689215
fg3m,3831,419,0.00020027634300978647,2.220446049250313e-16,0.0002002763415458464,0.99979972365699,0.00019132849205028002,3.572509438076743e-05,1.0,0.0002622463310771872,9.054210424752629e-05
fg3m,3837,677,0.000700050941280228,5.551115123125783e-16,0.0007000509378076725,0.9992999490587195,0.0007149902219758808,0.0020752526397871396,0.5,0.00039625621154962265,0.00030379472973118826
fg3m,3840,419,0.00012481630876903793,0.0,0.00012481630805671884,0.9998751836912312,0.00011782635985180256,2.2197639841570194e-05,1.0,0.00016202425894268346,5.911312562828508e-05
fg3m,3844,314,0.00012193641144309098,0.0,0.00012193641142055345,0.999878063588557,9.446920232525358e-05,3.115093143213343e-05,1.0,0.00014845522325465654,5.6906892061503456e-05
fg3m,3848,242,0.00010200867031429084,0.0,0.00010200821934114312,0.9998979913296857,0.0001151280690767642,7.277802871463734e-06,2.0,0.00012889891690276434,2.7182040667345087e-05
fg3m,3852,456,0.00019267874326178713,1.1102230246251565e-16,0.0001926787432615651,0.9998073212567383,9.948501519485564e-05,5.588135180600862e-05,0.5,0.00025640001943572077,6.372127617382262e-05
fg3m,3856,374,0.00011974428894845346,0.0,0.00011974307380602234,0.9998802557110513,0.00013456317196958167,1.0232550801347884e-05,2.5,0.00015298865721613542,2.5323661276943632e-05
fg3m,3862,708,0.00015328521560276087,0.0,0.00015327284403099384,0.9998467147843974,0.00020946214573314137,2.5834297910254378e-05,2.5,0.0002050111813904354,3.360443509903277e-05
fg3m,3863,309,0.00012776870348041314,0.0,0.00012776870342179336,0.9998722312965196,9.914278783385022e-05,3.365696153223574e-05,1.0,0.00015978431932256454,4.995767730103795e-05
fg3m,3871,719,0.0008404265757238072,1.1102230246251565e-16,0.0008404265757231411,0.9991595734242761,0.0005189950203220439,0.0009644302747613409,0.5,0.0005813996975322366,0.0002590268781916816
fg3m,3874,374,7.734410056814411e-05,1.1102230246251565e-16,7.734241224677252e-05,0.999922655899432,0.00010177247300413583,1.0856410913362424e-05,2.0,0.00010002432563838148,2.633085246805944e-05
fg3m,3875,749,0.0007406712685824601,2.220446049250313e-16,0.000740671268581794,0.9992593287314177,0.0002549965207286897,0.0004301136026478858,0.5,0.0005710507495579192,0.00016962051902469355
fg3m,3883,453,0.0008708027205097668,2.220446049250313e-16,0.0008708027205095448,0.9991291972794901,0.0003326023672651779,0.0005014865356706422,0.5,0.0006388869226083005,0.0002319157979016051
fg3m,3888,723,0.0009112125311849795,4.440892098500626e-16,0.0009112125311767638,0.9990887874688149,0.0007030370449160328,0.0014469605507075323,0.5,0.0005942549401263819,0.0003169575910592082
fg3m,3890,748,0.0007336761744443088,2.220446049250313e-16,0.0007336757153340034,0.9992663238255558,0.0008283511453532899,0.002214866290656259,1.0,0.0004993586247988846,0.00019067430874863955
fg3m,3896,341,0.00012397927267437936,1.1102230246251565e-16,0.00012397927267382425,0.9998760207273258,2.8667523651049187e-05,2.29679338599742e-05,0.5,0.00014790059886812812,2.3921326193887538e-05
fg3m,3900,695,0.000734009931419255,2.220446049250313e-16,0.0007340088038774173,0.9992659900685806,0.000685331454044591,0.0020584120122963956,0.5,0.0005038052591099795,0.0002302046723096085
fg3m,3902,735,0.00018866193997557623,1.1102230246251565e-16,0.00018866193997557623,0.9998113380600244,1.0539448529356399e-05,1.0039494292124473e-05,0.5,0.00019868443563850202,1.0022495662842523e-05
fg3m,3907,384,0.0007336758775027263,1.1102230246251565e-16,0.0007336757153338924,0.9992663241224972,0.0007616620256557516,0.0019361421647954291,1.0,0.0005097286580091343,0.00019229663655612184
fg3m,3912,738,0.0007478522210098149,2.220446049250313e-16,0.0007478522210094818,0.9992521477789901,0.00025159592870105385,0.00041287306470953744,0.5,0.0005712882684621584,0.00017656395254794788
fg3m,3915,676,9.43418928001094e-05,4.440892098500626e-16,9.43418928001094e-05,0.9999056581072,4.442206864907483e-06,4.267650651076926e-06,0.5,9.852979533381268e-05,4.18790253420287e-06
fg3m,3917,594,0.0007484970847460026,2.220446049250313e-16,0.0007484969226364546,0.9992515029152541,0.000791870572889597,0.0024419663181662332,0.5,0.0004587429107809071,0.00028975417396526204
fg3m,3921,570,0.00012343024390037982,1.1102230246251565e-16,0.00012342955924893317,0.9998765697561,0.00014211076378822796,6.762384590963677e-06,2.0,0.00015694431770857387,3.237695169366894e-05
fg3m,3925,757,0.0006758575965766234,4.440892098500626e-16,0.0006758481385344961,0.9993241424034235,0.0008021629871679536,0.0028031202156955093,0.5,0.0004497662156974225,0.0002260913808797005
fg3m,3934,757,0.0007639277483870721,1.1102230246251565e-16,0.0007639270486371474,0.9992360722516128,0.0009007947375642145,0.0030001703277582337,0.5,0.0004633848602635937,0.00030054288812364494
fg3m,3935,408,8.330452573090952e-05,0.0,8.33045164259083e-05,0.9999166954742692,7.727799248513634e-05,1.7053338230876847e-05,1.5,0.00010983102819978052,2.8962928228404294e-05
fg3m,3940,633,0.0008706914962879342,0.0,0.0008706914962878232,0.9991293085037121,0.00014517769086810905,0.0001790451035987295,0.5,0.0007526619759709585,0.00011802952031703118
fg3m,3942,409,0.0007336757153337814,0.0,0.0007336757153336704,0.999266324284666,6.34598696832786e-06,6.423719127299568e-06,0.5,0.0007274029251343158,6.272790199601808e-06
fg3m,3949,493,0.0008535989770672714,2.220446049250313e-16,0.0008535989770647179,0.9991464010229326,0.0007775827687589998,0.0017162247961745036,0.5,0.0004990730221354212,0.0003545259549320168
fg3m,3953,676,8.45373092464019e-05,2.220446049250313e-16,8.453730924651293e-05,0.9999154626907535,1.7465905120250813e-05,1.4448966328572954e-05,0.5,9.80769432702977e-05,1.353963402406233e-05
fg3m,3954,453,0.0009145948617761412,1.1102230246251565e-16,0.0009145948617760302,0.999085405138224,0.0003310842784495227,0.0004926578181590202,0.5,0.0006848807680150948,0.00022971409376104646
fg3m,3963,633,0.0008733522186026299,1.1102230246251565e-16,0.0008733522186026299,0.9991266477813973,8.403973280578236e-05,9.536042694283792e-05,0.5,0.0007989068826657827,7.444533593692348e-05
fg3m,3961,713,0.000718957458745173,3.3306690738754696e-16,0.0007189574561982104,0.9992810425412549,0.0006317582843459735,0.0016910846168053384,0.5,0.0004376890630992947,0.0002812683956463502
fg3m,3968,468,0.00014488532283696287,2.220446049250313e-16,0.00014488531983114505,0.9998551146771631,0.00011246223145211509,4.075668141445554e-05,1.5,0.00018389102937976798,3.636250515881567e-05
fg3m,3974,776,0.0007273158524427892,5.551115123125783e-16,0.0007273158524423451,0.9992726841475572,0.00022254399570671712,0.000351573636964142,0.5,0.0005660804470288827,0.00016123540541435055
fg3m,3977,406,0.0008960965330575554,1.1102230246251565e-16,0.0008960163180413705,0.9991039034669423,0.00043942037401656364,0.0017310763578937127,1.5,0.000817005921815328,7.31026527068801e-05
fg3m,3983,374,7.399157993992489e-05,0.0,7.399048274214781e-05,0.99992600842006,8.976964947127186e-05,1.1170774727453647e-06,2.0,9.539808664144056e-05,1.9457856980320543e-05
fg3m,3984,721,0.00019604423420860329,0.0,0.0001960442342087143,0.9998039557657913,3.0446767696951094e-05,2.64969813786875e-05,0.5,0.00022148749690506508,2.5443262696378532e-05
fg3m,3988,641,0.0008075792500332746,0.0,0.0008075792500331636,0.9991924207499667,1.0950277746495096e-05,1.1292835927857736e-05,0.5,0.000796994754494993,1.0584495538368266e-05
fg3m,3991,558,0.0001591733146679708,2.220446049250313e-16,0.00015917330228543136,0.9998408266853318,0.00018120152519807142,3.3492023094883194e-06,1.5,0.00021544120416056023,8.816098664859995e-05
fg3m,4000,631,0.0007105077657802994,1.1102230246251565e-16,0.0007101491549287298,0.9992894922342198,0.001153911534536478,0.005108980805730523,1.0,0.00045457085574265865,0.00022951211211152955
fg3m,3998,720,0.00014450475280591846,2.220446049250313e-16,0.00014450475269278673,0.9998554952471943,0.00011424931023662488,3.773022292352657e-05,1.0,0.0001822415295368307,5.459862893325562e-05
fg3m,4008,341,9.253931261854476e-05,2.220446049250313e-16,9.253931261832271e-05,0.9999074606873813,9.701789873542421e-06,8.817302266789229e-06,0.5,0.00010166136876607612,9.122056147337076e-06
fg3m,4011,745,0.0008785856948225756,1.1102230246251565e-16,0.0008785856948154702,0.9991214143051778,0.0009240623237729007,0.002203529090882339,0.5,0.00047970926592563745,0.0003988764288966884
fg3m,4013,615,0.000919447309998489,3.3306690738754696e-16,0.000919447309993271,0.9990805526900014,0.0007306928292813986,0.0015204262916891365,0.5,0.0005860834947722382,0.00033336381522652836
fg3m,4017,411,0.0001093558811371409,0.0,0.0001093558811371409,0.9998906441188627,4.217103787929055e-05,2.833890444708942e-05,0.5,0.0001384841818091731,2.9128300672032204e-05
fg3m,4021,564,0.00013996212265743324,4.440892098500626e-16,0.00013996212265698915,0.9998600378773425,5.209272704666951e-06,5.4114712933900355e-06,0.5,0.000134967739016046,4.994383641987454e-06
fg3m,4026,496,0.0007336757153337814,0.0,0.0007336757153338924,0.9992663242846662,0.00026716736066950686,0.0004164785712580388,0.5,0.0005862415493846918,0.0001474341659488676
fg3m,4030,658,0.000851261248612678,0.0,0.0008512564092238994,0.9991487387513871,0.0005483755685100622,0.0017287643889438709,1.5,0.0007102835050183387,8.234155083969297e-05
fg3m,4033,568,0.0008836561636864637,0.0,0.0008836561636862417,0.9991163438363135,0.00041008035827985734,0.0006636260723315024,0.5,0.000618416881952466,0.0002652392817340532
fg3m,4042,242,0.00010589072393440979,2.220446049250313e-16,0.00010589070766231501,0.9998941092760658,0.00012525321357781394,3.141594855815555e-06,1.5,0.0001449420989743655,5.970335987470765e-05
fg3m,4044,691,0.0009231411638932485,0.0,0.0009231411638931375,0.9990768588361066,0.00047307799958953844,0.0008029711817554852,0.5,0.0006444868771330603,0.000278654286760216
fg3m,4046,627,0.0009239526701256828,0.0,0.0009239459134912087,0.9990760473298744,0.00037755911382841845,0.0013924230335577992,1.5,0.0008347021727629356,7.881907729495596e-05
fg3m,4054,456,0.00012261768648103022,0.0,0.00012261768641863569,0.999877382313519,9.410194394199323e-05,3.2776899807629434e-05,1.0,0.0001534927658766172,4.601905441137255e-05
fg3m,4059,311,0.0009153272967901138,0.0,0.0009153272966204717,0.99908467270321,0.0008559998899355659,0.001954575711451967,0.5,0.0005825822288877958,0.0003327450679021515
fg3m,4057,719,0.0006637335100743158,4.440892098500626e-16,0.000663514950707933,0.9993362664899256,0.0010019758689496783,0.004227973533195151,1.0,0.00043369239438015295,0.000210444033483137
fg3m,4063,710,0.0007112508785427352,3.3306690738754696e-16,0.0007108796791538419,0.9992887491214573,0.0012377595202166525,0.0056771535202817525,1.0,0.0004410899927975165,0.00024292986122442795
fg3m,4068,750,0.0009077855564307846,2.220446049250313e-16,0.0009077855231134357,0.9990922144435691,0.0013907015081200402,0.004259616856720161,0.5,0.0005304164939899381,0.00037736906244079105
fg3m,4070,781,0.0006655401900532709,2.220446049250313e-16,0.0006655401877335709,0.9993344598099466,0.0004357413480394201,0.0010210479569472408,0.5,0.00046149012062537964,0.0002040500694282521
fg3m,4079,631,0.000703559432562173,3.3306690738754696e-16,0.0007034907749275954,0.9992964405674382,0.0014076696155034263,0.006750256550677958,0.5,0.0003917972259340763,0.00031176220662820775
fg3m,4082,569,0.00011980704658065555,4.440892098500626e-16,0.00011980582389481409,0.9998801929534191,0.00016927804484101472,3.328678530456486e-05,2.0,0.00015681275303131015,4.512819978694238e-05
fg3m,4083,425,0.0007336769501007367,3.3306690738754696e-16,0.0007336757153341145,0.9992663230498993,0.0008798774142904087,0.002449921227092089,1.0,0.0004947651215824189,0.00018462149762910052
fg3m,4087,757,0.0007336757153391105,0.0,0.0007336757153337814,0.9992663242846608,0.0003526709952993978,0.0006098390871486226,0.5,0.0005658432020987925,0.00016783251324037352
fg3m,4095,738,0.0006920045710734346,2.220446049250313e-16,0.0006920045710729905,0.9993079954289265,0.0001304413893728068,0.00017655883025564922,0.5,0.0005855011826659678,0.00010650338840778595
fg3m,4098,783,0.0007517173074198524,2.220446049250313e-16,0.0007517116260833401,0.9992482826925803,0.0009021625079066453,0.003138654994195189,0.5,0.00048731750421721065,0.00026439980320291934
fg3m,4102,708,0.000196491475957572,1.1102230246251565e-16,0.00019649147577971426,0.9998035085240424,0.00017059336024893845,0.0003251892754736474,0.5,0.0001325389046932801,6.395257126423637e-05
fg3m,4106,781,0.0006978468471388055,4.440892098500626e-16,0.0006978468471385835,0.9993021531528613,0.00024641113656667657,0.0004098352645669351,0.5,0.0005261432278628464,0.00017170361927643096
fg3m,4107,776,0.0007095105072147945,3.3306690738754696e-16,0.0007095105072141283,0.9992904894927853,0.00023446723751845144,0.00038052566252794184,0.5,0.0005430319829033831,0.00016647852431184162
fg3m,4112,737,0.0006610457153743976,5.551115123125783e-16,0.0006610428069466767,0.9993389542846255,0.0007188263938085471,0.0023530731064957955,0.5,0.000439053969480796,0.00022199174589399018
fg3m,4119,503,0.0007398971509013919,2.220446049250313e-16,0.0007398971509002816,0.9992601028490987,0.00036623310112848806,0.0007142332321379841,0.5,0.0005197441263475322,0.00022015302455391517
fg3m,4120,576,0.0007336757804410343,2.220446049250313e-16,0.0007336757153337814,0.999266324219559,0.0007062449174678465,0.0017186003101765657,1.0,0.0005199916409275585,0.00019234783175547943
fg3m,4127,657,0.00016794217873128403,2.220446049250313e-16,0.00016565477408936324,0.9998320578212686,0.0003260706842418415,0.0001685533799031802,4.0,0.00021477131635361246,2.9551714194581136e-05
fg3m,4130,754,0.0007029717694000404,2.220446049250313e-16,0.0007029717694000404,0.9992970282306,6.568785356947382e-05,7.763750194462321e-05,0.5,0.0006443768541082584,5.859491529180971e-05
fg3m,4131,780,0.0006869291525264387,3.3306690738754696e-16,0.0006869291525259946,0.9993130708474736,0.0003247895239571752,0.0006121812893251644,0.5,0.0004827448294439096,0.00020418432308288992
fg3m,4136,687,0.0007336757187597076,2.220446049250313e-16,0.0007336757153337814,0.9992663242812401,0.0005537984600588741,0.0011826908519443347,0.5,0.000546768887479121,0.0001869068312810862
fg3m,4139,411,0.0001806247466480393,2.220446049250313e-16,0.00018062474664770622,0.999819375253352,4.638548494340089e-05,3.632906027528637e-05,0.5,0.00021666972140693685,3.6044974758953074e-05
fg3m,4143,678,0.0007305024449104636,3.3306690738754696e-16,0.0007305024445577457,0.9992694975550896,8.607657743026076e-05,0.0002013853229044793,0.5,0.000697709712924488,3.2792731986086565e-05
fg3m,4149,437,0.00016220735005978426,0.0,0.00016220127155441855,0.99983779264994,0.0002205390623752912,2.725905848866006e-05,2.5,0.0002147571969031703,4.5497495184232406e-05
fg3m,4152,591,0.0001481952680801868,2.220446049250313e-16,0.0001481910885868798,0.9998518047319199,0.0002261294650462986,6.516189486927004e-05,2.0,0.00019913743185390187,5.4484064549331634e-05
fg3m,4158,580,0.0008211184257713722,2.220446049250313e-16,0.0008211105576193534,0.9991788815742286,0.000742973995039975,0.00238243946120531,1.0,0.0006365021397996551,9.254704429267901e-05
fg3m,4161,535,0.00014984242040849693,1.1102230246251565e-16,0.0001498424204083859,0.9998501575795912,4.368812397881339e-05,3.3231768693742225e-05,0.5,0.00017802084748252955,2.817842707358853e-05
fg3m,4165,410,0.00012593897112811447,0.0,0.00012593897093637896,0.9998740610288718,9.943065193551703e-05,3.319204554763644e-05,1.0,0.00015967016790197075,4.3956534722611185e-05
stl,3331,242,0.000546004146237733,2.220446049250313e-16,0.0005460005460005135,0.9994539958537623,0.00043328183051871694,0.0010110347731120406,0.5,0.0004144481824541746,0.00013155596378322532
stl,3333,573,0.0005460015818077313,3.3306690738754696e-16,0.0005460005460006245,0.9994539984181925,0.0005043951896623877,0.0012300461368058846,0.5,0.0003812740433880024,0.0001647275384198954
stl,3338,425,9.756892820256269e-05,2.220446049250313e-16,9.756892163848008e-05,0.9999024310717974,6.478464467918332e-05,2.74382765357295e-05,1.0,0.00011880350150866859,3.291375317254763e-05
stl,3342,422,7.238522439845241e-05,4.440892098500626e-16,7.238522176566953e-05,0.9999276147756017,4.920530365148945e-05,2.0532257932859288e-05,0.5,0.0001069395721726707,3.4554347774662375e-05
stl,3348,678,0.0007561264552093938,2.220446049250313e-16,0.0007561246346876604,0.9992438735447905,0.0011827726934626193,0.0038245842828941168,0.5,0.0004114327473201951,0.0003446937078891432
stl,3351,540,0.0009104762127996047,0.0,0.0009104762090709206,0.9990895237872004,0.0008319341470042207,0.001782881589169838,0.5,0.000587091647549054,0.00032338456525071724
stl,3357,568,0.0001662578904664258,2.220446049250313e-16,0.00016625788065394165,0.9998337421095336,0.0001226972365597767,4.6098481013556736e-05,1.0,0.0002013670011409563,7.278251260856017e-05
stl,3358,655,0.0006772664369552039,2.220446049250313e-16,0.000677266426357126,0.9993227335630449,0.000786845661445712,0.002066136521708506,0.5,0.0003584433624572725,0.0003188230744977094
stl,3362,580,0.00013824714183696685,0.0,0.00013824711611409857,0.999861752858163,9.658611249729887e-05,3.842700016987166e-05,1.0,0.00017170328932358814,4.179701922590873e-05
stl,3369,555,8.553488668550102e-05,0.0,8.553488457296865e-05,0.9999144651133146,5.625012411192287e-05,9.650291071328088e-05,0.5,6.318395143634081e-05,2.2350935248827142e-05
stl,3372,667,0.0007579740471521657,1.1102230246251565e-16,0.0007579740437193561,0.9992420259528478,0.0007881631623332108,0.0019490314628767824,0.5,0.00041466216907409814,0.000343311878078012
stl,3381,336,0.00014536242642648745,2.220446049250313e-16,0.00014536226899042326,0.9998546375735734,0.00013503332312980731,2.7848802111485327e-05,1.0,0.00018287504854014314,7.955287515570841e-05
stl,3382,493,0.0007960323471603026,2.220446049250313e-16,0.0007960323438146455,0.9992039676528398,0.0006797694775055874,0.001410304813144636,0.5,0.0005286453487503007,0.00026738699841011293
stl,3388,483,0.0007336757426354978,7.771561172376096e-16,0.0007336757153340034,0.9992663242573644,0.0006644906973677367,0.0014330421367449997,0.5,0.0005043301595514804,0.0002293455830848501
stl,3390,525,0.0005460009636315544,2.220446049250313e-16,0.0005460005460005135,0.9994539990363687,0.00038800930032845127,0.0008410828394783687,0.5,0.00040707368821563117,0.00013892727541575667
stl,3393,462,0.00010877428219435714,2.220446049250313e-16,0.00010877427036082299,0.9998912257178055,7.909746948742136e-05,3.077769858550461e-05,1.0,0.00013327736242818577,4.2918976832617695e-05
stl,3398,547,8.989032610173808e-05,2.220446049250313e-16,8.989005817205964e-05,0.9999101096738983,7.195803983295335e-05,2.1988323733124204e-05,1.5,0.00011507350629941238,2.4282712047879462e-05
stl,3402,684,0.0007336757506237745,4.440892098500626e-16,0.0007336757153337814,0.9992663242493763,0.0006011819380020711,0.0012429219082943366,0.5,0.0005272340572535228,0.00020644169337036278
stl,3406,636,0.0007249761698200352,0.0,0.0007249760846755882,0.9992750238301799,0.0007108245487066345,0.001734300975572256,0.5,0.0004545550735930437,0.0002704210962269915
stl,3411,645,0.0001242161735230951,4.440892098500626e-16,0.0001242161647503348,0.9998757838264769,8.63742785064403e-05,3.622451572860008e-05,1.0,0.0001512748312825496,4.639844405662785e-05
stl,3419,574,7.934905158824002e-05,2.220446049250313e-16,7.93490505298644e-05,0.9999206509484118,5.231786429527041e-05,8.96085706036942e-05,0.5,5.688504295853214e-05,2.2464008629485832e-05
stl,3421,695,0.0007028652308473937,0.0,0.0007028652127566426,0.9992971347691527,0.0006205268114681806,0.0014216233718731264,0.5,0.00044371043800767174,0.00025915479283966647
stl,3423,648,0.0006928056598525245,0.0,0.0006928056541809502,0.9993071943401475,0.0007120690863532397,0.0017455612915527885,0.5,0.00038844397840839817,0.0003043616814440986
stl,3431,540,0.0008059112500653498,1.1102230246251565e-16,0.0008059112444090966,0.9991940887499345,0.0007030849393708793,0.0014770370446088865,0.5,0.000537771346735938,0.0002681399033297449
stl,3436,704,0.0007302275189124963,2.220446049250313e-16,0.0007302275165056438,0.9992697724810876,0.0007989440060098274,0.002026573718133251,0.5,0.00038266468136508025,0.00034756283754733275
stl,3440,640,0.0006968478025242142,2.220446049250313e-16,0.0006968477506338333,0.999303152197476,0.0005890171429976943,0.0013354109329855035,0.5,0.0004621250533438648,0.00023472274918001634
stl,3442,699,0.0007458756027469704,0.0,0.0007458756012295176,0.9992541243972529,0.0007763923381849946,0.0019149112025074744,0.5,0.0003983832108798435,0.00034749239186726566
stl,3448,487,0.0008557185711048909,1.1102230246251565e-16,0.0008557182976580702,0.9991442814288952,0.0003791257471543741,0.0008851302472681066,1.0,0.0007255985811260579,8.31352925151907e-05
stl,3450,468,0.00015706212229793515,0.0,0.0001570621108064607,0.9998429378777021,0.00010700157157750301,4.407284176677351e-05,1.0,0.00019098038879111767,5.7148742143797726e-05
stl,3455,626,0.0008334159750886805,1.1102230246251565e-16,0.0008334159630029037,0.9991665840249112,0.000738802237343017,0.0015702774898204153,0.5,0.0005639148476215827,0.0002695011274672643
stl,3457,693,0.0006969987179230586,1.1102230246251565e-16,0.0006969987166767222,0.999303001282077,0.0007486087601546731,0.001869741725302132,0.5,0.00036296859637865997,0.00033403012154431533
stl,3465,406,0.0009349730045278282,4.440892098500626e-16,0.0009349730017994551,0.9990650269954722,0.0008785222805515747,0.0019061064775004466,0.5,0.0005889803606329846,0.0003459926438953431
stl,3466,627,0.0008562988935618687,3.3306690738754696e-16,0.0008562987966936886,0.9991437011064381,0.0003906573573538852,0.0008873812330703057,1.0,0.0007191911115676242,9.741805375107493e-05
stl,3473,690,0.0006679280795862663,2.220446049250313e-16,0.0006679280762980078,0.999332071920414,0.0007151699957450575,0.0017844333305660487,0.5,0.00035903242694676485,0.00030889565263925167
stl,3474,462,0.0001695456739918555,0.0,0.00016954563696947034,0.9998304543260081,0.0001243546179421351,4.920221527759949e-05,1.0,0.00021064959887256984,5.980625895346536e-05
stl,3478,540,0.0008605454142582847,1.1102230246251565e-16,0.0008605454116071831,0.9991394545857417,0.0007388932515656199,0.0015354531595987986,0.5,0.0005661016807226305,0.00029444373353582076
stl,3483,684,0.00011747650277404986,0.0,0.00011747648192550475,0.9998825234972258,9.301411014472905e-05,3.0425157051094942e-05,1.0,0.00014469373278447328,5.345317504207303e-05
stl,3490,679,0.0007336757261451332,1.1102230246251565e-16,0.0007336757153338924,0.9992663242738549,0.0005343491925441368,0.0010438686567720845,0.5,0.000533713078551934,0.0001999626475933658
stl,3496,541,8.626397483646464e-05,2.220446049250313e-16,8.62639709120483e-05,0.9999137360251635,6.1814096275703e-05,2.3724222120602434e-05,0.5,0.000128034900004792,4.1770925168271855e-05
stl,3494,627,0.0007336757432196972,2.220446049250313e-16,0.0007336757153337814,0.9992663242567803,0.0005260925173956599,0.0010281522022510536,0.5,0.0005478008228232967,0.00018587492039667808
stl,3500,652,0.0008435390088958883,4.440892098500626e-16,0.0008435390076340088,0.9991564609911042,0.0006983232125998828,0.0014222352672972338,0.5,0.0005534183284931493,0.00029012068040301653
stl,3504,604,0.0007336757728275689,3.3306690738754696e-16,0.0007336757153338924,0.9992663242271723,0.0005295987032528648,0.001043330093532746,0.5,0.0005554931307699129,0.00017818264205793355
stl,3512,615,0.000128074617063767,2.220446049250313e-16,0.00012807461160646572,0.9998719253829361,9.54754007626013e-05,0.00017185581795375882,0.5,8.903045573682711e-05,3.9044161326939886e-05
stl,3514,406,0.000733675724969185,1.1102230246251565e-16,0.0007336757153337814,0.9992663242750311,0.0006256921497469481,0.0013050771460867416,0.5,0.000501927730714613,0.00023174799425451642
stl,3516,568,0.0007336757171412245,1.1102230246251565e-16,0.0007336757153337814,0.9992663242828586,0.0005701492000506625,0.0011314811434339767,0.5,0.0004997182568853287,0.00023395746025622888
stl,3525,562,0.0008791874397606758,4.440892098500626e-16,0.0008791874385217779,0.9991208125602393,0.0008688487954722768,0.0019248492740252532,0.5,0.00052678945827489,0.0003523979814861189
stl,3526,658,0.0008876413755090073,2.220446049250313e-16,0.0008876413751564005,0.999112358624491,0.0007933643506615184,0.0016663677617119177,0.5,0.0005415682004156208,0.0003460731750937196
stl,3530,539,0.0007336757210527622,1.1102230246251565e-16,0.0007336757153336704,0.9992663242789475,0.0006175869922742105,0.0012768238518904296,0.5,0.0004976399717563362,0.000236035749296426
stl,3536,494,8.840867163195654e-05,2.220446049250313e-16,8.840837868018259e-05,0.9999115913283679,7.275973282583337e-05,2.080349367794554e-05,1.5,0.00011384694223287584,2.5138970977278685e-05
stl,3538,298,0.0007479406288464219,2.220446049250313e-16,0.0007479406228524388,0.9992520593711537,0.0006939289920354086,0.0016186324621780268,0.5,0.00044531595772828725,0.0003026246711179681
stl,3543,567,0.0007110253128799204,2.220446049250313e-16,0.0007110252975962572,0.9992889746871201,0.0007763757020411988,0.0019779765162219465,0.5,0.0003962709116355212,0.00031475440124451026
stl,3547,520,0.0007425569711214663,1.1102230246251565e-16,0.0007425569693292333,0.9992574430288785,0.0008288608139801479,0.00212831750233744,0.5,0.0003804603655521155,0.00036209660556940637
stl,3554,676,0.00014079378766207462,2.220446049250313e-16,0.00014079374284636792,0.9998592062123379,9.921584988892285e-05,3.8993252224450714e-05,1.5,0.00017567289823872123,3.915165416407129e-05
stl,3553,591,0.0001257263941738529,2.220446049250313e-16,0.00012572634900787083,0.999874273605826,9.844275542647551e-05,3.409391490727387e-05,1.0,0.00015752874000829475,4.91519328043033e-05
stl,3559,285,0.00013096373407206485,4.440892098500626e-16,0.00013096338687734743,0.9998690362659277,0.00012142035111661897,2.710027743724197e-05,1.0,0.00017067445398094572,5.629766356080035e-05
stl,3567,341,0.00012134049586598472,4.440892098500626e-16,0.0001213404940633156,0.9998786595041339,8.030115048573983e-05,3.51563894548379e-05,1.0,0.00014329532739615347,5.02138433485233e-05
stl,3573,547,7.785417297490049e-05,0.0,7.785342061628064e-05,0.9999221458270251,6.902328630120635e-05,1.582938356281538e-05,1.5,0.00010174603420193273,2.215582220058132e-05
stl,3569,682,0.0007178182655978027,0.0,0.0007178182201978967,0.9992821817344022,0.0005889519583998082,0.0013165756898435577,0.5,0.000480324592325998,0.00023749367327152715
stl,3579,409,0.00017404725725089776,4.440892098500626e-16,0.00017404716602509307,0.999825952742749,0.00014184564873209737,4.5821581573957104e-05,1.0,0.00022032588877696213,6.860810856484933e-05
stl,3582,495,0.0007401120316250509,4.440892098500626e-16,0.0007401120081327317,0.9992598879683748,0.0007701532528844868,0.0019196032038586996,0.5,0.0004303929048127819,0.00030971912681199143
stl,3587,697,0.0007233483023727505,1.1102230246251565e-16,0.000723348301787996,0.9992766516976272,0.0007538699595279197,0.0018529681475775717,0.5,0.00037636846458596884,0.00034697983778697594
stl,3591,413,0.0006968644920803957,3.3306690738754696e-16,0.0006968644911071742,0.9993031355079194,0.0006952013254282741,0.001665745680241082,0.5,0.0003782770021569237,0.00031858748992386055
stl,3597,374,0.0001413345478322725,2.220446049250313e-16,0.00014133450408093662,0.9998586654521676,9.753267340872895e-05,3.95578553056275e-05,1.5,0.00017574668325820442,3.750776271449485e-05
stl,3599,452,0.0007349931367031104,0.0,0.0007349931045902425,0.9992650068632972,0.0006198639285977525,0.00139823492037916,0.5,0.0004812908151334283,0.00025370232156907147
stl,3602,684,0.00010446201323555115,2.220446049250313e-16,0.00010446199559221991,0.9998955379867642,8.278254380522654e-05,2.651462522273995e-05,1.0,0.00012532827724692774,5.3844059374030806e-05
stl,3608,533,0.0001474441125020043,0.0,0.00014744410809841568,0.9998525558874979,8.930664861450666e-05,4.27467949717375e-05,1.0,0.00017806462550667979,4.1431152650428515e-05
stl,3614,646,0.0007517709698796615,0.0,0.0007517709393414229,0.9992482290301201,0.0008849233179497595,0.0023647972753880198,0.5,0.00040872338943570563,0.0003430475804440114
stl,3618,688,0.0009158135989377758,6.661338147750939e-16,0.0009158135980606996,0.9990841864010622,0.0010215434817149593,0.0024128155000895934,0.5,0.0005034577354319225,0.0004123558635064084
stl,3620,422,0.0007977995153667372,3.3306690738754696e-16,0.0007977994668901811,0.9992022004846335,0.0004328165039790832,0.0008892664014438223,0.5,0.0006648049605471607,0.0001329945548197431
stl,3625,476,0.00018533316243951603,4.440892098500626e-16,0.00018533312156399084,0.9998146668375603,0.00015701897573061618,0.0002999800168809186,0.5,0.00012996253944935754,5.537062298999196e-05
stl,3631,425,0.00010572036312339606,2.220446049250313e-16,0.00010572035525602264,0.9998942796368764,8.109011553480983e-05,0.00014808696834256452,0.5,7.422466621404e-05,3.149569690918952e-05
stl,3632,668,0.0007190693470309206,0.0,0.0007190693377353563,0.9992809306529691,0.0005935976525741071,0.001312435915759802,0.5,0.00046068674636334794,0.0002583826006676837
stl,3640,419,7.360078068474607e-05,2.220446049250313e-16,7.360077599316561e-05,0.9999263992193153,4.531703125065789e-05,2.1042284465533356e-05,1.0,8.92956081103291e-05,2.035307017311805e-05
stl,3642,242,8.772571540527352e-05,4.440892098500626e-16,8.772568936021852e-05,0.9999122742845946,6.059959134896431e-05,2.4273684264386475e-05,1.0,0.0001089915162403865,2.4668907508518245e-05
stl,3648,465,0.00012795352997718723,2.220446049250313e-16,0.00012795352191141696,0.9998720464700229,8.9966630049787e-05,3.694762705452881e-05,1.0,0.00015556842490033196,4.9647677360264986e-05
stl,3653,242,0.00012234551852019493,1.1102230246251565e-16,0.00012234550710998882,0.9998776544814799,7.7138587678105e-05,3.514714422858667e-05,1.0,0.00014943890266816418,3.224851104738358e-05
stl,3656,610,8.570485580738918e-05,4.440892098500626e-16,8.570485347147994e-05,0.9999142951441929,5.958117117443873e-05,0.00010437296909782123,0.5,6.135714914823343e-05,2.434770665848962e-05
stl,3658,546,0.0007336757297005114,4.440892098500626e-16,0.0007336757153337814,0.9992663242702994,0.0005206959972430258,0.0010087547338936131,0.5,0.0005416734787710431,0.00019200225092996792
stl,3665,718,0.0006722539376506909,2.220446049250313e-16,0.0006722539313637199,0.9993277460623494,0.0008424705957065792,0.0023057235292829326,0.5,0.0003312559736823595,0.0003409979639681371
stl,3666,408,8.875552896636663e-05,2.220446049250313e-16,8.875549099318647e-05,0.9999112444710335,6.170460412335821e-05,2.448380164365993e-05,1.5,0.00011052058105159857,2.389342457914667e-05
stl,3671,615,0.0009010019473487674,3.3306690738754696e-16,0.0009010019438907557,0.9990989980526512,0.0008846778094571128,0.00196209345235987,0.5,0.0005593999591145815,0.00034160198823451893
stl,3677,715,0.00012210678094604077,2.220446049250313e-16,0.00012210677575519302,0.999877893219054,8.864938490105168e-05,3.361282982938807e-05,1.0,0.00014545896827905525,5.65064599613585e-05
stl,3678,374,0.00013149187109018357,2.220446049250313e-16,0.00013149185409022657,0.9998685081289099,8.66864185438132e-05,3.740624791959135e-05,1.0,0.00016184425282039783,3.6306107056405246e-05
stl,3683,242,0.00010219062423777459,4.440892098500626e-16,0.00010219058786353763,0.9998978093757623,7.312513202561988e-05,2.7820719838533847e-05,1.0,0.00012775261461112075,3.0011737209179046e-05
stl,3686,424,0.0009005075329919787,2.220446049250313e-16,0.0009005073234116256,0.9990994924670079,0.0003185799525378119,0.0007915706235350761,1.0,0.0007878291687688221,5.939747252620142e-05
stl,3694,605,0.0009187880260657089,1.1102230246251565e-16,0.0009187877475950179,0.9990812119739343,0.00028591378407016865,0.0007429852514180268,1.0,0.0008177203268408262,5.6142958197169524e-05
stl,3698,422,0.0007336757326474874,0.0,0.0007336757153337814,0.9992663242673525,0.0005099538647695967,0.0009812252634806562,0.5,0.0005474396574350893,0.0001862360752126202
stl,3699,722,0.0007103383224784654,1.1102230246251565e-16,0.0007103383224554838,0.9992896616775215,0.0005277442512289787,0.0010780694705823657,0.5,0.00042357840604057007,0.00028675991643800636
stl,3703,373,9.129351469638891e-05,2.220446049250313e-16,9.129328740675735e-05,0.9999087064853034,7.051370983734984e-05,2.327904905685685e-05,1.5,0.00011600450825793862,2.3416890735261653e-05
stl,3712,251,0.00014429910542501645,4.440892098500626e-16,0.00014429838722396227,0.999855700894575,0.00013546340249281918,2.996524437026693e-05,1.5,0.00018983002297862095,5.67370012828361e-05
stl,3713,546,0.0008039125167060845,2.220446049250313e-16,0.0008039124525722752,0.9991960874832937,0.0004430195373061885,0.0009304857824420365,0.5,0.0006726376095493314,0.0001312749071569197
stl,3716,729,0.0006656330492860185,2.220446049250313e-16,0.0006656327581152643,0.999334366950714,0.0009172364568410529,0.002702128017573413,0.5,0.0003606187065867683,0.00030501434269947225
stl,3726,691,0.0009135202344250359,4.440892098500626e-16,0.0009135202329698666,0.9990864797655749,0.0007762504394177583,0.0016016803243632527,0.5,0.0005938122088284259,0.0003197080255969986
stl,3727,605,0.00014705298821726664,4.440892098500626e-16,0.00014705278859994397,0.9998529470117827,0.00012530464131987884,3.675271195358043e-05,1.0,0.00018882730653280166,5.652755983692748e-05
stl,3730,573,0.00011726381839838318,2.220446049250313e-16,0.00011726352184071587,0.9998827361816016,9.553403477302602e-05,2.8295466879768583e-05,1.5,0.00015067402013091424,3.303984453700837e-05
stl,3733,41,2.333688797762079e-12,2.220446049250313e-16,0.0,0.9999999999976663,1.3379664043355888e-10,3.711198015565742e-11,0.5,1.3336204363056936e-10,1.330294763235429e-10
stl,3738,309,0.00015296710248158263,2.220446049250313e-16,0.00015296661678931844,0.9998470328975185,0.00013913769229745299,3.4242817845253626e-05,1.5,0.00019965169062463595,5.9681943659739556e-05
stl,3743,411,9.352966981346356e-05,2.220446049250313e-16,9.352966403131102e-05,0.9999064703301864,6.9131806303524e-05,0.00012441042176325467,0.5,6.694110542909693e-05,2.6588564384089075e-05
stl,3746,576,0.0005460018946461531,0.0,0.0005460005460006245,0.9994539981053538,0.00048667202811325527,0.001173001211320246,0.5,0.0003892322942811721,0.00015676960036470344
stl,3750,580,0.0008607637543418534,3.3306690738754696e-16,0.0008607637500593901,0.999139236245658,0.0007659365903098792,0.0016216810524820602,0.5,0.0005645630804240742,0.00029620067391833427
stl,3756,476,0.0008540316492462452,1.1102230246251565e-16,0.0008540316486056465,0.9991459683507541,0.0008758112560785514,0.0019714436163801308,0.5,0.000490523116204733,0.0003635085330415677
stl,3762,568,0.0009183809818038569,2.220446049250313e-16,0.0009183809807633558,0.9990816190181958,0.0007583952092568014,0.0015425350104599778,0.5,0.0005996662373308759,0.000318714744473203
stl,3763,487,0.0008773550351699466,4.440892098500626e-16,0.0008773550350165138,0.9991226449648299,0.0008399080740309484,0.0018199920329609598,0.5,0.000502696746427389,0.00037465828874294616
stl,3770,640,0.0006495335256722079,0.0,0.0006495333857819974,0.9993504664743278,0.0005776972068183839,0.001352654898841843,0.5,0.00043348671049525667,0.00021604681517706226
stl,3772,712,0.0008635464128678993,0.0,0.0008635460692612007,0.999136453587132,0.00034706605292322834,0.0008194302911848084,1.0,0.0007446424965431298,7.117776660064967e-05
stl,3779,346,0.00019239511318502878,0.0,0.00019239399334047835,0.999807604886815,0.00018110060499498815,4.094457294678833e-05,1.5,0.0002537666201582467,7.1705437481695e-05
stl,3780,645,0.00011649639515320942,4.440892098500626e-16,0.00011649639325506111,0.999883503604847,7.778442959993637e-05,3.3306099175178794e-05,0.5,0.00017030303228948718,5.3806637136721847e-05
stl,3789,599,0.0009273364573392229,5.551115123125783e-16,0.0009273364557428332,0.9990726635426609,0.0008974552933117552,0.0019714776309949222,0.5,0.0005659787485353673,0.00036135770880441065
stl,3790,659,0.0007336757239242431,2.220446049250313e-16,0.0007336757153338924,0.9992663242760758,0.0006289705460810202,0.0013140267707910658,0.5,0.0004993022660989554,0.00023437345782550967
stl,3792,314,0.00011666765823581393,0.0,0.00011666764862217072,0.9998833323417642,8.824268111751188e-05,3.1302919273001883e-05,1.0,0.00014121276044798403,5.361205363230148e-05
stl,3796,541,0.000798049964434,3.3306690738754696e-16,0.0007980499555322318,0.999201950035566,0.0007307999213835847,0.0015734684692653156,0.5,0.000528127829126146,0.0002699221353081871
stl,3805,385,0.00015940754422727466,0.0,0.0001594073071942148,0.9998405924557726,0.00012108233756213949,4.201269572412514e-05,1.5,0.00020184613052243172,4.017659769026127e-05
stl,3807,573,9.337102678363962e-05,0.0,9.337098939188326e-05,0.9999066289732164,6.472276635949292e-05,2.5825352630848286e-05,1.5,0.00011620081565172358,2.5093566256462196e-05
stl,3812,686,0.0007336758183646985,2.220446049250313e-16,0.0007336757153338924,0.9992663241816353,0.0007592415690816923,0.0017578952538859216,0.5,0.0004978502822868269,0.00023582553607814916
stl,3813,696,0.000694316825291974,2.220446049250313e-16,0.0006943168252894205,0.999305683174708,0.0004966554594578454,0.000990401641279004,0.5,0.00040904200055219553,0.00028527482473994503
stl,3822,466,0.0008666522681983757,5.551115123125783e-16,0.0008666522676962218,0.9991333477318014,0.000760435384305036,0.0015845634627644767,0.5,0.0005393395352529251,0.00032731273294628327
stl,3821,547,0.00010541622283710694,4.440892098500626e-16,0.00010541496408567053,0.9998945837771631,0.00010434838760131626,1.8247828362127905e-05,1.5,0.00014052795719465827,4.211512573160103e-05
stl,3829,525,0.0008660868079588546,1.1102230246251565e-16,0.0008660867336476308,0.999133913192041,0.00038003414567588933,0.0008676360476651546,1.0,0.0007313308492712389,9.487454699480535e-05
stl,3831,419,0.00020027635045716252,0.0,0.0002002763415458464,0.9997997236495428,0.00014167195856473747,5.786511416783213e-05,1.0,0.0002428441777468926,8.013421855618263e-05
stl,3837,677,0.000700050937810115,0.0,0.0007000509378076725,0.9992999490621898,0.0004996102247701861,0.0009958364096363248,0.5,0.0004132139846002164,0.00028683695320996794
stl,3840,419,0.00012481631333494114,2.220446049250313e-16,0.00012481630805671884,0.9998751836866651,8.798072756643904e-05,3.553483083507114e-05,1.0,0.00015034472159897172,5.179583851405711e-05
stl,3844,314,0.0001219364185538474,0.0,0.00012193641142055345,0.999878063581446,9.005620319679775e-05,3.3346358179531244e-05,1.0,0.0001467625813127149,5.529043369845166e-05
stl,3848,242,0.00010200826049366896,2.220446049250313e-16,0.00010200821934114312,0.9998979917395064,7.239018436533406e-05,2.791290279979819e-05,1.5,0.0001274496182562812,2.8661055730461182e-05
stl,3852,456,0.0001926787648751649,2.220446049250313e-16,0.0001926787432615651,0.9998073212351247,0.00014325833086048512,5.4535231548857865e-05,1.0,0.00023752313096037092,7.614191209792676e-05
stl,3856,374,0.00011974311076645705,0.0,0.00011974307380602234,0.9998802568892337,7.836269614136526e-05,3.407505351682438e-05,1.5,0.00014753328224348383,2.8967387227685215e-05
stl,3862,708,0.00015327329556313884,2.220446049250313e-16,0.00015327284403099384,0.9998467267044368,0.00012495168191306583,3.732953299251385e-05,1.5,0.00019679391088384124,4.061447958947362e-05
stl,3863,309,0.0001277697240433806,2.220446049250313e-16,0.00012776870342179336,0.9998722302759568,0.00012623934505495704,2.213949024509887e-05,1.5,0.0001698661860558004,5.334437581855367e-05
stl,3871,719,0.0008404265789532239,4.440892098500626e-16,0.0008404265757231411,0.9991595734210469,0.0007489706879480473,0.0015843489660554155,0.5,0.0005466475308912311,0.0002937790480622704
stl,3874,374,7.734243348034298e-05,2.220446049250313e-16,7.734241224677252e-05,0.9999226575665197,5.6027209971665215e-05,2.0700025812336875e-05,1.0,9.634273059844212e-05,2.5930471008739353e-05
stl,3875,749,0.0007406713855098168,2.220446049250313e-16,0.000740671268581794,0.99925932861449,0.000877814687661238,0.002369965117790196,0.5,0.00042254100416444507,0.0003181303813452052
stl,3883,453,0.0008708027207520175,1.1102230246251565e-16,0.0008708027205095448,0.9991291972792476,0.0008674380348648869,0.00191977464579407,0.5,0.0004936340939507566,0.0003771686268015939
stl,3888,723,0.0009112125469621368,3.3306690738754696e-16,0.0009112125311767638,0.9990887874530382,0.000995681672008475,0.002346665909861656,0.5,0.0005631947370389745,0.00034801780992321785
stl,3890,748,0.00073367575239347,3.3306690738754696e-16,0.0007336757153340034,0.9992663242476066,0.0005894561279500277,0.001208978503843161,0.5,0.000531488775550204,0.00020218697684348808
stl,3896,341,0.0001239792747464996,2.220446049250313e-16,0.00012397927267382425,0.9998760207252534,8.172555981111884e-05,3.6162417684004744e-05,1.0,0.0001470834029009549,4.9685572308166837e-05
stl,3900,695,0.0007340088618335017,0.0,0.0007340088038774173,0.9992659911381663,0.0006496135531460778,0.0015054753055132597,0.5,0.00047784374753734316,0.00025616511429626954
stl,3902,735,0.00018866194809286085,0.0,0.00018866193997557623,0.9998113380519071,0.0001307425969472309,5.524641480847414e-05,1.0,0.00022872903348511442,7.236049161307712e-05
stl,3907,384,0.0007336761339524767,3.3306690738754696e-16,0.0007336757153338924,0.9992663238660475,0.000707066034030035,0.0015996241939680855,1.0,0.0005112018550772202,0.00019947603277159498
stl,3912,738,0.0007478522283785871,0.0,0.0007478522210094818,0.9992521477716215,0.000879489446138304,0.002337047077765997,0.5,0.00038670389705550146,0.00036114833132283586
stl,3915,676,9.434189470902687e-05,0.0,9.43418928001094e-05,0.999905658105291,5.574051513002054e-05,2.71860771456911e-05,1.0,0.00011302106383814792,2.7553707068750377e-05
stl,3917,594,0.0007484969272626429,0.0,0.0007484969226364546,0.9992515030727375,0.0007193452993490834,0.0017061605449165684,0.5,0.0004335378743674789,0.0003149590528949142
stl,3921,570,0.00012342965981604337,0.0,0.00012342955924893317,0.9998765703401837,9.272318830344517e-05,3.2596113509031355e-05,1.5,0.00015602500895384175,3.465038005229237e-05
stl,3925,757,0.0006758481729953747,0.0,0.0006758481385344961,0.9993241518270046,0.0006053891443731363,0.0014030524184607263,0.5,0.00043169345179283614,0.00024415472120253856
stl,3934,757,0.0007639272190314017,2.220446049250313e-16,0.0007639270486371474,0.9992360727809684,0.0009697965272711939,0.0027313614064070624,0.5,0.00042365962210783037,0.0003402675969234048
stl,3935,408,8.330454725857805e-05,0.0,8.33045164259083e-05,0.9999166954527415,6.17819142867404e-05,2.19413123145884e-05,1.0,0.00010434529155761707,2.8052523795174533e-05
stl,3940,633,0.0008706915123499748,2.220446049250313e-16,0.0008706914962878232,0.9991293084876504,0.0008478037916255232,0.001885784495079923,0.5,0.0005700469792592755,0.00030064453309064376
stl,3942,409,0.0007336757233853408,1.1102230246251565e-16,0.0007336757153336704,0.9992663242766145,0.0006391273582060375,0.0013442523488633729,0.5,0.0004950913493633746,0.00023858437402213273
stl,3949,493,0.0008535989772275876,5.551115123125783e-16,0.0008535989770647179,0.9991464010227723,0.0008404754672975967,0.0018459120066322554,0.5,0.00048171097426708,0.00037188800296117375
stl,3953,676,8.45373208238076e-05,2.220446049250313e-16,8.453730924651293e-05,0.9999154626791761,5.702303750587667e-05,2.361947853324331e-05,1.0,0.00010414842023093174,2.568857116630463e-05
stl,3954,453,0.000914594861929352,2.220446049250313e-16,0.0009145948617760302,0.9990854051380706,0.0007993275238901143,0.0016579708870541054,0.5,0.0005521372545972958,0.0003624576073324448
stl,3963,633,0.0008733522325554688,3.3306690738754696e-16,0.0008733522186026299,0.9991266477674445,0.000839117358687469,0.0018532169675726795,0.5,0.0005727226302734145,0.0003006296022821653
stl,3961,713,0.0007189574562067591,4.440892098500626e-16,0.0007189574561982104,0.9992810425437931,0.0004941158615018038,0.0009716178372767281,0.5,0.00044009789671503596,0.0002788595594922505
stl,3968,468,0.00014488567626358417,0.0,0.00014488531983114505,0.9998551143237364,0.00011379111963072397,3.683614305272087e-05,1.5,0.00018458049687847256,3.65528843925822e-05
stl,3974,776,0.0007273158525236134,3.3306690738754696e-16,0.0007273158524423451,0.9992726841474764,0.000616525436596238,0.0013501049806185772,0.5,0.000411857512068986,0.00031545834045465515
stl,3977,406,0.0008960168062817075,3.3306690738754696e-16,0.0008960163180413705,0.9991039831937184,0.0002555750943855628,0.0006409322579137289,1.0,0.0008087256840122459,4.656036382383322e-05
stl,3983,374,7.399050803469365e-05,1.1102230246251565e-16,7.399048274214781e-05,0.9999260094919652,5.133374886479025e-05,2.0351630991344294e-05,1.0,9.20021773898605e-05,2.0913977872905054e-05
stl,3984,721,0.00019604497125391696,2.220446049250313e-16,0.0001960442342087143,0.9998039550287461,0.0001706268559633628,4.963376197508751e-05,1.5,0.0002544984029749786,6.559471552564089e-05
stl,3988,641,0.0008075793486133076,4.440892098500626e-16,0.0008075792500331636,0.9991924206513867,0.0004582545274883776,0.000985841761596662,1.0,0.0006513266082511515,0.00012960962261515663
stl,3991,558,0.00015917330801151763,4.440892098500626e-16,0.00015917330228543136,0.9998408266919884,0.0001142614400976294,4.4571960434502955e-05,1.0,0.0001903686024857798,7.090526793768204e-05
stl,4000,631,0.0007101491552816697,0.0,0.0007101491549287298,0.9992898508447183,0.0004316741311968242,0.0008205420491789184,0.5,0.00048731994872922013,0.0002228292065524773
stl,3998,720,0.00014450476242888755,4.440892098500626e-16,0.00014450475269278673,0.9998554952375712,9.876245198159328e-05,4.2765984556103476e-05,1.0,0.00017600085245411679,5.1691303068812644e-05
stl,4008,341,9.253931317143582e-05,4.440892098500626e-16,9.253931261832271e-05,0.9999074606868286,5.7273322848550023e-05,2.68198003249287e-05,0.5,0.00013318490094066382,4.0645587769505553e-05
stl,4011,745,0.0008785856948718695,3.3306690738754696e-16,0.0008785856948154702,0.9991214143051281,0.0008766183235053848,0.001936930119881719,0.5,0.00047629958148553975,0.00040228611338666287
stl,4013,615,0.0009194473108318224,4.440892098500626e-16,0.000919447309993271,0.9990805526891681,0.0008534221329667968,0.0018321632183258552,0.5,0.0005630264468154955,0.00035642086401665996
stl,4017,411,0.00010935628972696954,4.440892098500626e-16,0.0001093558811371409,0.999890643710273,9.929111957784897e-05,2.418245073343428e-05,1.5,0.00014264108785333462,4.292706633240995e-05
stl,4021,564,0.00013996212332600955,2.220446049250313e-16,0.00013996212265698915,0.9998600378766742,8.950688180914268e-05,0.00015016780161836163,0.5,9.505009927457397e-05,4.4912024051102506e-05
stl,4026,496,0.0007336757540330474,2.220446049250313e-16,0.0007336757153338924,0.9992663242459668,0.0005203799065158776,0.0010151041297026264,0.5,0.0005535617029924222,0.00018011405104101375
stl,4030,658,0.0008512564538172285,2.220446049250313e-16,0.0008512564092238994,0.9991487435461829,0.0003310783951117058,0.0007098084921862702,1.0,0.000732888434458151,8.990977127115718e-05
stl,4033,568,0.0008836561637930451,3.3306690738754696e-16,0.0008836561636862417,0.9991163438362068,0.0008190653350831356,0.001745218168374807,0.5,0.000510948726864302,0.00037270743692896513
stl,4042,242,0.00010589071610755951,2.220446049250313e-16,0.00010589070766231501,0.9998941092838923,7.967443479850456e-05,2.846899234087985e-05,1.0,0.0001279959974900824,4.85558693147925e-05
stl,4044,691,0.0009231411644052834,3.3306690738754696e-16,0.0009231411638931375,0.9990768588355947,0.0008238895977693006,0.0017327700179565197,0.5,0.000569151426632164,0.00035398973777345244
stl,4046,627,0.0009239486368395333,3.3306690738754696e-16,0.0009239459134912087,0.9990760513631605,0.0003062545503136338,0.0009002343260409162,1.0,0.0008277041389421758,6.960161722330271e-05
stl,4054,456,0.0001226177623530056,4.440892098500626e-16,0.00012261768641863569,0.9998773822376468,9.786910893261336e-05,3.290031859060072e-05,1.0,0.00015490805014911624,4.642135256655022e-05
stl,4059,311,0.0009153272973270177,2.220446049250313e-16,0.0009153272966204717,0.9990846727026728,0.0007894802579899163,0.0016354098013791063,0.5,0.0005794642912076431,0.0003358630061193191
stl,4057,719,0.0006635150832765557,0.0,0.000663514950707933,0.9993364849167233,0.0006267762630846052,0.0015073110467351825,0.5,0.0004302716447397992,0.00023324343853670104
stl,4063,710,0.0007108797028965164,2.220446049250313e-16,0.0007108796791538419,0.9992891202971034,0.000636627646674992,0.0014716573483757323,0.5,0.00044891368065047565,0.00026196602224615173
stl,4068,750,0.0009077855232630938,5.551115123125783e-16,0.0009077855231134357,0.9990922144767369,0.0007961593547270995,0.00165374726912354,0.5,0.0005466453927857606,0.00036114013047772175
stl,4070,781,0.0006655402391357867,2.220446049250313e-16,0.0006655401877335709,0.9993344597608642,0.0006639939832454034,0.0016246928201177901,0.5,0.00040764655474467837,0.00025789368439088634
stl,4079,631,0.0007034907753067365,4.440892098500626e-16,0.0007034907749275954,0.9992965092246933,0.000613878269468876,0.0013679742589454147,0.5,0.0004047657828804285,0.0002987249924258917
stl,4082,569,0.0001198058301059568,2.220446049250313e-16,0.00011980582389481409,0.9998801941698944,7.814641194214822e-05,3.5911299869351154e-05,1.0,0.00014487356948575392,4.0796078825566795e-05
stl,4083,425,0.0007336760903204897,6.661338147750939e-16,0.0007336757153341145,0.9992663239096796,0.0006960792704212571,0.001562191418166159,1.0,0.0005138523111871685,0.00019845151709835251
stl,4087,757,0.0007336757571532182,0.0,0.0007336757153337814,0.9992663242428471,0.0005456643372532266,0.001085184763685354,0.5,0.0005465844425518451,0.00018709131460137307
stl,4095,738,0.0006920045731755309,0.0,0.0006920045710729905,0.9993079954268244,0.0007781614243529966,0.0019968628171248004,0.5,0.0003547914371317684,0.0003372131360437347
stl,4098,783,0.0007517116587232309,2.220446049250313e-16,0.0007517116260833401,0.9992482883412769,0.0007089076415406348,0.0016853357945759706,0.5,0.000466195841612449,0.00028551581711067087
stl,4102,708,0.00019649148187261822,4.440892098500626e-16,0.00019649147577971426,0.9998035085181274,0.00014485907815853238,0.00025861255735726285,0.5,0.00013434611515961148,6.21453667127847e-05
stl,4106,781,0.000697846847897976,3.3306690738754696e-16,0.0006978468471385835,0.999302153152102,0.0007208311031536296,0.0017592606695639446,0.5,0.0003678881267432099,0.00032995872115504365
stl,4107,776,0.0007095112186679131,0.0,0.0007095105072141283,0.9992904887813321,0.001262934892653944,0.0044020923967232894,0.5,0.00033491644500360795,0.00037459477366430516
stl,4112,737,0.0006610428288196246,0.0,0.0006610428069466767,0.9993389571711807,0.0005805342458111151,0.001327763387122538,0.5,0.00042104918266971936,0.00023999364614979424
stl,4119,503,0.0007398971551708655,1.1102230246251565e-16,0.0007398971509002816,0.9992601028448289,0.0007947829332926037,0.0020000580073890606,0.5,0.0003992901065695553,0.0003406070486015045
stl,4120,576,0.0007336757280989037,3.3306690738754696e-16,0.0007336757153337814,0.999266324271901,0.0005343618173275777,0.0010450641238108904,0.5,0.0005356973072776494,0.00019797842082169836
stl,4127,657,0.00016565525809753012,2.220446049250313e-16,0.00016565477408936324,0.9998343447419025,0.0001291653496873213,4.263799795589662e-05,1.5,0.00021043667800108024,3.9334065333074264e-05
stl,4130,754,0.0007029717694235771,1.1102230246251565e-16,0.0007029717694000404,0.9992970282305764,0.0004721970699185507,0.0009210939796924777,0.5,0.00044175092513898395,0.00026122084428459313
stl,4131,780,0.0006869291525331,0.0,0.0006869291525259946,0.9993130708474668,0.0005073906222169411,0.0010287913186152742,0.5,0.0004036792326823635,0.0002832499198508476
stl,4136,687,0.0007336757323144205,2.220446049250313e-16,0.0007336757153337814,0.9992663242676857,0.000525285294241673,0.0010223469782028038,0.5,0.0005421255103358336,0.00019155022197869798
stl,4139,411,0.00018062520440009777,4.440892098500626e-16,0.00018062474664770622,0.9998193747955998,0.00016261076329393553,4.160540891051667e-05,1.5,0.00023516603183981744,7.007666591729578e-05
stl,4143,678,0.0007305062104316917,2.220446049250313e-16,0.0007305024445577457,0.9992694937895683,0.00020908129094143746,0.0006771656792554648,1.0,0.0006574898908186522,5.1135188739448445e-05
stl,4149,437,0.00016220129197686006,0.0,0.00016220127155441855,0.9998377987080231,0.00011060720249944644,4.5772964274437555e-05,1.0,0.00020043165433625276,4.857899300275692e-05
stl,4152,591,0.00014819109908792427,4.440892098500626e-16,0.0001481910885868798,0.9998518089009121,9.966880432121794e-05,4.431251144554338e-05,1.0,0.0001804730149495004,5.087596721914389e-05
stl,4158,580,0.0008211106723443606,3.3306690738754696e-16,0.0008211105576193534,0.9991788893276558,0.00046400121613698886,0.0010282543430005786,1.0,0.000662693906225087,0.00012562453570741372
stl,4161,535,0.00014984310939003542,0.0,0.0001498424204083859,0.9998501568906102,0.00012338362003450065,3.59497163016087e-05,1.5,0.00019247644685266296,3.756071253793736e-05
stl,4165,410,0.00012594282009059654,2.220446049250313e-16,0.00012593897093637896,0.9998740571799095,0.0001291581858129387,1.9962717509924843e-05,1.5,0.00016964147143810893,4.538589014216332e-05
blk,3331,242,0.0005460023739558562,3.3306690738754696e-16,0.0005460005460005135,0.9994539976260444,0.0002635744258561168,0.0005854164800207506,0.5,0.0004361491705219267,0.00010985320343426253
blk,3333,573,0.0005460010833706619,3.3306690738754696e-16,0.0005460005460006245,0.9994539989166292,0.0003068328456340419,0.0006942453893348799,0.5,0.00041158909910743446,0.0001344119842635605
blk,3338,425,9.756892163848008e-05,0.0,9.756892163848008e-05,0.9999024310783612,2.1292240173720334e-05,1.7109568267170694e-05,0.5,0.00011453694720520158,1.6968025566499456e-05
blk,3342,422,7.238522188890428e-05,2.220446049250313e-16,7.238522176566953e-05,0.9999276147781112,4.362903502652671e-05,2.0458277052881613e-05,0.5,0.00010432662870868414,3.194140682016844e-05
blk,3348,678,0.0007561282548440573,0.0,0.0007561246346876604,0.9992438717451558,0.0008186891779456973,0.0025164951734057417,0.5,0.0004596787660255952,0.00029644948881868416
blk,3351,540,0.0009104762090708096,0.0,0.0009104762090709206,0.9990895237909291,0.00039455006723837505,0.0006011512113102135,0.5,0.0006637967779861698,0.0002466794310848064
blk,3357,568,0.00016626078202630623,0.0,0.00016625788065394165,0.9998337392179735,0.00020738851611046272,1.9733519654785425e-05,1.5,0.00023287021444423628,9.039564277735224e-05
blk,3358,655,0.000677266451750258,1.1102230246251565e-16,0.000677266426357126,0.9993227335482497,0.0005392208825016342,0.0013348470823821568,0.5,0.00042122874317937486,0.0002560377085709664
blk,3362,580,0.0001382471161142096,0.0,0.00013824711611409857,0.9998617528838857,1.423415202389533e-05,1.2916088724251873e-05,0.5,0.00015078824000136493,1.2541123887044314e-05
blk,3369,555,8.553488470841586e-05,2.220446049250313e-16,8.553488457296865e-05,0.9999144651152915,5.0987713265615575e-05,8.217081311423513e-05,0.5,6.332936046288262e-05,2.2205524245366703e-05
blk,3372,667,0.0007579740437200222,2.220446049250313e-16,0.0007579740437193561,0.9992420259562801,0.00022812151765028155,0.00035699758414849125,0.5,0.0005932010841751267,0.00016477295954508975
blk,3381,336,0.0001453622689906453,2.220446049250313e-16,0.00014536226899042326,0.9998546377310095,1.7905474490792495e-05,1.5961928772012524e-05,0.5,0.0001619584158883136,1.6596146897973618e-05
blk,3382,493,0.0007960323438149786,2.220446049250313e-16,0.0007960323438146455,0.9992039676561848,0.0003547715038952348,0.0005466882502764836,0.5,0.0005821195784741218,0.00021391276534088455
blk,3388,483,0.0007336757153337814,2.220446049250313e-16,0.0007336757153340034,0.9992663242846663,0.000189814591110532,0.0002501498695498816,0.5,0.0005965805598400209,0.00013709515549409357
blk,3390,525,0.0005460073669458776,2.220446049250313e-16,0.0005460005460005135,0.999453992633054,0.00031913862286869765,0.000774877714431299,0.5,0.00042542042035070837,0.00012058694659500269
blk,3393,462,0.00010877427036048992,2.220446049250313e-16,0.00010877427036082299,0.9998912257296395,1.720117745482308e-05,1.48134858408977e-05,0.5,0.0001237635761881517,1.4989305827883825e-05
blk,3398,547,8.989005817205964e-05,0.0,8.989005817205964e-05,0.999910109941828,1.106054699037684e-05,9.82214707839768e-06,0.5,9.920794521880993e-05,9.317887047055606e-06
blk,3402,684,0.0007336757198337374,0.0,0.0007336757153337814,0.9992663242801663,0.0005482236908994631,0.0010600135236611408,0.5,0.0005268495868942513,0.00020682613293954155
blk,3406,636,0.0007249760849397102,3.3306690738754696e-16,0.0007249760846755882,0.9992750239150602,0.00028543697520652667,0.0005136283511015249,0.5,0.0005522811111582093,0.0001726949737818062
blk,3411,645,0.00012421616475011277,2.220446049250313e-16,0.0001242161647503348,0.9998757838352497,2.378844215339404e-05,1.9802875195762404e-05,0.5,0.00014416731815131145,1.9951153401254196e-05
blk,3419,574,7.934905052975338e-05,2.220446049250313e-16,7.93490505298644e-05,0.9999206509494701,5.883080176447009e-06,6.32996219544768e-06,0.5,7.401579499971556e-05,5.333255530093339e-06
blk,3421,695,0.0007028652215637088,1.1102230246251565e-16,0.0007028652127566426,0.9992971347784364,0.000372418922670148,0.0007703898511504104,0.5,0.0005068655741500838,0.0001959996474137915
blk,3423,648,0.0006928056541819494,1.1102230246251565e-16,0.0006928056541809502,0.9993071943458182,0.00022013954776953226,0.0003520525955320736,0.5,0.0005379712007287513,0.00015483445345298996
blk,3431,540,0.0008059112445901739,1.1102230246251565e-16,0.0008059112444090966,0.9991940887554098,0.0005816942245759349,0.001092437277962377,0.5,0.0005455937231746977,0.00026031752141553177
blk,3436,704,0.0007302275175629092,2.220446049250313e-16,0.0007302275165056438,0.999269772482437,0.0004745121359365778,0.0010437237773913977,0.5,0.00047280967018883957,0.0002574178473743194
blk,3440,640,0.0006968477506776871,2.220446049250313e-16,0.0006968477506338333,0.9993031522493222,0.00021487768315558986,0.0003545222502279455,0.5,0.0005579307741957196,0.00013891697648238388
blk,3442,699,0.0007458756012297396,2.220446049250313e-16,0.0007458756012295176,0.9992541243987703,0.0002392072449952931,0.00038145434070002704,0.5,0.0005744735166435394,0.0001714020845863251
blk,3448,487,0.0008557187067776972,1.1102230246251565e-16,0.0008557182976580702,0.9991442812932223,0.0004161039916313891,0.0009999657379833327,1.0,0.0007166752283886968,7.907101016979556e-05
blk,3450,468,0.00015706211081178978,2.220446049250313e-16,0.0001570621108064607,0.9998429378891883,6.822157302743825e-05,4.177953486672603e-05,0.5,0.00020264147887361084,4.557936806193208e-05
blk,3455,626,0.0008334159630027926,1.1102230246251565e-16,0.0008334159630029037,0.999166584036997,0.00021960286624159164,0.0002903599187734085,0.5,0.0006739449822087129,0.000159470980794163
blk,3457,693,0.0006969992650431855,2.220446049250313e-16,0.0006969987166767222,0.9993030007349567,0.0007952969525061304,0.002451707703507,0.5,0.0003874277498936429,0.0003095715151494316
blk,3465,406,0.0009349730017995661,0.0,0.0009349730017994551,0.9990650269982004,0.0004375765373367535,0.0006841126607925463,0.5,0.0006657899461548211,0.00026918305564482825
blk,3466,627,0.0008562987966940216,0.0,0.0008562987966936886,0.999143701203306,9.002562312501738e-05,0.00011532771042402357,0.5,0.0007908342438897042,6.54645528043174e-05
blk,3473,690,0.0006679281114361224,3.3306690738754696e-16,0.0006679280762980078,0.9993320718885639,0.0005526212122605734,0.0013972307088048197,0.5,0.0004105508333015484,0.00025737727813479605
blk,3474,462,0.00016954563696947034,2.220446049250313e-16,0.00016954563696947034,0.9998304543630304,4.4696499728436034e-05,3.4463052669742034e-05,0.5,0.00020369362879013586,3.4147991820776546e-05
blk,3478,540,0.0008605454116075162,0.0,0.0008605454116071831,0.9991394545883925,0.00038281173872578567,0.0005891516162145338,0.5,0.0006273281202934522,0.00023321729131409175
blk,3483,684,0.00011747648211102302,0.0,0.00011747648192550475,0.9998825235178889,7.337039950616742e-05,3.296655857520925e-05,0.5,0.00016482432412334713,4.734784201249065e-05
blk,3490,679,0.0007336757153337814,0.0,0.0007336757153338924,0.999266324284666,0.00016096288352143717,0.00020526763417882954,0.5,0.0006159155568104535,0.00011776015852349442
blk,3496,541,8.626397091182625e-05,2.220446049250313e-16,8.62639709120483e-05,0.9999137360290881,1.168715264440734e-05,1.0285780820462609e-05,0.5,9.70705679746442e-05,1.080659706298448e-05
blk,3494,627,0.0007336757153337814,0.0,0.0007336757153337814,0.9992663242846662,0.0001271500813660731,0.00015518090212562896,0.5,0.000636338713286555,9.733700204717088e-05
blk,3500,652,0.0008435390076337868,0.0,0.0008435390076340088,0.9991564609923659,0.0002403902081622722,0.0003232124738357378,0.5,0.0006688525659699074,0.00017468644166418468
blk,3504,604,0.0007336757153335594,0.0,0.0007336757153338924,0.9992663242846664,0.00016483483022114442,0.00021233097957937264,0.5,0.000618496890704312,0.00011517882462941387
blk,3512,615,0.0001280746116436582,4.440892098500626e-16,0.00012807461160646572,0.9998719253883562,7.356407212705252e-05,0.00011664501587205223,0.5,9.118753493436715e-05,3.688707670901348e-05
blk,3514,406,0.0007336757153340034,1.1102230246251565e-16,0.0007336757153337814,0.9992663242846659,0.0003126633263556555,0.0004759577454038766,0.5,0.0005472526799856492,0.00018642303534854854
blk,3516,568,0.0007336757168006081,2.220446049250313e-16,0.0007336757153337814,0.9992663242831993,0.0005983453271016792,0.0011938899753328736,0.5,0.0004956436435046285,0.0002380320732963126
blk,3525,562,0.0008791874385214449,0.0,0.0008791874385217779,0.9991208125614784,0.00023164853915934314,0.0003044034800516737,0.5,0.0007004938595826099,0.00017869357893884885
blk,3526,658,0.0008876413751561785,0.0,0.0008876413751564005,0.9991123586248436,0.00022211088086909747,0.00028842084754689135,0.5,0.0007143469688582343,0.00017329440629809678
blk,3530,539,0.0007336757153337814,2.220446049250313e-16,0.0007336757153336704,0.9992663242846662,0.0001861848841474001,0.0002438940509568721,0.5,0.0005968524478745241,0.00013682326745911855
blk,3536,494,8.840837868007156e-05,2.220446049250313e-16,8.840837868018259e-05,0.9999115916213198,2.0820026420009796e-05,1.6367107168735462e-05,0.5,0.00010366064172079303,1.5252263040443914e-05
blk,3538,298,0.0007479406228965146,0.0,0.0007479406228524388,0.9992520593771033,0.00030022861331441275,0.0005342130221857588,0.5,0.000558644129204644,0.00018929649369214818
blk,3543,567,0.0007110252975963682,2.220446049250313e-16,0.0007110252975962572,0.9992889747024036,0.00020221574053130853,0.00031127203122387204,0.5,0.0005643960107599849,0.00014662928683650822
blk,3547,520,0.0007425569693295664,1.1102230246251565e-16,0.0007425569693292333,0.9992574430306703,0.00020364535758100877,0.0003063126308465794,0.5,0.0005888655184569866,0.0001536914508728504
blk,3554,676,0.00014079376405895516,2.220446049250313e-16,0.00014079374284636792,0.999859206235941,0.00010229498483038668,3.5218967413319646e-05,1.5,0.00017701356192789675,3.954730401467543e-05
blk,3553,591,0.0001257263490077598,2.220446049250313e-16,0.00012572634900787083,0.9998742736509921,3.680055412080829e-05,2.7378412270795405e-05,0.5,0.0001539121570647839,2.818580805719062e-05
blk,3559,285,0.0001309633868782356,2.220446049250313e-16,0.00013096338687734743,0.9998690366131219,5.4704788508885827e-05,3.4693938352425846e-05,0.5,0.00016924400101847592,3.828061414057338e-05
blk,3567,341,0.0001213404960889175,4.440892098500626e-16,0.0001213404940633156,0.9998786595039111,8.95375073000082e-05,3.130435141007748e-05,1.0,0.00014690034986489242,5.364784482103646e-05
blk,3573,547,7.785342061628064e-05,1.1102230246251565e-16,7.785342061628064e-05,0.9999221465793837,1.4636961142178162e-05,1.2133748462206384e-05,0.5,8.927459681928873e-05,1.1421176203008088e-05
blk,3569,682,0.0007178182211236006,3.3306690738754696e-16,0.0007178182201978967,0.9992821817788761,0.00027449297289544594,0.0004972733154576803,0.5,0.0005570320506638193,0.00016078617046011434
blk,3579,409,0.00017404717501001699,6.661338147750939e-16,0.00017404716602509307,0.9998259528249896,0.00013236299096441861,4.470156136737735e-05,1.0,0.00021675388425257403,6.757072973101463e-05
blk,3582,495,0.0007401121456651616,1.1102230246251565e-16,0.0007401120081327317,0.9992598878543348,0.0005707979497920346,0.0014235155929871457,0.5,0.0004833304732038135,0.0002567816724614591
blk,3587,697,0.0007233483018216358,0.0,0.000723348301787996,0.9992766516981783,0.0003820067639935254,0.0007507992331852315,0.5,0.0004913993636088826,0.00023194893821276708
blk,3591,413,0.0006968644911169442,1.1102230246251565e-16,0.0006968644911071742,0.9993031355088831,0.00030838231495269874,0.0005602549299697779,0.5,0.0004993716420243349,0.00019749284909265086
blk,3597,374,0.0001413345040808256,0.0,0.00014133450408093662,0.9998586654959191,2.191251949251738e-05,1.8839830598360585e-05,0.5,0.00015894097040114463,1.7606466320096992e-05
blk,3599,452,0.0007349931151252598,1.1102230246251565e-16,0.0007349931045902425,0.9992650068848749,0.00036049341767940835,0.0007283482168489175,0.5,0.0005445831096022591,0.0001904100055230007
blk,3602,684,0.00010446199559432934,2.220446049250313e-16,0.00010446199559221991,0.9998955380044056,4.868929269630229e-05,2.8653220295660198e-05,0.5,0.00014202738157864658,3.756538598465031e-05
blk,3608,533,0.00014744410809819364,1.1102230246251565e-16,0.00014744410809841568,0.9998525558919016,1.6812407720223632e-05,1.5086898742300292e-05,0.5,0.00016195525185072612,1.4511143752282685e-05
blk,3614,646,0.0007517849014031519,1.1102230246251565e-16,0.0007517709393414229,0.9992482150985967,0.0009854953364986097,0.003420001149110785,0.5,0.00043474756272010584,0.0003170373386831571
blk,3618,688,0.0009158135980611437,3.3306690738754696e-16,0.0009158135980606996,0.9990841864019389,0.0005270845415726588,0.0008870661636775079,0.5,0.0005941833614881986,0.0003216302365733892
blk,3620,422,0.0007977994971697377,0.0,0.0007977994668901811,0.9992022005028304,0.0004446913366702443,0.0009054558927330536,1.0,0.0006440146469872676,0.00013385304402385723
blk,3625,476,0.0001853331215637688,2.220446049250313e-16,0.00018533312156399084,0.9998146668784363,3.079087463514485e-05,3.600500766956505e-05,0.5,0.00016045157000213472,2.488155156121774e-05
blk,3631,425,0.00010572035525591161,0.0,0.00010572035525602264,0.999894279644744,1.5752217202930074e-05,1.815125032966769e-05,0.5,9.269851808667295e-05,1.3021837169335804e-05
blk,3632,668,0.0007190693492171718,2.220446049250313e-16,0.0007190693377353563,0.9992809306507826,0.00038366797283573284,0.0007985936986323328,0.5,0.0005190800212367119,0.0001999893279808207
blk,3640,419,7.360077599338766e-05,2.220446049250313e-16,7.360077599316561e-05,0.9999263992240066,8.901152050433403e-06,7.921243042663395e-06,0.5,8.11868196911314e-05,7.586043697438427e-06
blk,3642,242,8.772568951265214e-05,2.220446049250313e-16,8.772568936021852e-05,0.9999122743104877,4.613405709308349e-05,2.4097927164068444e-05,1.0,0.00010322839758775126,2.326789407663954e-05
blk,3648,465,0.0001279536901266365,4.440892098500626e-16,0.00012795352191141696,0.9998720463098733,0.00012394805969595524,1.8771081688129243e-05,1.5,0.00016895713600401097,5.62122811305632e-05
blk,3653,242,0.0001223455071124313,1.1102230246251565e-16,0.00012234550710998882,0.9998776544928876,4.704394239762877e-05,3.065037306559937e-05,0.5,0.00014992690859594315,2.7581401483456336e-05
blk,3656,610,8.570485347192403e-05,4.440892098500626e-16,8.570485347147994e-05,0.9999142951465284,1.1874793238969561e-05,1.3560089407782527e-05,0.5,7.582346813395091e-05,9.881385337529025e-06
blk,3658,546,0.0007336757153337814,2.220446049250313e-16,0.0007336757153337814,0.9992663242846662,0.00012701665839826015,0.00015480845503726415,0.5,0.0006355523338658353,9.812338146775179e-05
blk,3665,718,0.0006722539313637199,2.220446049250313e-16,0.0006722539313637199,0.9993277460686361,0.00022957786129491897,0.0003718186337486329,0.5,0.0005088538304822282,0.00016340010088145007
blk,3666,408,8.875549099318647e-05,2.220446049250313e-16,8.875549099318647e-05,0.9999112445090068,2.46738338358643e-05,1.843120639632989e-05,0.5,0.00010555774867038181,1.680225767752841e-05
blk,3671,615,0.0009010019438910888,0.0,0.0009010019438907557,0.999098998056109,0.000467098623199963,0.0007577087149798767,0.5,0.0006247596976013958,0.00027624224628974847
blk,3677,715,0.00012210677575530404,0.0,0.00012210677575519302,0.9998778932242447,1.4318557502002172e-05,1.2835279118744714e-05,0.5,0.0001353695031349189,1.326272737967038e-05
blk,3678,374,0.0001314918540908927,2.220446049250313e-16,0.00013149185409022657,0.9998685081459094,1.4084005526548982e-05,1.272125661100354e-05,0.5,0.00014368312979717857,1.2191275706396887e-05
blk,3683,242,0.00010219058786775648,2.220446049250313e-16,0.00010219058786353763,0.9998978094121322,4.255484880910654e-05,2.652320512874784e-05,0.5,0.0001274298860920453,2.5239298224344342e-05
blk,3686,424,0.000900507667400019,0.0,0.0009005073234116256,0.9990994923326002,0.00035218400023118157,0.0009073992852490775,1.0,0.0007800329425983188,6.632516748306116e-05
blk,3694,605,0.000918787747595573,0.0,0.0009187877475950179,0.9990812122524045,7.24863554507349e-05,0.00010072765462085242,0.5,0.0008714039017211905,4.738384587421596e-05
blk,3698,422,0.0007336758155065404,2.220446049250313e-16,0.0007336757153337814,0.9992663241844933,0.0006205985350860033,0.0012878088516738995,1.0,0.0005315396852769438,0.0001881955699071236
blk,3699,722,0.0007103383230626648,0.0,0.0007103383224554838,0.9992896616769373,0.00042613698828317115,0.0008998214692688411,0.5,0.00047237247028225626,0.000237965852780464
blk,3703,373,9.129328740709042e-05,0.0,9.129328740675735e-05,0.9999087067125928,2.2360335801774323e-05,1.7366661074380563e-05,0.5,0.00010695737864296895,1.566409123587853e-05
blk,3712,251,0.00014429838722374022,4.440892098500626e-16,0.00014429838722396227,0.9998557016127763,4.0497635177993985e-05,3.058960969376523e-05,0.5,0.0001751916094318018,3.089322220839463e-05
blk,3713,546,0.0008039124525727193,0.0,0.0008039124525722752,0.9991960875474273,9.77958765919773e-05,0.00012052547782154255,0.5,0.0007297883371910341,7.412411538165742e-05
blk,3716,729,0.0006656327589893429,0.0,0.0006656327581152643,0.9993343672410105,0.0003641173622218885,0.0007413262914626462,0.5,0.0004611131124056811,0.0002045196465837451
blk,3726,691,0.0009135202329701997,1.1102230246251565e-16,0.0009135202329698666,0.9990864797670299,0.00032020978548780166,0.000455877222035328,0.5,0.0006955044327340287,0.00021801580023605993
blk,3727,605,0.00014705278859983295,4.440892098500626e-16,0.00014705278859994397,0.9998529472114001,2.9283567639093455e-05,2.4201387259115137e-05,0.5,0.00017118623125664256,2.4133442657281456e-05
blk,3730,573,0.00011726354615548829,2.220446049250313e-16,0.00011726352184071587,0.9998827364538444,8.668588189242321e-05,2.870498442408831e-05,1.5,0.00014795606916379045,3.317147383175012e-05
blk,3733,41,0.0,4.440892098500626e-16,0.0,1.0000000000000002,1.322876808096396e-10,5.040168282732793e-11,0.5,1.322876808096396e-10,1.322878473430933e-10
blk,3738,309,0.0001529666168025301,4.440892098500626e-16,0.00015296661678931844,0.9998470333831976,7.294993253426085e-05,4.2646665333601064e-05,0.5,0.00019931525835126251,4.6348641549176506e-05
blk,3743,411,9.352966403142204e-05,2.220446049250313e-16,9.352966403131102e-05,0.9999064703359687,2.1018865662580932e-05,2.5856646870048294e-05,0.5,7.793608002176766e-05,1.5593584009376826e-05
blk,3746,576,0.0005460005739084117,3.3306690738754696e-16,0.0005460005460006245,0.9994539994260916,0.00022539320108910799,0.0004397749574632792,0.5,0.00042977056715345907,0.00011623000675520245
blk,3750,580,0.0008607637500592791,1.1102230246251565e-16,0.0008607637500593901,0.9991392362499406,0.00018515609813742062,0.00023341757428310683,0.5,0.0007160621068594553,0.00014470164319990708
blk,3756,476,0.0008540316486058686,0.0,0.0008540316486056465,0.9991459683513941,0.000283275883868353,0.0003945456413309012,0.5,0.0006453316028309231,0.000208700045775001
blk,3762,568,0.0009183809816595279,2.220446049250313e-16,0.0009183809807633558,0.9990816190183401,0.0007995762352385749,0.0016413754127497793,0.5,0.0005934673385639688,0.0003249136430953925
blk,3763,487,0.0008773550374283623,2.220446049250313e-16,0.0008773550350165138,0.9991226449625716,0.0010970352491174729,0.0027211212135450635,0.5,0.000478081834254962,0.0003992732031737889
blk,3770,640,0.0006495333913330015,3.3306690738754696e-16,0.0006495333857819974,0.9993504666086671,0.00028322216859116844,0.0005464096285566766,0.5,0.0004949941613499598,0.00015453922998320824
blk,3772,712,0.0008635460692612007,2.220446049250313e-16,0.0008635460692612007,0.9991364539307387,9.218222861223646e-05,0.00012409015618591868,0.5,0.0008023898265581142,6.115624270319753e-05
blk,3779,346,0.00019239399335280183,2.220446049250313e-16,0.00019239399334047835,0.9998076060066471,8.895716426615685e-05,5.330216455479153e-05,0.5,0.00024818554415312333,5.5791550800599055e-05
blk,3780,645,0.00011649639325628236,2.220446049250313e-16,0.00011649639325506111,0.9998835036067436,5.1881412368004476e-05,3.151169438708745e-05,0.5,0.00015695228176332288,4.045588850720705e-05
blk,3789,599,0.0009273364557427222,0.0,0.0009273364557428332,0.9990726635442572,0.00035990382918202335,0.0005271908156890825,0.5,0.0006828917491229214,0.00024444470661988404
blk,3790,659,0.0007336757153346696,2.220446049250313e-16,0.0007336757153338924,0.9992663242846656,0.00033335179302840245,0.0005186384951358369,0.5,0.000540088948509182,0.00019358676682557086
blk,3792,314,0.00011666764862194867,4.440892098500626e-16,0.00011666764862217072,0.9998833323513782,2.229189137889498e-05,1.853038250204664e-05,0.5,0.00013621220935627898,1.9544560734718885e-05
blk,3796,541,0.0007980499555322318,2.220446049250313e-16,0.0007980499555322318,0.9992019500444675,0.0001225909838622058,0.00014546026332429296,0.5,0.0006957843017754428,0.0001022656537571498
blk,3805,385,0.00015940731323271784,0.0,0.0001594073071942148,0.9998405926867672,0.00010138709669438306,4.302625633356705e-05,1.0,0.0001954928679321899,4.0282496376997656e-05
blk,3807,573,9.337109949170141e-05,1.1102230246251565e-16,9.337098939188326e-05,0.9999066289005085,7.603361283825549e-05,1.9720952897817057e-05,1.5,0.00012014729180787054,2.5350579548361063e-05
blk,3812,686,0.0007336757168205921,0.0,0.0007336757153338924,0.9992663242831793,0.0005862463672208218,0.0011595180344237122,0.5,0.0005000766455416916,0.00023359907127895596
blk,3813,696,0.0006943168252901977,0.0,0.0006943168252894205,0.9993056831747101,0.00025335927567439465,0.00042093973129943285,0.5,0.0005168729180230619,0.0001774439072669276
blk,3822,466,0.0008666522676961108,2.220446049250313e-16,0.0008666522676962218,0.9991333477323039,0.00025304840676604323,0.0003414023433547797,0.5,0.0006787313351218488,0.0001879209325745812
blk,3821,547,0.0001054149640855595,4.440892098500626e-16,0.00010541496408567053,0.9998945850359143,1.656136110883555e-05,1.428362830147023e-05,0.5,0.00011964243718784462,1.4227473102534915e-05
blk,3829,525,0.0008660867350291923,1.1102230246251565e-16,0.0008660867336476308,0.9991339132649708,0.0003009155022297705,0.0005943625312764267,0.5,0.0007643288673647719,0.00010175786766453143
blk,3831,419,0.00020027634154518026,0.0,0.0002002763415458464,0.9997997236584547,2.2624932409481824e-05,2.0395071238021867e-05,0.5,0.00022085748356398538,2.0581142018860632e-05
blk,3837,677,0.0007000509378078945,0.0,0.0007000509378076725,0.999299949062192,0.00022966050552890305,0.0003664811920040395,0.5,0.0005340586768946554,0.00016599226091329466
blk,3840,419,0.00012481630805716293,0.0,0.00012481630805671884,0.9998751836919432,1.4000891971205354e-05,1.2619631593768776e-05,0.5,0.00013763963019661207,1.2823322139698945e-05
blk,3844,314,0.00012193641142044243,2.220446049250313e-16,0.00012193641142055345,0.9998780635885796,2.429733373338072e-05,2.0023894582749113e-05,0.5,0.00014311992197788004,2.118351055757639e-05
blk,3848,242,0.00010200821935724136,2.220446049250313e-16,0.00010200821934114312,0.9998979917806426,4.58143109491882e-05,2.7161980419410092e-05,1.0,0.00011664401074773512,2.5406328031163383e-05
blk,3852,456,0.000192678743261121,2.220446049250313e-16,0.0001926787432615651,0.9998073212567388,5.276963888545261e-05,4.017920690346788e-05,0.5,0.0002342256606978066,4.1546917436852127e-05
blk,3856,374,0.00011974307380668847,1.1102230246251565e-16,0.00011974307380602234,0.9998802569261934,1.0486152212468847e-05,9.64985584606115e-06,0.5,0.00012889913341518344,9.156059608383949e-06
blk,3862,708,0.0001532728440323261,2.220446049250313e-16,0.00015327284403099384,0.9998467271559677,5.603996380865173e-05,3.7529852712325784e-05,0.5,0.00018685994411271611,3.358710008039001e-05
blk,3863,309,0.0001277687034244579,4.440892098500626e-16,0.00012776870342179336,0.9998722312965755,5.6138459172405675e-05,3.4567401457241687e-05,0.5,0.00016556161099318123,3.779290756922293e-05
blk,3871,719,0.0008404280833058664,1.1102230246251565e-16,0.0008404265757231411,0.9991595719166942,0.0012870756679872475,0.0036686002279169294,1.0,0.0004756517056464238,0.00029061831514259895
blk,3874,374,7.73424122466615e-05,0.0,7.734241224677252e-05,0.9999226575877531,8.173141031464493e-06,7.392513572263004e-06,0.5,8.462212458040796e-05,7.279712333607691e-06
blk,3875,749,0.0007406895725465823,1.1102230246251565e-16,0.000740671268581794,0.9992593104274535,0.0008963402195278913,0.002989994361997095,0.5,0.0004524294221635028,0.00028826015038274644
blk,3883,453,0.0008708027205095448,3.3306690738754696e-16,0.0008708027205095448,0.9991291972794903,0.00022000923300737052,0.00028578156862500703,0.5,0.0006957279470343469,0.00017507477347555866
blk,3888,723,0.0009112125311767638,2.220446049250313e-16,0.0009112125311767638,0.9990887874688232,0.00046154363777908824,0.0007423778346080656,0.5,0.0006359627638370668,0.0002752497673400578
blk,3890,748,0.0007336757153337814,4.440892098500626e-16,0.0007336757153340034,0.9992663242846662,0.00014936601899354085,0.00018749047951288622,0.5,0.0006218565498700146,0.00011181916546409987
blk,3896,341,0.00012398154957793395,4.440892098500626e-16,0.00012397927267382425,0.999876018450422,0.00015134329592569884,1.1147042323855771e-05,1.5,0.00017334001814356403,6.375288205165419e-05
blk,3900,695,0.0007340088040441728,2.220446049250313e-16,0.0007340088038774173,0.9992659911959557,0.000259984103392924,0.00045151807970769675,0.5,0.0005731852533903403,0.00016082355065416554
blk,3902,735,0.00018866193997513214,4.440892098500626e-16,0.00018866193997557623,0.9998113380600249,2.8889186097447173e-05,2.5034220034608756e-05,0.5,0.00021390175835761527,2.5239818382871704e-05
blk,3907,384,0.0007336757153337814,2.220446049250313e-16,0.0007336757153338924,0.9992663242846662,8.933487780515836e-05,0.00010298782763402958,0.5,0.0006587649708203747,7.491074451360102e-05
blk,3912,738,0.0007478522218686834,3.3306690738754696e-16,0.0007478522210094818,0.9992521477781314,0.0004704953872660955,0.0010194880548695384,0.5,0.0004895755686177561,0.0002582766532510661
blk,3915,676,9.434191462864838e-05,2.220446049250313e-16,9.43418928001094e-05,0.9999056580853714,7.207822042376577e-05,2.2294095746833165e-05,1.5,0.00011960817842782134,2.947558508492598e-05
blk,3917,594,0.000748496922668096,1.1102230246251565e-16,0.0007484969226364546,0.9992515030773319,0.0003093028501328088,0.00055413572214838,0.5,0.0005527499629777305,0.00019574695969049039
blk,3921,570,0.00012342955924893317,1.1102230246251565e-16,0.00012342955924893317,0.9998765704407511,1.9707549816783132e-05,1.686248986282335e-05,0.5,0.00013933901699100804,1.5909457741991595e-05
blk,3925,757,0.0006758483143867178,1.1102230246251565e-16,0.0006758481385344961,0.9993241516856132,0.0004433756438033676,0.0010368661033839932,0.5,0.000474156548049276,0.00020169176633777486
blk,3934,757,0.0007639270486765604,0.0,0.0007639270486371474,0.9992360729513234,0.00031702327011942644,0.0005700032033788272,0.5,0.0005642644896783067,0.00019966255899839247
blk,3935,408,8.330451642635239e-05,0.0,8.33045164259083e-05,0.9999166954835739,2.1953059009038878e-05,1.672908430699893e-05,0.5,9.978964818563307e-05,1.6485131759447214e-05
blk,3940,633,0.0008706918643506256,2.220446049250313e-16,0.0008706914962878232,0.9991293081356493,0.0011511099357542909,0.0029972505679196626,1.0,0.0005235165652102136,0.00030011798270068724
blk,3942,409,0.0007336757368108238,2.220446049250313e-16,0.0007336757153336704,0.9992663242631892,0.0007330693288892798,0.0016267290095703935,0.5,0.000490735833615974,0.0002429399031947943
blk,3949,493,0.0008535989770646069,3.3306690738754696e-16,0.0008535989770647179,0.9991464010229354,0.0004326572592550093,0.0006915660092671472,0.5,0.0005747694612823206,0.00027882951578250825
blk,3953,676,8.453737751379364e-05,0.0,8.453730924651293e-05,0.9999154626224862,7.040423273729779e-05,1.732194694459288e-05,1.5,0.00010926664905963612,2.6746900276708452e-05
blk,3954,453,0.0009145948617756972,2.220446049250313e-16,0.0009145948617760302,0.9990854051382241,0.00028057412743731636,0.00038318026408998285,0.5,0.0007054827510843825,0.00020911211069141178
blk,3963,633,0.0008733534155658251,0.0,0.0008733522186026299,0.9991266465844342,0.0012662566911205708,0.0034939548278554167,1.0,0.0005082328003522818,0.0002948265430666175
blk,3961,713,0.0007189574562116441,2.220446049250313e-16,0.0007189574561982104,0.9992810425437884,0.00031957173722990673,0.0005834498742230965,0.5,0.0005156632470021683,0.0002032942092096146
blk,3968,468,0.00014488536649004402,0.0,0.00014488531983114505,0.9998551146335098,0.00010679512369238253,3.545562768625388e-05,1.5,0.00018277730626248267,3.6944004714045686e-05
blk,3974,776,0.0007273158631839749,1.1102230246251565e-16,0.0007273158524423451,0.9992726841368161,0.0005722284237020259,0.0014025385645871635,0.5,0.0004472687215125448,0.00028004714167151334
blk,3977,406,0.0008960163180411485,0.0,0.0008960163180413705,0.9991039836819589,9.150559571025063e-05,0.00013884557273619036,0.5,0.0008463387961514246,4.967752188966834e-05
blk,3983,374,7.399048274203679e-05,2.220446049250313e-16,7.399048274214781e-05,0.9999260095172579,1.086447585491035e-05,9.412400479247296e-06,0.5,8.29402245314248e-05,8.949741789110455e-06
blk,3984,721,0.00019604423420860329,4.440892098500626e-16,0.0001960442342087143,0.9998039557657915,5.593763693945153e-05,4.214522007073285e-05,0.5,0.0002365369308052201,4.0492696597116407e-05
blk,3988,641,0.0008075803027134398,0.0,0.0008075792500331636,0.9991924196972863,0.0005866036483828108,0.0014141029800522897,1.0,0.0006234020213708447,0.0001196417041548492
blk,3991,558,0.00015917330228498727,2.220446049250313e-16,0.00015917330228543136,0.9998408266977148,2.9335745560993276e-05,2.4578991361656755e-05,0.5,0.00018499461855092658,2.582131626605033e-05
blk,4000,631,0.0007101491549295069,3.3306690738754696e-16,0.0007101491549287298,0.9992898508450703,0.00017329941681711036,0.0002606307150846976,0.5,0.0005866213105586993,0.00012352784437119624
blk,3998,720,0.0001445047526926757,2.220446049250313e-16,0.00014450475269278673,0.9998554952473073,4.8680905374964833e-05,3.438486272322461e-05,0.5,0.00017973063446913295,3.52258817767348e-05
blk,4008,341,9.253938737163736e-05,2.220446049250313e-16,9.253931261832271e-05,0.9999074606126286,9.063301719769434e-05,1.2140504521029882e-05,1.0,0.00011721331083219821,5.4296869571590634e-05
blk,4011,745,0.0008785856948150261,0.0,0.0008785856948154702,0.9991214143051849,0.0003374283406715056,0.0004903331904379249,0.5,0.0006334004637959939,0.00024518523101912937
blk,4013,615,0.0009194473099931599,2.220446049250313e-16,0.000919447309993271,0.9990805526900067,0.0004931336434661204,0.0008096598841154101,0.5,0.0006271435883921372,0.00029230372160149454
blk,4017,411,0.00010935588113669681,4.440892098500626e-16,0.0001093558811371409,0.9998906441188633,3.374775839137811e-05,2.463491471726975e-05,0.5,0.00013448092232315467,2.5125041187012975e-05
blk,4021,564,0.0001399621316400257,2.220446049250313e-16,0.00013996212265698915,0.9998600378683599,0.00011955545328490302,0.00022289463272706644,0.5,9.106297755601123e-05,4.889915408379242e-05
blk,4026,496,0.0007336757155833595,0.0,0.0007336757153338924,0.9992663242844169,0.0003822858695554654,0.0006371969857053017,0.5,0.000560373872910358,0.00017330184267294602
blk,4030,658,0.0008512564092240105,1.1102230246251565e-16,0.0008512564092238994,0.9991487435907759,0.00014213285855296798,0.00020896792386559948,0.5,0.0007696042198313546,8.165218939282237e-05
blk,4033,568,0.0008836561703204904,0.0,0.0008836561636862417,0.9991163438296794,0.0011853437745907858,0.003069250529770806,0.5,0.0004801578344670876,0.0004034983358535138
blk,4042,242,0.00010589070766364728,2.220446049250313e-16,0.00010589070766231501,0.9998941092923362,4.8579557949124386e-05,2.88755779114247e-05,0.5,0.00014163867273248032,3.574796506922162e-05
blk,4044,691,0.0009231411638932485,1.1102230246251565e-16,0.0009231411638931375,0.9990768588361068,0.0003221328345171526,0.0004567085445972563,0.5,0.0006958526920111119,0.00022728847188224766
blk,4046,627,0.0009239459134910977,1.1102230246251565e-16,0.0009239459134912087,0.9990760540865089,7.457299670976525e-05,0.00010842679416100953,0.5,0.0008786625745132726,4.528333897790837e-05
blk,4054,456,0.0001226176864181916,4.440892098500626e-16,0.00012261768641863569,0.9998773823135817,3.484030488282164e-05,2.6191395145203078e-05,0.5,0.00014913660005932972,2.651891364158221e-05
blk,4059,311,0.0009153272966209158,0.0,0.0009153272966204717,0.9990846727033793,0.00021575793210483474,0.0002768781324323233,0.5,0.0007471600522657995,0.00016816724435497754
blk,4057,719,0.000689085200817896,0.0,0.000663514950707933,0.9993109147991819,0.0013501149529580037,0.006922325245785288,1.0,0.00041471239168766605,0.00021020917640013348
blk,4063,710,0.0007108796791852612,1.1102230246251565e-16,0.0007108796791538419,0.9992891203208151,0.00024064078856184112,0.0004053491159642375,0.5,0.000555292017603376,0.00015558766158174642
blk,4068,750,0.0009077855231138798,4.440892098500626e-16,0.0009077855231134357,0.9990922144768861,0.00027955285380339145,0.00038210889704606843,0.5,0.0006994380774040104,0.00020834744570963348
blk,4070,781,0.0006655402094157825,2.220446049250313e-16,0.0006655401877335709,0.9993344597905842,0.0003947320711845115,0.0008607657961297588,0.5,0.00046749335390361413,0.00019804685551239043
blk,4079,631,0.0007034907749283725,0.0,0.0007034907749275954,0.9992965092250717,0.00022320892201026232,0.00035560012541571706,0.5,0.0005450228165289062,0.00015846795839935535
blk,4082,569,0.00011980582389470307,2.220446049250313e-16,0.00011980582389481409,0.9998801941761053,3.475734195418356e-05,2.5957269104814884e-05,0.5,0.0001457329277008701,2.5927103806333562e-05
blk,4083,425,0.0007336757153340034,2.220446049250313e-16,0.0007336757153341145,0.999266324284666,0.00015727841945847865,0.00019964017523627087,0.5,0.0006180904065133941,0.0001155853088208314
blk,4087,757,0.0007336757153777462,0.0,0.0007336757153337814,0.9992663242846224,0.0003519698314257136,0.0005665610345647054,0.5,0.0005601650451274587,0.0001735106702500655
blk,4095,738,0.000692004571209992,2.220446049250313e-16,0.0006920045710729905,0.9993079954287899,0.0003977644839405353,0.0008151579052110558,0.5,0.00046065234570931424,0.00023135222550108026
blk,4098,783,0.0007517116290771675,2.220446049250313e-16,0.0007517116260833401,0.9992482883709227,0.0003720567225569127,0.000741647782009941,0.5,0.0005468554781810353,0.00020485615089638198
blk,4102,708,0.00019649147579126058,4.440892098500626e-16,0.00019649147577971426,0.9998035085242087,0.00010198922929294252,0.0001556612677829361,0.5,0.00014047057137683838,5.602090441403362e-05
blk,4106,781,0.0006978468471385835,2.220446049250313e-16,0.0006978468471385835,0.9993021531528614,0.0001619807313943608,0.00023077569307915213,0.5,0.0005707328494037184,0.0001271139977347957
blk,4107,776,0.0007095105072165708,0.0,0.0007095105072141283,0.9992904894927833,0.0002949411939757174,0.00051999028998298,0.5,0.0005143760793319407,0.00019513442788476887
blk,4112,737,0.0006610428069855345,0.0,0.0006610428069466767,0.9993389571930144,0.00022481242706198779,0.0003799383911811949,0.5,0.0005166450465330374,0.0001443977604526081
blk,4119,503,0.0007398971509005037,2.220446049250313e-16,0.0007398971509002816,0.9992601028490994,0.0002117391487316267,0.00032496371857836104,0.5,0.000584330311291556,0.0001555668396093779
blk,4120,576,0.0007336757153346696,0.0,0.0007336757153337814,0.9992663242846653,0.00028188995052885746,0.00041803048059185777,0.5,0.0005696393531927635,0.0001640363621420171
blk,4127,657,0.00016565477417240793,4.440892098500626e-16,0.00016565477408936324,0.9998343452258278,7.650277381243686e-05,4.4467676937554046e-05,1.0,0.00019180248319941584,3.7608742431138875e-05
blk,4130,754,0.0007029717694095883,2.220446049250313e-16,0.0007029717694000404,0.9992970282305904,0.00027655206167714885,0.00048235380299499475,0.5,0.0005227773969745664,0.0001801943724352162
blk,4131,780,0.0006869291525264387,2.220446049250313e-16,0.0006869291525259946,0.9993130708474735,0.00022872504602809707,0.00036756734485826614,0.5,0.0005233319432668554,0.00016359720926006904
blk,4136,687,0.0007336757153342255,0.0,0.0007336757153337814,0.9992663242846659,0.00020327593886823592,0.0002745009851555791,0.5,0.0005986025551063812,0.000135073160227539
blk,4139,411,0.0001806247466471511,6.661338147750939e-16,0.00018062474664770622,0.9998193752533526,4.9177851184079024e-05,3.7542830564729623e-05,0.5,0.00021838148516345468,3.775673851658112e-05
blk,4143,678,0.0007305025521171515,2.220446049250313e-16,0.0007305024445577457,0.9992694974478828,9.941631377585747e-05,0.00024836747427453565,0.5,0.0006973433330600964,3.3159219057221634e-05
blk,4149,437,0.00016220127155452957,3.3306690738754696e-16,0.00016220127155441855,0.9998377987284452,4.069652058641404e-05,3.1534632633334336e-05,0.5,0.0001921213539142208,2.9920082359136124e-05
blk,4152,591,0.00014819108858676877,4.440892098500626e-16,0.0001481910885868798,0.9998518089114132,5.1688044589104365e-05,3.600040102391677e-05,0.5,0.00018451921953144268,3.6328130945118e-05
blk,4158,580,0.0008211105576194644,0.0,0.0008211105576193534,0.9991788894423805,0.00017856616821915194,0.00025865481551978764,0.5,0.00071399969464786,0.0001071108629714379
blk,4161,535,0.00014986199293876012,2.220446049250313e-16,0.0001498424204083859,0.9998501380070614,0.00017184883804599593,6.585682149395922e-06,2.0,0.00019264144902791935,3.390133387970451e-05
blk,4165,410,0.00012593897094292927,4.440892098500626e-16,0.00012593897093637896,0.999874061029057,5.552371406203349e-05,3.420455494607122e-05,0.5,0.0001608471891965113,3.490821825380408e-05
turnover,3331,242,0.0005460005465498519,0.0,0.0005460005460005135,0.99945399945345,0.0008255647999413362,0.0019911311113058883,1.5,0.00033839649874761735,0.0001136688008737674
turnover,3333,573,0.0005460005460959927,3.3306690738754696e-16,0.0005460005460006245,0.9994539994539037,0.0009456190720547042,0.0025033049060676493,1.0,0.00029355402901382055,0.00015530309022099287
turnover,3338,425,9.757125268894384e-05,0.0,9.756892163848008e-05,0.9999024287473108,0.00016594583282314446,9.560298683819468e-05,2.5,0.00013742191626264777,3.3113736126313964e-05
turnover,3342,422,7.238522350094811e-05,2.220446049250313e-16,7.238522176566953e-05,0.9999276147764989,9.767454224585137e-05,2.3926798485618406e-05,1.5,0.00010025624748505324,5.2274723221445996e-05
turnover,3348,678,0.000756124634695432,0.0,0.0007561246346876604,0.9992438753653049,0.001765128015416395,0.0058800256215119084,0.5,0.00040084377732146903,0.0003552808573736854
turnover,3351,540,0.0009104762093778973,2.220446049250313e-16,0.0009104762090709206,0.9990895237906223,0.0019420772320417612,0.005931590217826965,1.0,0.00043716116625480694,0.00028565804690444674
turnover,3357,568,0.00016625788935309416,1.1102230246251565e-16,0.00016625788065394165,0.9998337421106468,0.0002489474633378119,9.909450448031265e-05,2.0,0.0002100829567018292,9.532394145275735e-05
turnover,3358,655,0.0006772664263601236,1.1102230246251565e-16,0.000677266426357126,0.9993227335736398,0.0016920337364429994,0.0059203731564255735,0.5,0.0003236979425575992,0.0003535684838026354
turnover,3362,580,0.00013824712409293838,0.0,0.00013824711611409857,0.9998617528759073,0.00015758738742333023,9.563334242290722e-06,2.0,0.00017384366113792904,4.215542655028326e-05
turnover,3369,555,8.553520875276277e-05,2.220446049250313e-16,8.553488457296865e-05,0.9999144647912472,0.00015760284772214916,0.0004241627186343244,1.5,5.3903924058240626e-05,1.681763891092647e-05
turnover,3372,667,0.000757974043719134,0.0,0.0007579740437193561,0.9992420259562806,0.0013445596756546108,0.0037579140975636527,0.5,0.0003463664780297693,0.00041160756568947576
turnover,3381,336,0.0001453622714358005,2.220446049250313e-16,0.00014536226899042326,0.999854637728564,0.00020273894620737032,5.955386293954312e-05,1.5,0.00020725593852893853,9.744745930159726e-05
turnover,3382,493,0.0007960323438147565,0.0,0.0007960323438146455,0.9992039676561852,0.0007630445545713238,0.0014627136795872797,0.5,0.0005079837036940926,0.00028804864012055287
turnover,3388,483,0.0007336757153395546,3.3306690738754696e-16,0.0007336757153340034,0.9992663242846602,0.0010657833274817508,0.002536511875134373,1.0,0.00041305500422295083,0.00022386065589802273
turnover,3390,525,0.0005460005460333761,2.220446049250313e-16,0.0005460005460005135,0.9994539994539666,0.000746608990326747,0.001705287633801067,1.0,0.00033091664701107026,0.0001363386073627293
turnover,3393,462,0.00010877530977904115,2.220446049250313e-16,0.00010877427036082299,0.999891224690221,0.00021639385716554216,0.0001896575689297464,2.5,0.00015815417464132286,4.891657867901744e-05
turnover,3398,547,8.989024571404158e-05,0.0,8.989005817205964e-05,0.9999101097542858,0.0001216036361171291,3.389624279614978e-05,2.5,0.00012085292383229307,2.059233207234168e-05
turnover,3402,684,0.0007336757154250417,0.0,0.0007336757153337814,0.9992663242845748,0.001114182560420618,0.0027083657376465453,1.0,0.0004293327070329367,0.00018443486798330744
turnover,3406,636,0.0007249760846765874,2.220446049250313e-16,0.0007249760846755882,0.9992750239153237,0.0012129067050744569,0.0031903992496107314,0.5,0.0004270529694554992,0.00029792311522092163
turnover,3411,645,0.00012421678231300248,2.220446049250313e-16,0.0001242161647503348,0.9998757832176874,0.00023398248673434097,0.00018212236672932036,2.5,0.0001784501176523845,5.169776553180794e-05
turnover,3419,574,7.934905090012379e-05,0.0,7.93490505298644e-05,0.9999206509491,0.00010039760914271056,0.00021796424716780116,1.0,4.823368785561444e-05,2.189959679382847e-05
turnover,3421,695,0.0007028652128491242,2.220446049250313e-16,0.0007028652127566426,0.9992971347871509,0.0015950176911099234,0.005123103647260985,1.0,0.0003018717329849041,0.00026231444871177567
turnover,3423,648,0.0006928056548951567,0.0,0.0006928056541809502,0.9993071943451048,0.0022443433427012938,0.009485087346111643,1.0,0.0002305803455515676,0.00029962211190837085
turnover,3431,540,0.0008059112444516181,0.0,0.0008059112444090966,0.9991940887555484,0.001417159948336577,0.0037987364985772043,1.0,0.00041699502862352356,0.0002513317584276753
turnover,3436,704,0.0007302275165061989,1.1102230246251565e-16,0.0007302275165056438,0.999269772483494,0.0015138519557328922,0.004703043089216763,0.5,0.00031445425930348714,0.00041577325720276725
turnover,3440,640,0.0006968477506419379,0.0,0.0006968477506338333,0.9993031522493581,0.0012087941817942038,0.003230706755126267,1.0,0.00034658556485245295,0.00024892447272872875
turnover,3442,699,0.0007458756012921341,0.0,0.0007458756012295176,0.9992541243987075,0.0023339375150454034,0.009765345866902031,0.5,0.00036356699501538525,0.0003823086062767489
turnover,3448,487,0.000855718299628716,1.1102230246251565e-16,0.0008557182976580702,0.9991442817003716,0.0007334683689081967,0.0020888430286478687,1.5,0.0006949163709046857,0.0001380349130482017
turnover,3450,468,0.00015706211092103572,0.0,0.0001570621108064607,0.9998429378890791,0.0001413036336750384,2.4793171577108808e-05,1.5,0.00020494569315648858,6.333791605733774e-05
turnover,3455,626,0.0008334159631147031,1.1102230246251565e-16,0.0008334159630029037,0.9991665840368856,0.0014914592107204694,0.0040366340757658214,1.0,0.00043960406859483436,0.00024259949132215963
turnover,3457,693,0.000696998716770203,0.0,0.0006969987166767222,0.9993030012832301,0.0023320350019233604,0.010234706455583775,0.5,0.00033377097354436724,0.0003632277432256137
turnover,3465,406,0.0009349730018008984,0.0,0.0009349730017994551,0.999065026998199,0.0015353982572998692,0.003975803431799929,1.0,0.0004691767616317455,0.00035668931111504376
turnover,3466,627,0.0008562987975260228,2.220446049250313e-16,0.0008562987966936886,0.9991437012024741,0.0007748776768115029,0.0021903949022490377,1.5,0.0006719468745284285,0.0001480726507797625
turnover,3473,690,0.0006679280763077777,0.0,0.0006679280762980078,0.9993320719236923,0.0018106440375043054,0.006716812272894446,0.5,0.00032437338909185875,0.000343554687215919
turnover,3474,462,0.00016954573895144875,0.0,0.00016954563696947034,0.9998304542610484,0.0002719881210104802,0.00014069634867075465,2.5,0.00023331779180263412,6.218145295718014e-05
turnover,3478,540,0.0008605454116126232,0.0,0.0008605454116071831,0.9991394545883875,0.0013931399702877822,0.003556540415613485,1.0,0.00044750380723088123,0.00029556328993624037
turnover,3483,684,0.00011747648197779625,1.1102230246251565e-16,0.00011747648192550475,0.9998825235180222,0.00013155567737843654,6.492465691732008e-06,1.5,0.0001597669152348935,6.307189404353153e-05
turnover,3490,679,0.0007336757153511009,2.220446049250313e-16,0.0007336757153338924,0.9992663242846487,0.0009839770420256855,0.002224732172332544,1.0,0.00044323542293328577,0.00019036864838395395
turnover,3496,541,8.626397091315852e-05,0.0,8.62639709120483e-05,0.999913736029087,7.537840500826398e-05,1.4210657992230757e-05,1.0,0.00010597124845262984,4.7993083034048034e-05
turnover,3494,627,0.0007336757162734742,2.220446049250313e-16,0.0007336757153337814,0.9992663242837265,0.0011468461275301323,0.0028205507470080438,1.5,0.0004546673431515269,0.00014882634314022924
turnover,3500,652,0.0008435390086187766,1.1102230246251565e-16,0.0008435390076340088,0.9991564609913811,0.0018960045386804403,0.005987200443768881,1.5,0.0004115490829292301,0.00024639449407981573
turnover,3504,604,0.0007336757158624696,1.1102230246251565e-16,0.0007336757153338924,0.9992663242841374,0.0010579712743230552,0.0024763167693948596,1.5,0.00046560699131303895,0.0001462354370880825
turnover,3512,615,0.00012807465837472165,2.220446049250313e-16,0.00012807461160646572,0.9998719253416253,0.00021912645604471592,0.0005664562151621588,1.5,7.162615156142138e-05,3.323434270768866e-05
turnover,3514,406,0.0007336757153337814,0.0,0.0007336757153337814,0.9992663242846661,0.0008741461722672206,0.0018647331976620052,1.0,0.00044321226208157705,0.0002434610951566052
turnover,3516,568,0.0007336757154865481,0.0,0.0007336757153337814,0.9992663242845135,0.0013509324193856642,0.003721564328875493,1.0,0.00038372939768588354,0.0002119042251059744
turnover,3525,562,0.0008791874385214449,3.3306690738754696e-16,0.0008791874385217779,0.9991208125614784,0.0013007034310699161,0.003174297099570733,0.5,0.0004970283529004971,0.0003821590856213364
turnover,3526,658,0.0008876413751566226,1.1102230246251565e-16,0.0008876413751564005,0.9991123586248434,0.0014745401272944214,0.003859282149206167,0.5,0.0005115044621541442,0.00037613691300208973
turnover,3530,539,0.0007336757153493245,2.220446049250313e-16,0.0007336757153336704,0.9992663242846507,0.0011739028621053915,0.0029632642834664935,1.0,0.0003950417290126129,0.00022749946431704915
turnover,3536,494,8.840912101781839e-05,0.0,8.840837868018259e-05,0.9999115908789822,0.00013289565645235868,5.525677660589423e-05,2.5,0.0001221539888938139,2.0575477333445447e-05
turnover,3538,298,0.0007479406228552143,0.0,0.0007479406228524388,0.9992520593771451,0.001557571885865805,0.004775556802602443,0.5,0.00040363386809516566,0.00034430675475993766
turnover,3543,567,0.0007110252976358922,0.0,0.0007110252975962572,0.9992889747023644,0.0019024640111972024,0.0069764661452640375,1.0,0.00024623644135435274,0.0003302210174220277
turnover,3547,520,0.0007425569695680423,0.0,0.0007425569693292333,0.9992574430304318,0.002657984294253013,0.012399275778217422,0.5,0.000358240459058079,0.0003843165105100743
turnover,3554,676,0.00014079375898568003,0.0,0.00014079374284636792,0.9998592062410143,0.00016339511997953693,1.4225123947220197e-05,2.0,0.00018020437542115575,3.713136485905544e-05
turnover,3553,591,0.00012572647218478394,0.0,0.00012572634900787083,0.9998742735278151,0.0002139008408876819,0.00012962780508640748,2.5,0.0001738289902858403,5.389129240709889e-05
turnover,3559,285,0.00013096345217977756,0.0,0.00013096338687734743,0.9998690365478203,0.00021719667967357026,0.00012192820340350963,2.0,0.00017763578992235907,6.0992408118701325e-05
turnover,3567,341,0.0001213404964264253,2.220446049250313e-16,0.0001213404940633156,0.9998786595035736,0.00017044005225486103,5.3823691917420646e-05,1.5,0.0001769433640074758,6.91337979043527e-05
turnover,3573,547,7.785354619294083e-05,0.0,7.785342061628064e-05,0.9999221464538072,0.00010518394121117325,2.885343993108691e-05,2.5,0.00010424693447519395,1.9597210991331715e-05
turnover,3569,682,0.0007178182250884291,2.220446049250313e-16,0.0007178182201978967,0.9992821817749115,0.0017990755321128926,0.006143957810048839,1.5,0.0003507234113274138,0.0001985355210752382
turnover,3579,409,0.00017404716764124473,2.220446049250313e-16,0.00017404716602509307,0.9998259528323585,0.00022429124646117238,4.7600864558017264e-05,2.0,0.00021765948807628277,7.63160769588489e-05
turnover,3582,495,0.000740112008139171,2.220446049250313e-16,0.0007401120081327317,0.9992598879918608,0.0016414448371619983,0.005252441346966008,1.0,0.0002924181103944046,0.00033623180606534575
turnover,3587,697,0.0007233483017898834,4.440892098500626e-16,0.000723348301787996,0.99927665169821,0.001972969655711365,0.007471381115962239,0.5,0.0003092388133218438,0.0004141094884679841
turnover,3591,413,0.0006968644911071742,0.0,0.0006968644911071742,0.9993031355088927,0.0010961718428645906,0.0028329524278075113,0.5,0.00030735165851208945,0.00038951283259514025
turnover,3597,374,0.00014133451796016772,0.0,0.00014133450408093662,0.9998586654820402,0.00015988403457090072,1.0179799248888344e-05,2.0,0.00018043534994127697,3.501433984276492e-05
turnover,3599,452,0.0007349941946255267,2.220446049250313e-16,0.0007349931045902425,0.9992650058053744,0.0027377138922175526,0.012615635342917209,2.0,0.0002805707169739047,0.0001807765249215998
turnover,3602,684,0.0001044619956886983,2.220446049250313e-16,0.00010446199559221991,0.9998955380043113,0.00012022411230994123,7.985085634487632e-06,1.0,0.00013885370314858925,6.738992371324581e-05
turnover,3608,533,0.00014744417430767598,1.1102230246251565e-16,0.00014744410809841568,0.9998525558256924,0.00018879326409271258,3.670133146993493e-05,2.0,0.00019357462651181656,4.00364796380448e-05
turnover,3614,646,0.0007517709393414229,2.220446049250313e-16,0.0007517709393414229,0.9992482290606586,0.0010081057151128947,0.0023665921770143483,0.5,0.0003635826106795914,0.00038818832866205355
turnover,3618,688,0.0009158135980928961,0.0,0.0009158135980606996,0.9990841864019069,0.002300268541765349,0.008013313426463942,1.0,0.0003384640376435377,0.00040574840099955045
turnover,3620,422,0.0007977994668899591,0.0,0.0007977994668901811,0.9992022005331099,0.0005259665685719561,0.0010009120628937662,1.0,0.0006098386647430676,0.00013595047116421455
turnover,3625,476,0.00018533312305391014,0.0,0.00018533312156399084,0.9998146668769459,0.0002491563520670148,0.0005582670236228271,1.0,0.00010998658382566084,5.1933971277062785e-05
turnover,3631,425,0.00010572035785605394,0.0,0.00010572035525602264,0.9998942796421438,0.0001510091558409865,0.0003507775304079086,1.0,6.165876803571058e-05,2.8972545189964727e-05
turnover,3632,668,0.0007190693380070279,0.0,0.0007190693377353563,0.9992809306619933,0.001716078525817899,0.0057073540604217765,1.0,0.0003103687006958955,0.00025605090622016213
turnover,3640,419,7.360078038876061e-05,1.1102230246251565e-16,7.360077599316561e-05,0.999926399219611,8.11620239185018e-05,3.3066423812400103e-06,2.0,9.254315426604487e-05,2.0359153444893252e-05
turnover,3642,242,8.772571106563376e-05,0.0,8.772568936021852e-05,0.9999122742889346,0.0001058298020728543,1.4430303513446319e-05,2.0,0.00011347227009989025,2.3273869563036897e-05
turnover,3648,465,0.00012795364490569838,2.220446049250313e-16,0.00012795352191141696,0.9998720463550943,0.00022095391657073193,0.00013834739284490638,2.5,0.00017625378312091655,5.925231537129427e-05
turnover,3653,242,0.00012234551200696053,0.0,0.00012234550710998882,0.9998776544879933,0.00013073178502875926,8.468273815509519e-07,2.0,0.00015349554375237995,3.124320405176184e-05
turnover,3656,610,8.570486712367043e-05,2.220446049250313e-16,8.570485347147994e-05,0.9999142951328767,0.0001348557444931231,0.00033108553216076864,1.5,5.0250491583858636e-05,2.065467753870065e-05
turnover,3658,546,0.0007336757154359219,4.440892098500626e-16,0.0007336757153337814,0.999266324284564,0.0010442260537022463,0.0024363928894886033,1.5,0.0004472945725874644,0.00017115597175287878
turnover,3665,718,0.0006722539313646081,0.0,0.0006722539313637199,0.9993277460686357,0.0016339900235987082,0.005645581962250068,0.5,0.0002810933190692255,0.00039116061229527155
turnover,3666,408,8.875666234109403e-05,2.220446049250313e-16,8.875549099318647e-05,0.9999112433376589,0.00013484666400609413,5.882975627802267e-05,3.0,0.00011272295023706524,1.859302396661766e-05
turnover,3671,615,0.000901001943892421,1.1102230246251565e-16,0.0009010019438907557,0.9990989980561075,0.0015305996576835401,0.004048777666806336,1.0,0.0004413125158378439,0.0003497864074548662
turnover,3677,715,0.00012210692700387327,1.1102230246251565e-16,0.00012210677575519302,0.9998778930729961,0.00022398886602559287,0.00015915849019432216,2.0,0.0001622547509326222,8.319717527299764e-05
turnover,3678,374,0.00013149185894967275,2.220446049250313e-16,0.00013149185409022657,0.9998685081410504,0.00014230283318372727,2.0729480261216793e-06,2.0,0.0001647105755245848,3.56924440367834e-05
turnover,3683,242,0.00010219058986882246,2.220446049250313e-16,0.00010219058786353763,0.9998978094101311,0.00010751847445744644,1.522188207925268e-06,2.0,0.00012602249357884787,3.0145970962819346e-05
turnover,3686,424,0.0009005073234149563,0.0,0.0009005073234116256,0.9990994926765848,0.0004342139831616798,0.0010786104854099143,1.0,0.0007561247803283822,0.00010487853046570184
turnover,3694,605,0.000918787756600814,2.220446049250313e-16,0.0009187877475950179,0.9990812122433993,0.0006077846818699495,0.0021333286047826583,2.0,0.000745495004166874,0.000127641497426223
turnover,3698,422,0.0007336757153337814,0.0,0.0007336757153337814,0.9992663242846661,0.0006057649756019412,0.0010729187413097696,1.0,0.0005211720143604437,0.00019865959013437573
turnover,3699,722,0.0007103383225421922,0.0,0.0007103383224554838,0.9992896616774577,0.0022173853709681612,0.009196793390283231,1.0,0.0002132922117282221,0.0003533151035063353
turnover,3703,373,9.129452129896798e-05,0.0,9.129328740675735e-05,0.9999087054787008,0.00013609197817210372,5.639139302315854e-05,3.0,0.00011619101623905337,1.7539879068412256e-05
turnover,3712,251,0.00014429840597918187,2.220446049250313e-16,0.00014429838722396227,0.9998557015940206,0.00021378625720469557,8.551126505906836e-05,2.0,0.00019125076874054736,5.873545809215175e-05
turnover,3713,546,0.000803912453323008,2.220446049250313e-16,0.0008039124525722752,0.9991960875466767,0.0008992714680733371,0.002322692087145306,1.5,0.0005834409718571965,0.0001404036016143806
turnover,3716,729,0.0006656327581175958,2.220446049250313e-16,0.0006656327581152643,0.9993343672418826,0.001480162684617481,0.00473723269620363,0.5,0.0003418237117305267,0.00032380904638684704
turnover,3726,691,0.0009135202332037906,2.220446049250313e-16,0.0009135202329698666,0.9990864797667963,0.0019126647749252434,0.005769027124696402,1.0,0.00043984772379968007,0.00028908624833479113
turnover,3727,605,0.00014705279304716434,0.0,0.00014705278859994397,0.9998529472069528,0.0001995233273495156,5.6235237271717864e-05,2.0,0.00018883535114488925,6.057883985347012e-05
turnover,3730,573,0.00011726516738241877,0.0,0.00011726352184071587,0.9998827348326176,0.0001833047102808294,8.56829732587272e-05,3.0,0.00014939088780635545,2.6016001013179357e-05
turnover,3733,41,3.048485908152543e-10,0.0,0.0,0.9999999996951512,6.789013795582832e-10,2.881073157823266e-10,2.0,8.29192825513303e-11,2.2100704599736787e-10
turnover,3738,309,0.00015296662012320716,2.220446049250313e-16,0.00015296661678931844,0.9998470333798768,0.00020366578446329164,5.241011095646897e-05,2.0,0.0001951546705286633,6.305553186092272e-05
turnover,3743,411,9.35296839079669e-05,2.220446049250313e-16,9.352966403131102e-05,0.999906470316092,0.00014980913754780723,0.0003715053036070781,1.5,5.5067303447342564e-05,2.1895785679126867e-05
turnover,3746,576,0.0005460005460400374,0.0,0.0005460005460006245,0.9994539994539599,0.0008502362062909885,0.0021048856879288813,1.0,0.0003070750411005574,0.0001521288158375933
turnover,3750,580,0.0008607637501172327,2.220446049250313e-16,0.0008607637500593901,0.9991392362498823,0.0016047981274198708,0.004474741254744119,1.0,0.0004304903012812278,0.0002763230216746293
turnover,3756,476,0.0008540316486134181,4.440892098500626e-16,0.0008540316486056465,0.9991459683513869,0.0018507530008127215,0.0057744271950966874,1.0,0.0003471769612276576,0.00037044167640321035
turnover,3762,568,0.0009183809986166303,2.220446049250313e-16,0.0009183809807633558,0.9990816190013833,0.0024955151605201564,0.00902463020223454,1.5,0.00046008298428196204,0.00023484924529104667
turnover,3763,487,0.0008773550350269499,0.0,0.0008773550350165138,0.999122644964973,0.0020133400890263164,0.006555171581259178,1.0,0.0003407583408803483,0.0003895977852836907
turnover,3770,640,0.0006495333859635188,0.0,0.0006495333857819974,0.9993504666140364,0.0013195871184445984,0.0038949365313856177,1.0,0.0003167257632235576,0.0002043854668141165
turnover,3772,712,0.0008635460692634211,1.1102230246251565e-16,0.0008635460692612007,0.9991364539307368,0.00043972632903388487,0.0009804616557711476,1.0,0.0007145230428379223,8.886228412385844e-05
turnover,3779,346,0.00019239422036054776,0.0,0.00019239399334047835,0.9998076057796393,0.00032282532523453256,0.0001887651624925546,2.5,0.00026913261104205555,6.90376999418485e-05
turnover,3780,645,0.00011649639432387282,2.220446049250313e-16,0.00011649639325506111,0.9998835036056761,0.00015395711808685597,3.432512794132592e-05,1.5,0.00016176832931324991,8.006772985263977e-05
turnover,3789,599,0.0009273364557433883,0.0,0.0009273364557428332,0.9990726635442564,0.0015672545438492058,0.004145122765536691,1.0,0.0004494070292535013,0.00037919305166916883
turnover,3790,659,0.0007336757153340034,0.0,0.0007336757153338924,0.999266324284666,0.0008657832145471112,0.001838351148592432,1.0,0.00044432681522216244,0.00024744557490796737
turnover,3792,314,0.00011666764867968027,2.220446049250313e-16,0.00011666764862217072,0.9998833323513203,0.00013215967213975333,7.851614984843991e-06,1.5,0.00015815493221771337,6.593830106055298e-05
turnover,3796,541,0.0007980499555326759,1.1102230246251565e-16,0.0007980499555322318,0.9992019500444674,0.0009087394228476375,0.0018983962307993485,0.5,0.0005099591079122945,0.0002880908476204924
turnover,3805,385,0.00015940758200549965,2.220446049250313e-16,0.0001594073071942148,0.9998405924179944,0.0002116201737787371,5.3217559930818226e-05,2.5,0.0002138174673227411,3.273555640501136e-05
turnover,3807,573,9.33710055865955e-05,1.1102230246251565e-16,9.337098939188326e-05,0.9999066289944136,0.00010845291334637963,1.0572103094741436e-05,2.0,0.00012001459881683108,2.3307412668802097e-05
turnover,3812,686,0.0007336757154390305,2.220446049250313e-16,0.0007336757153338924,0.9992663242845611,0.001294587738250863,0.003468711946263303,1.0,0.0003904604676804868,0.0002107001731099789
turnover,3813,696,0.0006943168252897536,0.0,0.0006943168252894205,0.9993056831747104,0.001229903936172838,0.0034482450492779315,0.5,0.0002763928818712569,0.0004179239434185522
turnover,3822,466,0.0008666522676963329,1.1102230246251565e-16,0.0008666522676962218,0.9991333477323037,0.0013910086386095255,0.0035547535744071546,0.5,0.000513874931079128,0.0003527773366173159
turnover,3821,547,0.00010541500178984364,0.0,0.00010541496408567053,0.99989458499821,0.0001649153154072991,7.968205122566019e-05,2.0,0.00014241589729213633,4.282675722759588e-05
turnover,3829,525,0.0008660867339691514,1.1102230246251565e-16,0.0008660867336476308,0.9991339132660308,0.0007268036053584837,0.00202706598963287,1.5,0.0006806132418581967,0.00014664711463091562
turnover,3831,419,0.00020027634399122363,2.220446049250313e-16,0.0002002763415458464,0.9997997236560088,0.0002699482573618184,7.03545011779827e-05,1.5,0.0002904226419286893,9.938484320590191e-05
turnover,3837,677,0.0007000509378078945,0.0,0.0007000509378076725,0.9992999490621921,0.0014806186041776415,0.004671465017690168,0.5,0.00027891114299710695,0.00042113979481084307
turnover,3840,419,0.00012481632188521274,1.1102230246251565e-16,0.00012481630805671884,0.9998751836781148,0.00019330447215515356,8.757661569980257e-05,2.0,0.0001613983077990433,6.750504455529938e-05
turnover,3844,314,0.00012193641163182889,1.1102230246251565e-16,0.00012193641142055345,0.9998780635883682,0.00014887061126156453,2.1034094037641893e-05,1.5,0.00016920160758521208,7.072165839311362e-05
turnover,3848,242,0.00010200822001671384,0.0,0.00010200821934114312,0.9998979917799832,9.918953575649425e-05,8.49498077437616e-06,1.5,0.00013619264558650812,2.8757486818603573e-05
turnover,3852,456,0.00019267901223174455,0.0,0.0001926787432615651,0.9998073209877683,0.000343456636439754,0.00023051912760907456,2.5,0.0002689531313671556,8.762514660821952e-05
turnover,3856,374,0.00011974307425566266,1.1102230246251565e-16,0.00011974307380602234,0.9998802569257441,0.00010648332496732138,1.6538225359186143e-05,2.0,0.00014416849716841762,2.834856090874749e-05
turnover,3862,708,0.00015621164118817532,0.0,0.00015327284403099384,0.9998437883588118,0.0004026757012480786,0.0005220286291773846,5.0,0.00020296015653442634,2.971032060002793e-05
turnover,3863,309,0.00012776870436703724,2.220446049250313e-16,0.00012776870342179336,0.9998722312956327,0.00016152074248476644,3.119817194252583e-05,1.5,0.00018260204403897085,5.6431847461152485e-05
turnover,3871,719,0.0008404265816759349,1.1102230246251565e-16,0.0008404265757231411,0.9991595734183242,0.002115742671177534,0.0072298629697185035,1.5,0.0004161240428682822,0.00022510167731371045
turnover,3874,374,7.734241660051211e-05,3.3306690738754696e-16,7.734241224677252e-05,0.9999226575833996,8.893986876556959e-05,6.3405199752786245e-06,2.0,9.590696240757701e-05,2.7403351217952787e-05
turnover,3875,749,0.0007406712685846806,2.220446049250313e-16,0.000740671268581794,0.9992593287314154,0.0015557685129772292,0.004797247505195168,0.5,0.00039865295856877925,0.0003420183100157903
turnover,3883,453,0.0008708027205102109,2.220446049250313e-16,0.0008708027205095448,0.9991291972794902,0.001526556466174056,0.00415704852364307,0.5,0.0004539388880899775,0.0004168638324199003
turnover,3888,723,0.0009112125312364938,1.1102230246251565e-16,0.0009112125311767638,0.9990887874687634,0.0018860982181003738,0.005666290118418349,1.0,0.0004185217887133774,0.0003224366503778997
turnover,3890,748,0.0007336757178424413,1.1102230246251565e-16,0.0007336757153340034,0.9992663242821576,0.0013281968653957588,0.0035896661308518762,1.5,0.00043465344933812933,0.00015420894152756714
turnover,3896,341,0.00012397931984153843,2.220446049250313e-16,0.00012397927267382425,0.9998760206801585,0.00020723483478590765,0.00011778936308237675,2.0,0.00016500542761371806,6.724967386542713e-05
turnover,3900,695,0.0007340088039131665,1.1102230246251565e-16,0.0007340088038774173,0.9992659911960872,0.001442547406693695,0.004189135933015509,1.0,0.0003448433080026625,0.00026119524544077066
turnover,3902,735,0.00018866196118549894,1.1102230246251565e-16,0.00018866193997557623,0.9998113380388148,0.000287320478523867,0.00012301300968786677,2.0,0.00024806908668267846,8.778816499985242e-05
turnover,3907,384,0.0007336757162104135,0.0,0.0007336757153338924,0.9992663242837895,0.001237985660238472,0.003201596417438335,1.5,0.0004344275134378073,0.0001620338403770516
turnover,3912,738,0.0007478522210142557,0.0,0.0007478522210094818,0.9992521477789859,0.0019993440679864083,0.007439306323715034,0.5,0.0003451241603421029,0.0004027280606718753
turnover,3915,676,9.434190351043092e-05,0.0,9.43418928001094e-05,0.9999056580964896,0.00011156760599595472,1.1769829881824734e-05,2.0,0.00011985915309697948,2.895987693105062e-05
turnover,3917,594,0.0007484969347024695,2.220446049250313e-16,0.0007484969226364546,0.9992515030652978,0.0027493744952156174,0.012831230997309984,1.0,0.0002746807028513043,0.00028113171816696036
turnover,3921,570,0.0001234295650280881,1.1102230246251565e-16,0.00012342955924893317,0.9998765704349719,0.00013537094441229414,3.923449266807211e-06,2.0,0.0001552049002303546,3.345305680535482e-05
turnover,3925,757,0.0006758481385407134,0.0,0.0006758481385344961,0.9993241518614593,0.0012622512215078041,0.0035490743648267653,1.0,0.0003144207926323306,0.00026176954003920283
turnover,3934,757,0.0007639270486388128,0.0,0.0007639270486371474,0.9992360729513613,0.0015894813566640353,0.004893006704944636,0.5,0.00039521936310460415,0.00036870768553420863
turnover,3935,408,8.330457765737265e-05,2.220446049250313e-16,8.33045164259083e-05,0.9999166954223426,0.00011235478773485852,2.8697126094101577e-05,2.0,0.00010897691662331566,2.8553191807695333e-05
turnover,3940,633,0.0008706914962883783,0.0,0.0008706914962878232,0.9991293085037116,0.0011926898533685115,0.002759130425103118,1.0,0.0004868236942518478,0.0003115630386435475
turnover,3942,409,0.0007336757153590945,2.220446049250313e-16,0.0007336757153336704,0.999266324284641,0.001216560539905709,0.0031393219965392127,1.0,0.0003900789781188241,0.00022606479879710983
turnover,3949,493,0.0008535989770641628,1.1102230246251565e-16,0.0008535989770647179,0.9991464010229357,0.0014113299099869359,0.003704409721060453,0.5,0.00043639202582257397,0.0004172069512416998
turnover,3953,676,8.453731020896527e-05,2.220446049250313e-16,8.453730924651293e-05,0.9999154626897911,8.686241853017584e-05,3.324602205312388e-06,1.5,0.00011456301999102081,2.679289079443592e-05
turnover,3954,453,0.0009145948618789479,0.0,0.0009145948617760302,0.9990854051381209,0.002200394619202517,0.007380103962926432,1.0,0.00037402022825205883,0.00035494054680845766
turnover,3963,633,0.0008733522186057385,0.0,0.0008733522186026299,0.9991266477813946,0.0013471675091548674,0.0033393356415643005,1.0,0.00046441034830083106,0.0003009099699901596
turnover,3961,713,0.0007189574561983214,1.1102230246251565e-16,0.0007189574561982104,0.9992810425438019,0.0005002375626547151,0.0008514905552321483,0.5,0.0004141536455146422,0.0003048038106837625
turnover,3968,468,0.00014488537910040122,0.0,0.00014488531983114505,0.9998551146208997,0.0001755362265418725,2.5186092299733787e-05,2.5,0.00018951771783937144,3.1903071201849764e-05
turnover,3974,776,0.0007273158524423451,0.0,0.0007273158524423451,0.9992726841475577,0.00106327125419714,0.0026424667445992256,0.5,0.0003182622448543171,0.000409053607587917
turnover,3977,406,0.0008960163188747039,3.3306690738754696e-16,0.0008960163180413705,0.9991039836811254,0.00045363895343442096,0.001325867614636822,1.5,0.0007981546415456453,9.998828884205668e-05
turnover,3983,374,7.399048940803787e-05,1.1102230246251565e-16,7.399048274214781e-05,0.999926009510592,8.365255857079035e-05,5.60192876442045e-06,2.0,9.375290563456984e-05,2.02915192282771e-05
turnover,3984,721,0.00019604462123812283,2.220446049250313e-16,0.0001960442342087143,0.9998039553787619,0.0003260299069327566,0.00018902060787073793,2.5,0.00027652186417836955,5.8998514280386716e-05
turnover,3988,641,0.0008075792501625045,0.0,0.0008075792500331636,0.9991924207498376,0.0008106062745056875,0.001984351508655946,1.5,0.0005853153437296865,0.00012993271558747743
turnover,3991,558,0.00015917330229098248,4.440892098500626e-16,0.00015917330228543136,0.9998408266977089,0.0001549262579989552,1.4359377992878564e-05,1.0,0.0002062209068180998,8.432133068347891e-05
turnover,4000,631,0.0007101491549437178,2.220446049250313e-16,0.0007101491549287298,0.9992898508450564,0.001351713798828702,0.003845614725235702,1.0,0.0003332535519091351,0.0002627305543083658
turnover,3998,720,0.0001445047840920033,2.220446049250313e-16,0.00014450475269278673,0.9998554952159079,0.00022093158113278832,9.824548062287164e-05,2.0,0.00019374763521889937,5.844652891505431e-05
turnover,4008,341,9.25393383521822e-05,2.220446049250313e-16,9.253931261832271e-05,0.9999074606616479,0.00015117810868670034,7.799390332863254e-05,1.5,0.00013776701382156586,6.919140138994528e-05
turnover,4011,745,0.0008785856948154702,1.1102230246251565e-16,0.0008785856948154702,0.9991214143051845,0.0017712940082210693,0.005315790395691411,0.5,0.00042425942901924696,0.0004543262657963343
turnover,4013,615,0.0009194473101921119,1.1102230246251565e-16,0.000919447309993271,0.9990805526898077,0.0021611439405264665,0.007105230970766652,1.0,0.00039735284912967295,0.0003295964958421327
turnover,4017,411,0.00010935618926843915,0.0,0.0001093558811371409,0.9998906438107316,0.00019461941852849662,0.00013362489989354742,2.5,0.00015498391424961788,4.2693880568961395e-05
turnover,4021,564,0.00013996213377787114,1.1102230246251565e-16,0.00013996212265698915,0.9998600378662219,0.00021880325927203792,0.0005365036086373287,1.0,7.480619000110877e-05,4.7055108592486405e-05
turnover,4026,496,0.0007336757156677365,2.220446049250313e-16,0.0007336757153338924,0.999266324284332,0.0010420463316060946,0.0024195672700026982,1.5,0.00046290658253833605,0.00015134526408400184
turnover,4030,658,0.0008512564094775854,0.0,0.0008512564092238994,0.9991487435905224,0.0006520615428695642,0.001699648128153708,1.5,0.000681609477955758,0.00012807084515648048
turnover,4033,568,0.0008836561636864637,1.1102230246251565e-16,0.0008836561636862417,0.9991163438363136,0.0012344694023688763,0.0029299701941791767,0.5,0.0004597242803888735,0.0004239318832974792
turnover,4042,242,0.00010589070769295716,0.0,0.00010589070766231501,0.9998941092923069,0.0001161498876396383,3.115901240136054e-06,1.5,0.00014212267201674234,5.9176620174350436e-05
turnover,4044,691,0.000923141163895913,0.0,0.0009231411638931375,0.9990768588361041,0.0016803181400495415,0.004657110994987446,1.0,0.0004307064647956771,0.00037052526424330434
turnover,4046,627,0.000923945980681351,0.0,0.0009239459134912087,0.9990760540193186,0.000616044438958685,0.002390411963455019,2.0,0.0007677965898597039,0.00010779993038489977
turnover,4054,456,0.0001226178097588626,0.0,0.00012261768641863569,0.999877382190241,0.00020524614871542113,0.0001199556367161847,2.5,0.00016993152214694884,4.868900095127138e-05
turnover,4059,311,0.0009153272966209158,4.440892098500626e-16,0.0009153272966204717,0.9990846727033795,0.0011341033346419227,0.0024946188253478496,0.5,0.0005445408517656958,0.0003707864448545539
turnover,4057,719,0.0006635149509461868,0.0,0.000663514950707933,0.9993364850490537,0.001456871192768272,0.00454500741072783,1.0,0.0003069368952717255,0.00021939282857297293
turnover,4063,710,0.0007108796791552852,0.0,0.0007108796791538419,0.9992891203208447,0.0012447257378118692,0.003368941150357907,1.0,0.00033694818092158685,0.00029213746558565123
turnover,4068,750,0.0009077855231134357,0.0,0.0009077855231134357,0.9990922144768863,0.001406352822489576,0.0035380953983488173,0.5,0.0005012308620055417,0.0004065546611079496
turnover,4070,781,0.0006655401877868616,2.220446049250313e-16,0.0006655401877335709,0.999334459812213,0.0015155939928279683,0.004880942275496514,1.0,0.00027797590776604264,0.00025992471346952817
turnover,4079,631,0.0007034907749483565,0.0,0.0007034907749275954,0.9992965092250514,0.0019255980631557312,0.007207257445652204,0.5,0.00035552793206822253,0.0003479628428801895
turnover,4082,569,0.00011980612007422842,2.220446049250313e-16,0.00011980582389481409,0.9998801938799258,0.0002079734621989182,0.00013476922753019593,2.5,0.0001694786116330227,4.313805782885094e-05
turnover,4083,425,0.0007336757154918772,0.0,0.0007336757153341145,0.9992663242845079,0.0011107108024897006,0.002690496316900548,1.5,0.00043714749562484556,0.0001742057995473001
turnover,4087,757,0.0007336757157496709,2.220446049250313e-16,0.0007336757153337814,0.9992663242842503,0.0010981623864196877,0.002633510079650625,1.5,0.00045316094164371545,0.0001558580244320762
turnover,4095,738,0.0006920045710736566,0.0,0.0006920045710729905,0.9993079954289267,0.0012547004246991622,0.0035577217428306995,0.5,0.00028745889504883104,0.0004045456760246591
turnover,4098,783,0.0007517116263049406,2.220446049250313e-16,0.0007517116260833401,0.9992482883736951,0.0018305762842432127,0.006199507492264944,1.0,0.0003146793819109317,0.00027939571300472643
turnover,4102,708,0.0001964937940992506,2.220446049250313e-16,0.00019649147577971426,0.9998035062059006,0.00042675021689664305,0.0012837866574897383,1.5,0.00010751837538441888,4.6524561676253295e-05
turnover,4106,781,0.0006978468471383614,0.0,0.0006978468471385835,0.9993021531528617,0.0006417228342211478,0.001239550455448768,0.5,0.0003519217139288655,0.00034592513320930163
turnover,4107,776,0.0007095105072143504,2.220446049250313e-16,0.0007095105072141283,0.9992904894927859,0.0010298687679444196,0.002545984640261234,0.5,0.0003076180009005669,0.0004018925063135059
turnover,4112,737,0.0006610428069468988,1.1102230246251565e-16,0.0006610428069466767,0.9993389571930531,0.0010259785675241773,0.002571201042625315,0.5,0.00038670946943841766,0.0002743333375084811
turnover,4119,503,0.000739897201667894,1.1102230246251565e-16,0.0007398971509002816,0.999260102798332,0.0033327196824861627,0.01850083148149717,1.0,0.0002520359460259636,0.0002929019370996322
turnover,4120,576,0.0007336757153399986,0.0,0.0007336757153337814,0.9992663242846602,0.0009126483716284106,0.001979012666813551,1.0,0.00045281520718787327,0.0001940925249596659
turnover,4127,657,0.00016565477507768378,0.0,0.00016565477408936324,0.999834345224922,0.0001524907883265758,1.9658615883377806e-05,2.0,0.00020152813234225464,3.8292648757348724e-05
turnover,4130,754,0.0007029717694420068,0.0,0.0007029717694000404,0.999297028230558,0.001901888655904349,0.007028972362093766,1.0,0.00024103305165623645,0.000327599731064665
turnover,4131,780,0.0006869291525259946,0.0,0.0006869291525259946,0.9993130708474739,0.0009507882066456252,0.0022823368017505508,0.5,0.00029700728003995147,0.0003899218724862097
turnover,4136,687,0.0007336757159186469,1.1102230246251565e-16,0.0007336757153337814,0.9992663242840812,0.0011537898984088635,0.0028528942628383014,1.5,0.00044589992071419893,0.00015784261770379615
turnover,4139,411,0.00018062478890534805,2.220446049250313e-16,0.00018062474664770622,0.9998193752110947,0.00027877175919455155,0.0001267774790818521,2.0,0.00024317850821237164,7.238051978473992e-05
turnover,4143,678,0.0007305024445580788,0.0,0.0007305024445577457,0.9992694975554419,0.00025702428248097764,0.0007109704834185049,1.0,0.0006312746556638715,8.544536825272342e-05
turnover,4149,437,0.00016220127276111995,0.0,0.00016220127155441855,0.9998377987272389,0.00016355024835679188,1.0413536568387727e-05,1.5,0.00021873520676418678,5.0266067914916945e-05
turnover,4152,591,0.00014819118562425793,0.0,0.0001481910885868798,0.9998518088143756,0.00023819020942950075,0.0001244507385997906,2.5,0.0002040073656793262,5.457494437637045e-05
turnover,4158,580,0.0008211105592315082,0.0,0.0008211105576193534,0.9991788894407685,0.0009416045571444265,0.002612018940122418,1.5,0.0006049087538847475,0.00015239918555232101
turnover,4161,535,0.00014984245243265804,1.1102230246251565e-16,0.0001498424204083859,0.9998501575475672,0.0001745721291257496,1.7305159135005965e-05,2.5,0.00019384742335715188,3.372277686333747e-05
turnover,4165,410,0.00012593910235381145,2.220446049250313e-16,0.00012593897093637896,0.9998740608976461,0.00020324392627912857,0.0001088818735031083,2.5,0.0001747627375479066,4.2827064052716746e-05
