stat,family,mean,variance,stored_mass,overflow,normalization_error,support_max
pts,mixture,6.978324665548983,28.66668282049732,0.9999999304416445,6.955835602974923e-08,4.440892098500626e-16,80
pts,mixture,5.766464503264996,22.331669821268697,0.999999972167335,2.783266532473767e-08,4.440892098500626e-16,80
pts,mixture,6.464094121025103,11.218136605183943,1.0000000000000002,8.437122285517265e-19,2.220446049250313e-16,80
pts,mixture,4.157437182542777,7.387167292623047,1.0000000000000002,6.785331146383806e-20,2.220446049250313e-16,80
pts,mixture,3.6604927645222514,13.885389216181029,0.9999999272685965,7.273140364709558e-08,2.220446049250313e-16,80
pts,mixture,4.526502801031205,12.443295163252852,0.9999999999631699,3.683034003870426e-11,2.220446049250313e-16,80
pts,mixture,9.231524783824812,22.481226638279225,0.9999999999851866,1.4813795624286487e-11,4.440892098500626e-16,80
pts,mixture,1.637781619726228,3.922005886194471,0.9999999999952313,4.768890119215759e-12,2.220446049250313e-16,80
pts,mixture,11.054243748530686,23.897257012413334,0.9999999999964471,3.552565291162681e-12,3.3306690738754696e-16,80
pts,mixture,3.6796637614528445,6.431343864121912,1.0000000000000002,0.0,2.220446049250313e-16,80
pts,mixture,2.149130719076547,6.13545512695012,0.9999999993422545,6.577455523738595e-10,0.0,80
pts,mixture,7.390300996584395,16.83339721442944,0.9999999999989971,1.0029848859476223e-12,2.220446049250313e-16,80
pts,mixture,2.9467903110506657,6.0771676022617225,1.0000000000000002,1.7348049613618203e-16,4.440892098500626e-16,80
pts,mixture,5.745567135709958,16.696739232375137,0.9999999998622356,1.3776449806716326e-10,2.220446049250313e-16,80
pts,mixture,6.603149713661228,26.547567056032264,0.9999999522786412,4.772135919995173e-08,4.440892098500626e-16,80
pts,mixture,14.810988541203553,45.398046956971314,0.9999999585856985,4.1414301870315676e-08,2.220446049250313e-16,80
pts,mixture,15.70094807677835,39.27559422583863,0.9999999972211137,2.7788857027925774e-09,6.661338147750939e-16,80
pts,mixture,4.862418275547733,12.125868148262533,0.9999999999994095,5.907907009378124e-13,2.220446049250313e-16,80
pts,mixture,4.554174487892095,17.331970499368307,0.9999999618996253,3.810037490253214e-08,2.220446049250313e-16,80
pts,mixture,14.97453138466672,45.55011993831093,0.9999999646021582,3.5397842185072834e-08,4.440892098500626e-16,80
pts,mixture,4.9546786479917095,10.477302421151897,0.9999999999999832,1.6939333163565874e-14,2.220446049250313e-16,80
pts,mixture,3.7687576551947637,12.619545071039934,0.9999999958729993,4.127001074436799e-09,4.440892098500626e-16,80
pts,mixture,2.7806381944263516,8.898343641180468,0.9999999952327311,4.767269238598314e-09,2.220446049250313e-16,80
pts,mixture,5.101202629506178,14.36075406290804,0.9999999999357794,6.422059476741849e-11,0.0,80
pts,mixture,2.0382581816082754,5.915579696184518,0.9999999985339666,1.4660333277931997e-09,1.1102230246251565e-16,80
pts,mixture,4.872672799830326,18.20590172052371,0.9999999792699292,2.0730070931664165e-08,2.220446049250313e-16,80
pts,mixture,2.3284900358795957,7.34537977241883,0.999999992429412,7.570588142713224e-09,0.0,80
pts,mixture,8.821152230670496,28.80719710566727,0.9999999977010735,2.2989264217797385e-09,1.1102230246251565e-16,80
pts,mixture,16.90616071479946,52.59400938394208,0.9999999998651726,1.3482617225060034e-10,1.2212453270876722e-15,120
pts,mixture,7.312193708426867,25.809247889622547,0.9999999821191189,1.788088131299987e-08,2.220446049250313e-16,80
pts,mixture,1.7347719530416417,4.602327729352282,0.9999999998021516,1.9784843459130118e-10,0.0,80
pts,mixture,3.8990605991382443,10.098883920047154,0.9999999999942193,5.780795559592223e-12,0.0,80
pts,mixture,7.504211285798448,22.486542397272984,0.9999999998172655,1.8273452978333298e-10,0.0,80
pts,mixture,2.4839075440414082,7.77746181979023,0.9999999954600268,4.539973239048038e-09,0.0,80
pts,mixture,19.57132879432704,69.70352361818499,0.9999999997720138,2.2798633307766598e-10,2.220446049250313e-16,120
pts,mixture,4.911431301210935,13.8588985826519,0.9999999999247066,7.529353721032994e-11,0.0,80
pts,mixture,8.115575231629652,18.190157735933496,0.9999999999996931,3.06914317399548e-13,0.0,80
pts,mixture,6.188940472934196,17.767129652665623,0.9999999999280248,7.197519914334331e-11,0.0,80
pts,mixture,5.604394919813771,11.135824590299126,0.9999999999999999,5.143814870104006e-16,4.440892098500626e-16,80
pts,mixture,6.876213766904003,20.514912468278382,0.9999999998018045,1.9819572732557014e-10,2.220446049250313e-16,80
pts,mixture,6.487497148079965,22.30943204280174,0.9999999889676906,1.1032309335693982e-08,1.1102230246251565e-16,80
pts,mixture,6.770714863163789,19.683037097981625,0.9999999999169535,8.304667789412575e-11,2.220446049250313e-16,80
pts,mixture,6.141240572933274,15.61413835737946,0.9999999999381718,6.182821325503429e-11,0.0,80
pts,mixture,5.213389260815232,14.35298243870983,0.9999999999722056,2.7794239279656478e-11,2.220446049250313e-16,80
pts,mixture,6.1719723306121805,19.29040987605012,0.9999999989237724,1.0762272790650096e-09,2.220446049250313e-16,80
pts,mixture,2.108432528026437,4.114947562210576,1.0000000000000002,1.2322427643499314e-17,2.220446049250313e-16,80
pts,mixture,3.264702806717764,8.046095271110126,0.9999999999988698,1.1303267758616005e-12,2.220446049250313e-16,80
pts,mixture,5.361508284402145,15.215441654857507,0.999999999925352,7.464788435792413e-11,1.1102230246251565e-16,80
pts,mixture,17.04259383978975,45.529666666653156,0.9999999717275857,2.8272413076344713e-08,1.2212453270876722e-15,80
pts,mixture,2.9559961905048513,9.260865928504522,0.9999999979323781,2.0676220232797627e-09,2.220446049250313e-16,80
pts,mixture,3.4314585292781272,12.639060458230698,0.9999999490428122,5.095718825918193e-08,4.440892098500626e-16,80
pts,mixture,2.040752834964047,6.156015404911338,0.9999999954983106,4.501689468444763e-09,2.220446049250313e-16,80
pts,mixture,15.267139669680015,38.45759446826176,0.9999999966797737,3.3202254885498897e-09,7.771561172376096e-16,80
pts,mixture,16.04231809069863,51.15053410804376,0.9999998635060481,1.364939523219105e-07,4.440892098500626e-16,80
pts,mixture,10.475333281466527,25.89120525190235,0.9999999999779979,2.200248728645391e-11,4.440892098500626e-16,80
pts,mixture,13.751232916320573,42.71907948819057,0.9999999456857062,5.4314294306326144e-08,4.440892098500626e-16,80
pts,mixture,13.803441617299022,32.42021234148277,0.9999999998064413,1.9355785298721517e-10,8.881784197001252e-16,80
pts,mixture,4.67042267908347,16.798942041289646,0.9999999899411064,1.005889383425927e-08,2.220446049250313e-16,80
pts,mixture,9.662682959944771,22.566769590740265,0.9999999999982587,1.7412385194890076e-12,0.0,80
pts,mixture,1.597736033860568,3.446871919739334,0.9999999999999704,2.97682681280623e-14,2.220446049250313e-16,80
pts,mixture,2.0164121564199857,6.077797317890248,0.9999999952941852,4.705815164806834e-09,2.220446049250313e-16,80
pts,mixture,2.227641554674394,6.665031211255291,0.9999999977721498,2.2278504021440505e-09,2.220446049250313e-16,80
pts,mixture,16.604159407463545,43.32465668053305,0.9999999871559673,1.2844031526606676e-08,1.2212453270876722e-15,80
pts,mixture,4.787335352483136,18.118192736682452,0.9999999710211613,2.8978839013839786e-08,4.440892098500626e-16,80
pts,mixture,6.159890428250004,12.922089692386436,0.9999999999999858,1.4362328800526898e-14,2.220446049250313e-16,80
pts,mixture,15.846948209367703,41.56127858631885,0.9999999859332886,1.4066710426574783e-08,8.881784197001252e-16,80
pts,mixture,2.146487760405095,5.893258551914471,0.9999999998155552,1.8444510414741342e-10,2.220446049250313e-16,80
pts,mixture,2.8431483845097483,7.230954085747793,0.9999999999949646,5.0354618721603305e-12,0.0,80
pts,mixture,4.0567281891252955,8.5168104134961,1.0,6.088799987780564e-17,0.0,80
pts,mixture,6.687251710236456,17.48862481745754,0.9999999997953046,2.0469523493365003e-10,1.1102230246251565e-16,80
pts,mixture,5.129866418653106,11.37047806529661,0.9999999999998263,1.7372928537179444e-13,0.0,80
pts,mixture,4.123878535130224,14.631537121667858,0.9999999882887607,1.1711239743635907e-08,4.440892098500626e-16,80
pts,mixture,13.577627342921193,31.560400906206695,0.9999999998778739,1.2212540202218182e-10,6.661338147750939e-16,80
pts,mixture,18.662450868476814,52.814184422311314,0.9999998193763133,1.806236858994537e-07,7.771561172376096e-16,80
pts,mixture,12.634743159337658,35.040150111723165,0.9999999982613006,1.7386994907621719e-09,0.0,80
pts,mixture,16.768222579308343,43.90119968170882,0.9999999853206304,1.4679368490226807e-08,1.1102230246251565e-15,80
pts,mixture,5.2455226429962565,11.391421960610138,0.9999999999999255,7.472082624640036e-14,2.220446049250313e-16,80
pts,mixture,7.850959757379873,26.00310523221313,0.9999999963646174,3.6353826832953265e-09,2.220446049250313e-16,80
pts,mixture,1.22591133647876,2.6845808513164444,0.9999999999994545,5.453909731310231e-13,1.1102230246251565e-16,80
pts,mixture,14.319462482488738,33.92089829941551,0.9999999997037363,2.962627961803435e-10,8.881784197001252e-16,80
pts,mixture,4.032809620677216,10.792803892319988,0.999999999982132,1.7868187235652692e-11,2.220446049250313e-16,80
pts,mixture,8.717146976719784,21.198772703681698,0.9999999999835365,1.6463627213377104e-11,2.220446049250313e-16,80
pts,mixture,14.70164515753732,36.159851369709486,0.9999999986876086,1.3123907510696625e-09,6.661338147750939e-16,80
pts,mixture,16.812160280495924,45.41503056268232,0.999999961313832,3.8686166986361794e-08,1.1102230246251565e-15,80
pts,mixture,7.2719876509888435,20.644134989793237,0.99999999997338,2.661997243152826e-11,1.1102230246251565e-16,80
pts,mixture,16.206162148330012,81.18359072948488,0.9999999740471262,2.5952873545995244e-08,3.3306690738754696e-16,120
pts,mixture,3.571826013198858,7.261210344743178,0.9999999999999999,1.7879042962277535e-17,1.1102230246251565e-16,80
pts,mixture,1.6384157920622522,4.017667627400446,0.9999999999866744,1.3325728220939085e-11,2.220446049250313e-16,80
pts,mixture,13.339245276011729,29.948000416359662,0.9999999999728867,2.711256986943755e-11,7.771561172376096e-16,80
pts,mixture,17.921768961159422,60.80630803862738,0.9999992172092491,7.827907510380052e-07,2.220446049250313e-16,80
pts,mixture,8.049313574724344,25.689831902484343,0.9999999987589522,1.2410481753157942e-09,4.440892098500626e-16,80
pts,mixture,2.534439312529644,7.413461185210316,0.9999999994073137,5.926866065535984e-10,2.220446049250313e-16,80
pts,mixture,5.4553545046944265,16.93547904896416,0.9999999989158738,1.084126358644715e-09,2.220446049250313e-16,80
pts,mixture,18.660149731247433,65.18509656542625,0.9999999998901349,1.0986519895261393e-10,0.0,120
pts,mixture,17.49747863866401,47.78510521474965,0.999999942462491,5.75375080052496e-08,9.992007221626409e-16,80
pts,mixture,9.30269490234471,26.228888677393712,0.9999999960957876,3.904212558782326e-09,2.220446049250313e-16,80
pts,mixture,16.838900240229073,54.78312290963714,0.9999997418473601,2.581526401914021e-07,2.220446049250313e-16,80
pts,mixture,9.139132486207071,27.64520179120065,0.9999999755075605,2.4492439689420097e-08,2.220446049250313e-16,80
pts,mixture,5.244417358035247,18.552235534968993,0.9999999958869634,4.113037100110735e-09,4.440892098500626e-16,80
pts,mixture,5.004232419231365,14.291535294572803,0.9999999998927919,1.0720836066335397e-10,2.220446049250313e-16,80
pts,mixture,2.8417037170807538,6.830812195007294,0.9999999999994902,5.098441308573569e-13,0.0,80
pts,mixture,5.837422823350718,18.94777650776593,0.9999999968474534,3.1525464508668873e-09,1.1102230246251565e-16,80
pts,mixture,2.9746485806770715,7.572325329716481,0.9999999999952319,4.768179223017721e-12,0.0,80
pts,mixture,5.5016939229645505,22.012997741824023,0.9999999386141776,6.138582304129931e-08,6.661338147750939e-16,80
pts,mixture,7.850206376785845,23.27268385583166,0.9999999998848377,1.1516278187324996e-10,4.440892098500626e-16,80
pts,mixture,13.801545949679047,38.85231740590652,0.9999999966024461,3.397554241317702e-09,4.440892098500626e-16,80
pts,mixture,9.447877198199803,25.466992205360626,0.9999999990806082,9.193919990578953e-10,2.220446049250313e-16,80
pts,mixture,3.868256687209524,10.416486879253485,0.9999999999763683,2.363159912574074e-11,0.0,80
pts,mixture,4.561920029928143,11.63080376523828,0.9999999999978972,2.1028670587706007e-12,0.0,80
pts,mixture,10.144720606494491,26.41207133423042,0.9999999997840726,2.159275109949405e-10,2.220446049250313e-16,80
pts,mixture,4.828660533231852,13.210195173852352,0.9999999999727897,2.721072356377522e-11,4.440892098500626e-16,80
pts,mixture,19.111461280981057,53.748346719820006,0.9999998305077736,1.6949222503120603e-07,1.3322676295501878e-15,80
pts,mixture,18.074831054465296,49.35137982333606,0.9999999367632868,6.323671232572235e-08,8.881784197001252e-16,80
pts,mixture,5.024623725289564,13.581782141818078,0.9999999999842417,1.5758157339335632e-11,1.1102230246251565e-16,80
pts,mixture,1.3471684799488197,3.194074295667252,0.999999999987221,1.2779071091456527e-11,0.0,80
pts,mixture,4.270170505914692,12.03183975879022,0.9999999999092509,9.074902275901714e-11,0.0,80
pts,mixture,10.551670937224117,25.241852043738817,0.9999999999945838,5.4163385038064964e-12,2.220446049250313e-16,80
pts,mixture,8.624436339299622,28.487476788922137,0.9999999968262602,3.173740100763365e-09,2.220446049250313e-16,80
pts,mixture,10.971999849767409,28.70264021655977,0.9999999997792315,2.207687562534928e-10,2.220446049250313e-16,80
pts,mixture,2.33907883356242,7.885128636673555,0.9999999624083377,3.7591662854987164e-08,4.440892098500626e-16,80
pts,mixture,10.284531587162233,26.008825310978125,0.9999999999387583,6.124170236741852e-11,0.0,80
pts,mixture,9.957641547486256,25.66426624269093,0.9999999998508737,1.491265391361279e-10,2.220446049250313e-16,80
pts,mixture,13.757252239050311,32.40041448566723,0.9999999997844413,2.15557746045009e-10,8.881784197001252e-16,80
pts,mixture,12.107201418875416,33.03542942175875,0.9999999990165114,9.834887758505721e-10,2.220446049250313e-16,80
pts,mixture,14.104694761703215,32.375806325736164,0.9999999999163733,8.362578314943081e-11,8.881784197001252e-16,80
pts,mixture,19.6914235913999,57.36521714190553,0.9999995588754121,4.4112458681244286e-07,9.992007221626409e-16,80
pts,mixture,14.594120869027348,43.668185581136356,0.9999999785397463,2.1460253869679954e-08,2.220446049250313e-16,80
pts,mixture,5.706422867624998,17.980821458949684,0.9999999984833471,1.516652816740406e-09,1.1102230246251565e-16,80
pts,mixture,12.337765459873946,28.97681501552003,0.9999999997997999,2.0019952606921115e-10,5.551115123125783e-16,80
pts,mixture,2.6276491712456638,7.627655506443893,0.9999999996091117,3.9088830579081215e-10,0.0,80
pts,mixture,2.350965351447819,5.238322810609751,0.9999999999999776,2.2233669628852158e-14,2.220446049250313e-16,80
pts,mixture,3.3253798215409924,7.893719286818884,0.9999999999997792,2.208733042486669e-13,0.0,80
pts,mixture,8.178914099183723,28.452185137119912,0.9999999878464665,1.2153533569995546e-08,0.0,80
pts,mixture,14.258877730992806,44.475400136998246,0.9999999388294758,6.117052447705734e-08,2.220446049250313e-16,80
pts,mixture,5.082314968101953,20.11294359475167,0.9999999396662936,6.033370680909603e-08,4.440892098500626e-16,80
pts,mixture,14.86891113008289,46.40532984620231,0.9999999342884832,6.571151682847243e-08,0.0,80
pts,mixture,7.13591629120989,22.504203239268705,0.9999999989441671,1.0558329446419438e-09,0.0,80
pts,mixture,1.2670426081494117,2.7509847580736038,0.9999999999997409,2.5924999491322307e-13,2.220446049250313e-16,80
pts,mixture,13.790578614378333,33.52763473569746,0.9999999991906516,8.093475439093363e-10,7.771561172376096e-16,80
pts,mixture,3.4447552880452466,12.53393639640279,0.999999960883524,3.911647655771357e-08,6.661338147750939e-16,80
pts,mixture,17.760830957728643,49.01665383606917,0.9999999196316307,8.036836823597898e-08,1.1102230246251565e-15,80
pts,mixture,4.3488656179059975,15.69196183165321,0.9999999858636309,1.4136369607395718e-08,4.440892098500626e-16,80
pts,mixture,2.9168403425815512,9.385260063677014,0.9999999955578893,4.4421109123663675e-09,2.220446049250313e-16,80
pts,mixture,9.622194303524052,19.768923500130384,0.999999999999776,2.239166148848992e-13,1.1102230246251565e-16,80
pts,mixture,3.3704576703024265,7.55421429805269,0.9999999999999866,1.3392094946921896e-14,0.0,80
pts,mixture,6.251140574772488,19.731600660852166,0.999999998616577,1.3834232376703346e-09,2.220446049250313e-16,80
pts,mixture,2.314703376188397,5.15724999990336,0.9999999999999775,2.2992201979379094e-14,4.440892098500626e-16,80
pts,mixture,15.237064942808782,39.24656908008467,0.9999999926048712,7.3951278668943215e-09,9.992007221626409e-16,80
pts,mixture,3.394983343582815,8.833877780553907,0.9999999999913978,8.602305424416547e-12,0.0,80
pts,mixture,3.4726678997422717,7.906132198728116,0.9999999999999725,2.7380886214028043e-14,1.1102230246251565e-16,80
pts,mixture,1.793878926850869,4.630963918283312,0.9999999999419305,5.8069750132619106e-11,2.220446049250313e-16,80
pts,mixture,21.081347775933963,63.10892014074534,0.9999999999752439,2.475480426698729e-11,1.3322676295501878e-15,120
pts,mixture,1.6339188467685009,4.129665991332182,0.9999999999530625,4.693723549594435e-11,2.220446049250313e-16,80
pts,mixture,12.024620387932117,46.00755700076397,0.9999998374385662,1.6256143390755663e-07,2.220446049250313e-16,80
pts,mixture,13.579273823304183,31.56920786790434,0.9999999998770361,1.2296330024359484e-10,5.551115123125783e-16,80
pts,mixture,15.270087744809098,44.47069981708992,0.9999999862484934,1.3751507165482499e-08,6.661338147750939e-16,80
pts,mixture,7.712347622400163,23.949187815109788,0.9999999994329456,5.670545904923901e-10,2.220446049250313e-16,80
pts,mixture,7.254497638657714,15.702450526455841,0.9999999999999399,6.033801620493288e-14,2.220446049250313e-16,80
pts,mixture,4.083382435660926,13.893676311630752,0.9999999955925513,4.407449179989851e-09,4.440892098500626e-16,80
pts,mixture,13.343313440701085,37.116657770587864,0.9999999978689358,2.1310642255387423e-09,0.0,80
pts,mixture,9.315136781710693,24.662368401193348,0.9999999995098348,4.901652775748812e-10,0.0,80
pts,mixture,1.9104217704676956,4.099857201623228,0.9999999999999948,5.372985371679192e-15,2.220446049250313e-16,80
pts,mixture,3.991169386488873,10.99354098918118,0.99999999995177,4.823000492491539e-11,0.0,80
pts,mixture,16.46977256325861,52.308487209346424,0.999999858167749,1.4183225120649494e-07,2.220446049250313e-16,80
pts,mixture,5.211690938872057,13.88626161837712,0.9999999998775824,1.224175825043061e-10,0.0,80
pts,mixture,6.689267104320668,19.369788384356724,0.9999999999250991,7.490117606000167e-11,2.220446049250313e-16,80
pts,mixture,8.285766488982972,25.891033477615096,0.9999999993704835,6.295165252206642e-10,0.0,80
pts,mixture,3.1617366266523517,8.330226147528702,0.9999999999847842,1.521572871663424e-11,1.1102230246251565e-16,80
pts,mixture,10.265722195812737,26.845904359095798,0.9999999997488537,2.511464750336153e-10,2.220446049250313e-16,80
pts,mixture,4.557583960480139,13.669091493068425,0.9999999994676034,5.323963440729867e-10,2.220446049250313e-16,80
pts,mixture,10.449627415171575,36.84920070703073,0.999999980045337,1.9954663153550375e-08,2.220446049250313e-16,80
pts,mixture,14.144422243344557,40.6912393248538,0.9999999931951731,6.804827499203544e-09,6.661338147750939e-16,80
pts,mixture,2.700350442571065,5.705666545931241,0.999999999999999,9.690157546534602e-16,0.0,80
pts,mixture,5.006268756702422,19.353840799442622,0.9999999606006229,3.9399377587090724e-08,4.440892098500626e-16,80
pts,mixture,4.3923314416966805,16.362583935555225,0.9999999725164045,2.7483595930144885e-08,4.440892098500626e-16,80
pts,mixture,3.0709912846294576,7.5405663895295625,0.9999999999989206,1.0790943684066357e-12,2.220446049250313e-16,80
pts,mixture,3.9481005981858313,13.89338157023976,0.999999988570693,1.1429307221165513e-08,2.220446049250313e-16,80
pts,mixture,2.3847776468942468,7.138732558732088,0.9999999984055644,1.5944356330692604e-09,0.0,80
pts,mixture,16.618034342934912,52.30156237077847,0.9999998761494403,1.2385055985887444e-07,2.220446049250313e-16,80
pts,mixture,7.453490361349995,24.15559141642676,0.9999999978583999,2.1416004753414207e-09,4.440892098500626e-16,80
pts,mixture,7.909170369818057,26.004670707586193,0.9999999970390978,2.960902419900208e-09,2.220446049250313e-16,80
pts,mixture,1.1749499718020144,2.494964147291297,0.9999999999998594,1.4095327382354196e-13,4.440892098500626e-16,80
pts,mixture,4.910227517276345,20.401817021380644,0.9999998392563315,1.6074366885017005e-07,4.440892098500626e-16,80
pts,mixture,4.462335982060695,10.048273332820987,0.9999999999998288,1.714432773714239e-13,2.220446049250313e-16,80
pts,mixture,1.9653724720572763,5.643820131856794,0.9999999986975547,1.3024454778632129e-09,2.220446049250313e-16,80
pts,mixture,2.371419469003975,7.685769494826927,0.9999999862460944,1.3753905423670584e-08,1.1102230246251565e-16,80
pts,mixture,3.812472509391022,12.617487991417885,0.9999999971019125,2.8980877010739645e-09,2.220446049250313e-16,80
pts,mixture,2.6739263230180654,8.90275674238834,0.9999999848656475,1.513435260100745e-08,0.0,80
pts,mixture,6.384960220858067,18.621553545247338,0.9999999998863689,1.1363131191858002e-10,2.220446049250313e-16,80
pts,mixture,17.440796975238875,45.62570887206158,0.9999999831345076,1.686549157411489e-08,8.881784197001252e-16,80
pts,mixture,2.771629592897534,8.808992654542614,0.999999995950528,4.049472261414357e-09,2.220446049250313e-16,80
pts,mixture,1.3290116001019716,3.0240718683154153,0.9999999999979683,2.031922357889247e-12,2.220446049250313e-16,80
pts,mixture,5.585099372729815,14.752642070329276,0.9999999999959878,4.012292109941378e-12,0.0,80
pts,mixture,17.195987572376673,57.02505358611131,0.9999995845147114,4.1548528908801263e-07,4.440892098500626e-16,80
pts,mixture,4.9012296018161,14.88628157955014,0.9999999999719255,2.807515312973511e-11,6.661338147750939e-16,80
pts,mixture,11.574120162205658,25.73041908962057,0.9999999999851105,1.4889234404782432e-11,3.3306690738754696e-16,80
pts,mixture,14.007637993066057,39.55922345313414,0.9999999960458462,3.954154113879971e-09,2.220446049250313e-16,80
pts,mixture,9.441758239502613,33.992523777669604,0.9999999719556449,2.804435482020685e-08,2.220446049250313e-16,80
pts,mixture,21.81578598515396,66.86684449467725,0.9999999999322289,6.777022015790696e-11,8.881784197001252e-16,120
pts,mixture,11.456494125447884,28.032949027483227,0.9999999999829896,1.7010699822617798e-11,2.220446049250313e-16,80
reb,mixture,3.6388026013440196,5.543853185525451,0.9999999999999036,9.648824134374462e-14,2.220446049250313e-16,40
reb,mixture,2.938704647841871,4.542060403873572,0.9999999999999537,4.6627247804514224e-14,2.220446049250313e-16,40
reb,mixture,3.11821819188933,3.5997594590038755,1.0,0.0,0.0,40
reb,mixture,6.1537340286167055,9.700118565022699,0.9999999996748833,3.251168658103376e-10,2.220446049250313e-16,40
reb,mixture,1.3090608000054411,1.9865049324154676,0.9999999999999997,1.7721225891187885e-16,1.1102230246251565e-16,40
reb,mixture,3.140971480134369,5.1846295841069026,0.9999999999995537,4.464860400487445e-13,2.220446049250313e-16,40
reb,mixture,5.893069617491071,8.141033425549367,0.9999999999992402,7.59898220436824e-13,0.0,40
reb,mixture,2.266475835694836,4.656950811712518,0.9999999989150403,1.0849592575624428e-09,4.440892098500626e-16,40
reb,mixture,2.634147659352797,2.921072420437106,1.0,0.0,0.0,40
reb,mixture,5.231814620153306,8.208027159772051,0.9999999999525859,4.741437698165521e-11,2.220446049250313e-16,40
reb,mixture,1.056570183787164,1.586212589206898,0.9999999999999998,4.8442580217675587e-17,2.220446049250313e-16,40
reb,mixture,2.506560723615084,3.014122327677338,1.0000000000000004,0.0,4.440892098500626e-16,40
reb,mixture,1.7074047860639368,2.2455610883517467,1.0000000000000002,0.0,2.220446049250313e-16,40
reb,mixture,1.7641624453830431,2.2607652053494545,1.0000000000000004,0.0,4.440892098500626e-16,40
reb,mixture,3.5745231268553432,5.534718518288717,0.9999999999998128,1.871874327062263e-13,0.0,40
reb,mixture,4.824075203521856,5.986486734373933,1.0000000000000002,7.983099275384876e-17,2.220446049250313e-16,40
reb,mixture,3.8071527615541085,4.277147360782683,0.9999999999999999,0.0,1.1102230246251565e-16,40
reb,mixture,3.419361377044665,5.035295568020775,0.9999999999999956,4.450087969867105e-15,0.0,40
reb,mixture,2.5837869167894976,4.44620415984135,0.9999999999974035,2.596648403455156e-12,2.220446049250313e-16,40
reb,mixture,8.878191749351755,12.591613421442005,0.9999999993167036,6.832965260795845e-10,0.0,40
reb,mixture,5.762645021970373,10.0386148704875,0.9999999962588612,3.741139070710908e-09,2.220446049250313e-16,40
reb,mixture,1.1396896129937846,1.509304548494713,1.0000000000000002,0.0,2.220446049250313e-16,40
reb,mixture,2.6620821689848313,5.621371088899039,0.9999999967786438,3.2213562401725953e-09,0.0,40
reb,mixture,4.660659569712215,8.582348400836846,0.9999999996066082,3.933916163094013e-10,1.1102230246251565e-16,40
reb,mixture,0.9240072789902342,1.3765248742024745,0.9999999999999999,2.3694298094671293e-17,1.1102230246251565e-16,40
reb,mixture,2.0645584158769226,3.069768318096134,0.9999999999999994,5.487699408170393e-16,0.0,40
reb,mixture,1.3406803657293405,2.281988155220181,0.9999999999997814,2.1879025376676853e-13,2.220446049250313e-16,40
reb,mixture,5.654960454999362,8.672313130211176,0.9999999999951331,4.866857711324845e-12,0.0,40
reb,mixture,7.205669371801998,10.319504321875776,0.9999999992110823,7.889175327690443e-10,2.220446049250313e-16,40
reb,mixture,2.936329867552052,4.418746507291706,0.999999999999997,3.4002983612739464e-15,4.440892098500626e-16,40
reb,mixture,0.8721472023526697,1.2870771061042627,0.9999999999999999,1.076735221434987e-17,1.1102230246251565e-16,40
reb,mixture,3.007596986646713,5.050114911367533,0.9999999999993493,6.50862640770485e-13,2.220446049250313e-16,40
reb,mixture,2.3653206379755773,2.93805961886567,1.0000000000000004,0.0,4.440892098500626e-16,40
reb,mixture,0.9651749791030354,1.4033955289665645,1.0,3.2203549842332742e-18,0.0,40
reb,mixture,3.9149516769205306,4.559719278444668,1.0000000000000004,0.0,4.440892098500626e-16,40
reb,mixture,4.00195970066956,7.103913670205021,0.9999999999579742,4.202618261524386e-11,4.440892098500626e-16,40
reb,mixture,6.7491109295200244,9.592212213318255,0.9999999999840659,1.5934195178539324e-11,0.0,40
reb,mixture,2.1187428649212174,2.719887282275921,1.0,0.0,0.0,40
reb,mixture,2.9671738948911175,3.7044613016215635,1.0000000000000004,6.785331146383807e-20,4.440892098500626e-16,40
reb,mixture,2.15060112154268,2.7142780204445476,0.9999999999999999,0.0,1.1102230246251565e-16,40
reb,mixture,3.6353405645423758,6.252584448571186,0.9999999999931408,6.858919939009299e-12,2.220446049250313e-16,40
reb,mixture,1.8815156439642933,2.292044534788656,1.0,0.0,0.0,40
reb,mixture,2.253393477485361,3.0298458229730567,1.0000000000000004,4.071198687830284e-19,4.440892098500626e-16,40
reb,mixture,3.9180517740333145,6.42808778328464,0.9999999999979252,2.074856303322866e-12,0.0,40
reb,mixture,3.574573607426895,5.754021641580431,0.9999999999995538,4.462755698418627e-13,0.0,40
reb,mixture,1.547579945295342,2.1791896512706845,1.0000000000000007,1.6290873435438835e-19,6.661338147750939e-16,40
reb,mixture,2.550243299555088,4.249824555863572,0.9999999999998573,1.428993640242993e-13,2.220446049250313e-16,40
reb,mixture,1.7624616558487125,2.2880163327418503,1.0000000000000002,0.0,2.220446049250313e-16,40
reb,mixture,4.73789825784945,5.517593241180208,0.9999999999999998,7.312172647448296e-18,2.220446049250313e-16,40
reb,mixture,1.3062273200814196,1.9246444371419955,1.0,2.25155174450285e-17,0.0,40
reb,mixture,1.0743301245522956,1.5478452178403248,1.0000000000000007,1.9322434032747576e-18,6.661338147750939e-16,40
reb,mixture,1.4986768021787542,2.7866001986880797,0.9999999999806369,1.936314638775744e-11,0.0,40
reb,mixture,8.671570936041665,11.383634108567676,0.9999999997360995,2.6390056325529067e-10,0.0,40
reb,mixture,5.265498910317542,6.573336810741093,0.9999999999999999,5.666390500581119e-16,4.440892098500626e-16,40
reb,mixture,3.1687283329396676,3.679992638763265,1.0000000000000004,0.0,4.440892098500626e-16,40
reb,mixture,5.661761903486206,7.66926609807728,0.999999999999836,1.6425062334199698e-13,2.220446049250313e-16,40
reb,mixture,3.0316487135457773,3.3476691373968155,1.0,0.0,0.0,40
reb,mixture,4.069202481164598,7.901608478253731,0.9999999986239515,1.376048652008171e-09,2.220446049250313e-16,40
reb,mixture,6.2068050820748235,8.087535978743844,0.9999999999999069,9.336640818562782e-14,2.220446049250313e-16,40
reb,mixture,1.4670404524381706,2.2518936255177437,0.9999999999999994,5.730152643689692e-16,0.0,40
reb,mixture,1.5284782490537174,2.888006348897855,0.999999999960253,3.9747160464476616e-11,2.220446049250313e-16,40
reb,mixture,1.2606766759262782,2.053873481590199,0.9999999999999833,1.6208356742579755e-14,4.440892098500626e-16,40
reb,mixture,3.751688606419179,4.225192609253124,0.9999999999999999,0.0,1.1102230246251565e-16,40
reb,mixture,2.527587706537128,4.13585047560003,0.9999999999997309,2.6952837323090456e-13,4.440892098500626e-16,40
reb,mixture,5.511879533156551,8.11502325149321,0.9999999999933175,6.6827186345169775e-12,2.220446049250313e-16,40
reb,mixture,2.2207377401931954,2.4120964715830118,0.9999999999999999,0.0,1.1102230246251565e-16,40
reb,mixture,2.429353337420352,4.996503609788215,0.9999999987688944,1.2311057727812609e-09,2.220446049250313e-16,40
reb,mixture,1.2208788685513348,1.7326532980421778,1.0000000000000004,5.0908979485746355e-20,4.440892098500626e-16,40
reb,mixture,5.337953437010608,8.37793950082441,0.9999999999940375,5.962544785878525e-12,0.0,40
reb,mixture,1.4844130395339508,1.8017886759806334,1.0,0.0,0.0,40
reb,mixture,2.147761408963122,2.793505275002264,1.0000000000000004,0.0,4.440892098500626e-16,40
reb,mixture,3.677220633757801,7.468611321157896,0.9999999970840345,2.9159658778922946e-09,4.440892098500626e-16,40
reb,mixture,3.2974088727684667,3.669603864515512,1.0,0.0,0.0,40
reb,mixture,4.905687160106947,5.741067167454155,1.0,2.1655280532827642e-17,0.0,40
reb,mixture,8.449078249996814,12.075221017545246,0.9999999995898352,4.1016513768862897e-10,4.440892098500626e-16,40
reb,mixture,5.512124999668592,6.522226944104176,0.9999999999999992,4.864818321688845e-16,3.3306690738754696e-16,40
reb,mixture,1.6974498386058732,2.0642018688125647,1.0000000000000002,0.0,2.220446049250313e-16,40
reb,mixture,1.637054677143084,1.9777775708670657,1.0,0.0,0.0,40
reb,mixture,1.5114577936843183,2.7897314874422436,0.9999999999863607,1.3639261799668622e-11,0.0,40
reb,mixture,4.391803383581541,5.0165962980006675,1.0,2.812374095172421e-19,0.0,40
reb,mixture,1.3781175255766056,1.8199286713705463,1.0,0.0,0.0,40
reb,mixture,2.1023459289240978,2.424210297772536,1.0000000000000004,0.0,4.440892098500626e-16,40
reb,mixture,3.2666232076285233,3.649337334593463,1.0,0.0,0.0,40
reb,mixture,6.800353519764368,8.542432908645637,0.9999999999992523,7.478771538088582e-13,2.220446049250313e-16,40
reb,mixture,3.1326709701828888,4.024636373553303,1.0000000000000004,1.8327232614868693e-19,4.440892098500626e-16,40
reb,mixture,2.9159620434317444,3.6483123256380736,1.0,0.0,0.0,40
reb,mixture,6.064120636929019,10.569259678064888,0.9999999993834693,6.165304603679958e-10,2.220446049250313e-16,40
reb,mixture,1.2443283421274776,2.007428664261589,0.9999999999999915,8.69262312545526e-15,2.220446049250313e-16,40
reb,mixture,9.385163216625582,12.051343523387061,0.999999999543315,4.5668484385147047e-10,2.220446049250313e-16,40
reb,mixture,8.66478786629634,12.005608526814925,0.9999999997629391,2.370612752528319e-10,4.440892098500626e-16,40
reb,mixture,1.9203474736099797,2.317812300937998,0.9999999999999999,0.0,1.1102230246251565e-16,40
reb,mixture,1.3142185944560607,1.9921932064574528,1.0,1.6698039459392126e-16,2.220446049250313e-16,40
reb,mixture,1.9975392118944255,2.8218595070100565,1.0000000000000002,2.199267913784242e-18,2.220446049250313e-16,40
reb,mixture,3.4841653903622483,4.0254301268357136,1.0000000000000002,0.0,2.220446049250313e-16,40
reb,mixture,8.264797930644665,10.691929833236884,0.999999999930147,6.985304383143708e-11,0.0,40
reb,mixture,3.0814246309637285,4.047018595887442,1.0000000000000002,6.853184457847643e-18,2.220446049250313e-16,40
reb,mixture,7.847671048628131,10.605205478716634,0.9999999999790936,2.090650480017976e-11,2.220446049250313e-16,40
reb,mixture,5.068086226328893,8.294997447807003,0.9999999998523627,1.4763757771922233e-10,2.220446049250313e-16,40
reb,mixture,1.8514306333975838,2.4489925693688845,1.0000000000000002,4.5463678322078473e-20,2.220446049250313e-16,40
reb,mixture,1.5510428015062143,2.0168668607252482,1.0000000000000002,0.0,2.220446049250313e-16,40
reb,mixture,1.3073793780719127,1.8215847013045368,0.9999999999999997,2.0363591794298544e-20,3.3306690738754696e-16,40
reb,mixture,3.21467422886621,5.340575109375262,0.9999999999993017,6.984218904319806e-13,0.0,40
reb,mixture,2.1661622298211314,3.6823961850186144,0.9999999999998724,1.2776157242852939e-13,2.220446049250313e-16,40
reb,mixture,1.9481034332700233,2.7948330587130794,1.0,3.9027408858207336e-17,0.0,40
reb,mixture,3.8228022615368507,5.117870437584507,1.0,5.621056873314656e-17,0.0,40
reb,mixture,3.3502309205714926,3.8289310867987414,1.0,0.0,0.0,40
reb,mixture,5.768915142544903,8.658743377879205,0.999999999974718,2.5282162673177602e-11,2.220446049250313e-16,40
reb,mixture,1.2662987245475816,1.6699875396709631,1.0000000000000002,0.0,2.220446049250313e-16,40
reb,mixture,1.7884064354979259,2.3208390789895033,1.0000000000000002,0.0,2.220446049250313e-16,40
reb,mixture,3.7129114691976635,4.63817307049602,1.0,1.8998927209874653e-18,0.0,40
reb,mixture,1.8264637835827013,2.4393324682131623,1.0,1.018179589714927e-20,0.0,40
reb,mixture,6.862290827759438,8.353819623977124,0.9999999999998233,1.7673069404030964e-13,0.0,40
reb,mixture,8.790358338901505,11.303572308398486,0.9999999998455447,1.5445522790242098e-10,1.1102230246251565e-16,40
reb,mixture,3.2640175377142677,5.030780022240863,0.9999999999999712,2.899821452470975e-14,2.220446049250313e-16,40
reb,mixture,0.8590223037744448,1.29940056064043,0.9999999999999997,8.955618077043072e-17,2.220446049250313e-16,40
reb,mixture,1.4370015385658912,1.9353705095165754,1.0,0.0,0.0,40
reb,mixture,3.400636651598675,3.89843623445463,1.0000000000000004,0.0,4.440892098500626e-16,40
reb,mixture,6.912179791027308,11.84451765699714,0.9999999986254657,1.3745343138073326e-09,0.0,40
reb,mixture,3.7980900080328084,4.622967468428495,1.0000000000000004,2.714132458553523e-19,4.440892098500626e-16,40
reb,mixture,1.1365739709833527,1.9034185148491518,0.9999999999999076,9.22191323786922e-14,1.1102230246251565e-16,40
reb,mixture,3.5813395972093294,4.331060676945437,1.0000000000000004,0.0,4.440892098500626e-16,40
reb,mixture,2.89717079740949,3.4631575126524723,1.0000000000000002,0.0,2.220446049250313e-16,40
reb,mixture,5.321827932301496,6.316909665558526,0.9999999999999994,3.0338460934259923e-16,2.220446049250313e-16,40
reb,mixture,4.29900511873241,5.278996996695877,1.0000000000000004,5.0211450483240165e-18,4.440892098500626e-16,40
reb,mixture,2.9079258852612213,3.1519318219821315,0.9999999999999999,0.0,1.1102230246251565e-16,40
reb,mixture,5.051463471835389,5.915665057275106,0.9999999999999996,4.07794243800001e-17,4.440892098500626e-16,40
reb,mixture,7.522703036973279,10.196670492430464,0.9999999999884719,1.1528064370330429e-11,0.0,40
reb,mixture,3.8167809009205174,6.714629889756944,0.9999999999780473,2.1952801390182866e-11,2.220446049250313e-16,40
reb,mixture,2.5186176791884844,2.806075904741519,0.9999999999999999,0.0,1.1102230246251565e-16,40
reb,mixture,2.2390584841544254,4.06649283957248,0.999999999987757,1.2242956670279314e-11,0.0,40
reb,mixture,1.5893108160740153,2.411697440799039,0.9999999999999999,3.910266278568159e-17,1.1102230246251565e-16,40
reb,mixture,1.1220468664017564,1.4121473891151064,1.0000000000000002,0.0,2.220446049250313e-16,40
reb,mixture,2.2518266269039047,2.9343218360115157,1.0000000000000002,1.0181795897149272e-20,2.220446049250313e-16,40
reb,mixture,6.96994874370407,9.807652714818417,0.9999999999839925,1.6007689922953163e-11,2.220446049250313e-16,40
reb,mixture,1.4899007934155306,2.0491365607806515,1.0000000000000002,2.7278206993247094e-19,2.220446049250313e-16,40
reb,mixture,8.969778109002556,13.226541429196132,0.9999999975738869,2.4261131563462953e-09,0.0,40
reb,mixture,1.6873735020285938,2.0674781541394087,1.0000000000000002,0.0,2.220446049250313e-16,40
reb,mixture,1.1261202086226836,1.789282052770394,0.999999999999997,3.044972732650051e-15,0.0,40
reb,mixture,8.16106886734353,10.832300990956924,0.9999999998343595,1.656403910976081e-10,1.1102230246251565e-16,40
reb,mixture,2.517968321034813,5.038773223955237,0.9999999994518433,5.481570197985377e-10,2.220446049250313e-16,40
reb,mixture,4.365709135800131,5.045768115940138,0.9999999999999999,5.624748190344842e-19,1.1102230246251565e-16,40
reb,mixture,2.2183960577505535,3.5277573653501344,0.9999999999999671,3.306316837880804e-14,2.220446049250313e-16,40
reb,mixture,1.5630055090683888,2.523329152505271,0.9999999999999855,1.4560087547083756e-14,0.0,40
reb,mixture,3.7310968805508637,4.3656532012840685,1.0,0.0,0.0,40
reb,mixture,4.118889279554548,7.365844780830656,0.9999999999339533,6.604665391628492e-11,1.1102230246251565e-16,40
reb,mixture,3.1498346231390295,4.847275612516292,0.9999999999999803,1.9642057855758677e-14,0.0,40
reb,mixture,1.0695954978983901,1.4501718873535978,1.0000000000000002,0.0,2.220446049250313e-16,40
reb,mixture,7.918738683875351,10.412027724725235,0.999999999928463,7.153708604812429e-11,0.0,40
reb,mixture,1.4550879018987202,2.0512938446348565,1.0,1.2218155076579126e-19,0.0,40
reb,mixture,4.2744562095349865,7.760907942074258,0.999999999860583,1.3941714551806525e-10,2.220446049250313e-16,40
reb,mixture,1.2204501628894275,1.9490112050509478,0.9999999999999957,4.4636346654568186e-15,2.220446049250313e-16,40
reb,mixture,7.63002433091167,9.45944199820616,0.999999999996992,3.007783611768849e-12,2.220446049250313e-16,40
reb,mixture,1.2876016153151204,2.168365251143324,0.9999999999998813,1.1860944017773315e-13,1.1102230246251565e-16,40
reb,mixture,7.076629769019062,10.850347002582126,0.9999999999001655,9.983465701353337e-11,2.220446049250313e-16,40
reb,mixture,2.7235004766394746,2.977516583753399,0.9999999999999999,0.0,1.1102230246251565e-16,40
reb,mixture,10.828189132690746,15.150121679580124,0.9999999868059286,1.3194071664682067e-08,2.220446049250313e-16,40
reb,mixture,5.724396158727451,9.276537858374702,0.999999999962297,3.7703367611951224e-11,4.440892098500626e-16,40
reb,mixture,4.243884379456861,5.493491311580726,1.0000000000000002,1.9695393767677802e-16,4.440892098500626e-16,40
reb,mixture,2.170556772218248,3.3815318666160827,0.9999999999999899,1.018133767742722e-14,0.0,40
reb,mixture,3.341682688562448,3.8386568481838204,1.0,0.0,0.0,40
reb,mixture,5.406658189957644,7.875130202298706,0.999999999996682,3.3182623322289856e-12,2.220446049250313e-16,40
reb,mixture,1.2864782769313468,1.9369853473549308,1.0000000000000002,7.361569025391852e-18,2.220446049250313e-16,40
reb,mixture,2.2091558819291417,3.4461776194567646,0.9999999999999982,1.994149353196406e-15,2.220446049250313e-16,40
reb,mixture,8.522994116160563,11.661984422905064,0.9999999998752455,1.2475473916804067e-10,2.220446049250313e-16,40
reb,mixture,3.945283981911447,7.303518252616579,0.9999999995139633,4.860370954515037e-10,4.440892098500626e-16,40
reb,mixture,4.618542373048282,7.124145602304832,0.9999999999992956,7.045823281700368e-13,2.220446049250313e-16,40
reb,mixture,5.54518548860893,8.435469457624833,0.999999999997133,2.866922036802858e-12,1.1102230246251565e-16,40
reb,mixture,3.803358532888182,8.44529082270107,0.99999998210524,1.7894759940392874e-08,1.1102230246251565e-16,40
reb,mixture,4.87702587909212,6.457312926741043,0.9999999999999944,5.894619518383241e-15,4.440892098500626e-16,40
reb,mixture,2.966079824264604,5.188848618468889,0.999999999996972,3.0277529204451206e-12,2.220446049250313e-16,40
reb,mixture,2.589137830644453,3.1336294367609785,1.0000000000000002,0.0,2.220446049250313e-16,40
reb,mixture,5.056960310219423,6.175414671569008,1.0000000000000002,7.22668597470984e-17,2.220446049250313e-16,40
reb,mixture,2.39479284331026,3.7114107639451133,0.9999999999999972,2.6757892201502214e-15,1.1102230246251565e-16,40
reb,mixture,3.3852446765262756,6.186710369131459,0.9999999999093746,9.062548691685352e-11,0.0,40
reb,mixture,1.8319686853317796,2.7798683399195676,0.9999999999999993,8.643216355055239e-16,2.220446049250313e-16,40
reb,mixture,1.6067688245432061,2.3383389381336204,0.9999999999999998,2.5763687208809814e-18,2.220446049250313e-16,40
reb,mixture,1.8495642780649137,2.863328284156162,0.9999999999999972,2.885752750994282e-15,0.0,40
reb,mixture,1.3121639498192101,2.0920394216980114,0.9999999999999952,4.4528096835372964e-15,3.3306690738754696e-16,40
reb,mixture,3.82715375459586,4.4208246547591,1.0000000000000002,0.0,2.220446049250313e-16,40
reb,mixture,1.844501611358823,2.2952529138223774,1.0000000000000002,0.0,2.220446049250313e-16,40
reb,mixture,7.328402260180646,13.912093156451299,0.9999999733292546,2.667074528597536e-08,1.1102230246251565e-16,40
reb,mixture,1.0340709637053018,1.620189784757052,0.9999999999999989,1.1532682458809667e-15,0.0,40
reb,mixture,1.7931113610169322,2.7573848064120465,0.9999999999999983,1.6650470530160155e-15,0.0,40
reb,mixture,2.050127057501579,2.806501784128849,1.0000000000000007,3.3926655731919043e-19,6.661338147750939e-16,40
reb,mixture,0.8255133033132692,1.1969583418533223,1.0000000000000002,2.2731866337300218e-18,2.220446049250313e-16,40
reb,mixture,1.3975632521885504,2.4508880392263057,0.9999999999988942,1.1053327736256282e-12,4.440892098500626e-16,40
reb,mixture,1.1006821017435642,1.428786790916002,1.0,0.0,0.0,40
reb,mixture,1.483850330795759,2.5426170125562972,0.9999999999996648,3.351481340784939e-13,0.0,40
reb,mixture,2.1094054013209296,2.6970298344615813,1.0000000000000002,0.0,2.220446049250313e-16,40
reb,mixture,4.243375857523585,4.776823943363027,1.0000000000000002,0.0,2.220446049250313e-16,40
reb,mixture,2.1384385879723427,4.028813663955647,0.9999999999550663,4.4933944674321276e-11,2.220446049250313e-16,40
reb,mixture,1.2806901911763726,2.184263952491441,0.9999999999997531,2.46651219908401e-13,2.220446049250313e-16,40
reb,mixture,1.7333407279490087,2.1137431143329866,0.9999999999999998,0.0,2.220446049250313e-16,40
reb,mixture,7.894400771163364,10.735071862877724,0.9999999999715311,2.846927145735957e-11,4.440892098500626e-16,40
reb,mixture,3.7665399244875637,5.474101513966058,0.9999999999999895,1.1076309405294647e-14,4.440892098500626e-16,40
reb,mixture,3.369848656984686,3.845568514750637,0.9999999999999998,0.0,2.220446049250313e-16,40
reb,mixture,5.770269352261985,7.150780751245627,0.9999999999999981,2.1785235515204275e-15,2.220446049250313e-16,40
reb,mixture,2.4075496098744016,3.048076978753895,0.9999999999999999,0.0,1.1102230246251565e-16,40
reb,mixture,9.390915490042557,12.169880156440087,0.9999999993835551,6.164450430740456e-10,2.220446049250313e-16,40
reb,mixture,3.564261247764874,4.045013342193126,1.0000000000000004,0.0,4.440892098500626e-16,40
ast,mixture,1.6550065541685486,2.1571807892896886,0.9999999999999958,4.002395526236489e-15,2.220446049250313e-16,30
ast,mixture,1.3675970959626875,1.7913447255889718,0.9999999999999967,2.941053149434315e-15,4.440892098500626e-16,30
ast,mixture,4.108583268297259,4.79540916627122,0.9999999999988818,1.118587700801415e-12,4.440892098500626e-16,30
ast,mixture,0.9915350585844289,1.0789359199880404,1.0,0.0,0.0,30
ast,mixture,1.156996210139255,1.750632295296145,0.9999999999898822,1.0117243418193267e-11,5.551115123125783e-16,30
ast,mixture,1.0004039789410244,1.2091307603421078,1.0000000000000002,4.072718358859709e-20,2.220446049250313e-16,30
ast,mixture,1.5795250080069647,1.7294812455782056,0.9999999999999999,0.0,1.1102230246251565e-16,30
ast,mixture,0.5426458232013999,0.6945617485834632,1.0000000000000002,4.60599822924185e-17,2.220446049250313e-16,30
ast,mixture,3.2903112459781014,3.643060491635815,0.9999999999999996,6.565509240357093e-16,2.220446049250313e-16,30
ast,mixture,1.2333977064957184,1.3914825602510232,1.0,0.0,0.0,30
ast,mixture,0.37642379769655354,0.4508578410326799,1.0,7.577279720346413e-21,0.0,30
ast,mixture,2.902449958781838,3.54345355129856,0.9999999999999818,1.824046995058892e-14,0.0,30
ast,mixture,1.0022020353648005,1.1890077538521207,0.9999999999999998,0.0,2.220446049250313e-16,30
ast,mixture,1.959465497799106,2.57731019151217,0.9999999999999936,6.702146614465766e-15,2.220446049250313e-16,30
ast,mixture,1.082241010839065,1.3085315559868305,0.9999999999999999,5.758732587463274e-19,1.1102230246251565e-16,30
ast,mixture,2.08627743287758,2.283834695342044,0.9999999999999999,0.0,1.1102230246251565e-16,30
ast,mixture,6.449319086973375,7.436461793163794,0.9999999993934143,6.065858187177376e-10,2.220446049250313e-16,30
ast,mixture,1.4713562339846304,1.7734407049360112,1.0000000000000002,7.738164881833447e-19,2.220446049250313e-16,30
ast,mixture,0.6226009578320748,0.7478438038490184,1.0,5.30409580424249e-20,0.0,30
ast,mixture,1.778365631638114,1.9129743615615236,1.0,0.0,0.0,30
ast,mixture,2.114642580182714,2.668508278771932,0.9999999999999961,4.1148997196007306e-15,2.220446049250313e-16,30
ast,mixture,0.8205871051516306,1.042041315273802,0.9999999999999998,4.237374487279904e-17,2.220446049250313e-16,30
ast,mixture,1.0473605517614126,1.5590832700191308,0.9999999999959606,4.039035787854614e-12,4.440892098500626e-16,30
ast,mixture,0.7423740853163819,0.8426344969037121,1.0000000000000002,0.0,2.220446049250313e-16,30
ast,mixture,0.5610625864007875,0.7445212462226461,0.9999999999999987,1.5076920034565135e-15,2.220446049250313e-16,30
ast,mixture,0.7306118124136953,0.87925565100041,0.9999999999999997,9.850463636450337e-20,3.3306690738754696e-16,30
ast,mixture,0.45570319157983397,0.5753733805538132,1.0,1.1699610133171186e-17,0.0,30
ast,mixture,1.853948276718287,2.182654628325018,1.0000000000000002,5.5999877434321e-19,2.220446049250313e-16,30
ast,mixture,4.511948792100281,5.55114543687008,0.9999999999238622,7.613783756957614e-11,0.0,30
ast,mixture,1.1885515013837973,1.4333686032868005,1.0,1.3236334666294049e-19,0.0,30
ast,mixture,0.41954775318059767,0.5249520328892335,1.0000000000000002,4.485784630311346e-18,2.220446049250313e-16,30
ast,mixture,0.830453351736752,0.9871656685803141,1.0,0.0,0.0,30
ast,mixture,1.8386948340817924,2.1891450168969193,1.0000000000000004,1.871985893460378e-18,4.440892098500626e-16,30
ast,mixture,0.3796551658858165,0.45477160574373815,1.0,7.577279720346414e-21,0.0,30
ast,mixture,2.2294258059997074,2.4160190119563545,1.0,0.0,0.0,30
ast,mixture,0.8745273904629203,1.0237219492968883,1.0000000000000004,0.0,4.440892098500626e-16,30
ast,mixture,2.50195717506436,2.863782801300803,0.9999999999999997,1.533513560084532e-17,3.3306690738754696e-16,30
ast,mixture,1.2653176222519689,1.481837175025827,1.0,0.0,0.0,30
ast,mixture,2.3007107047375714,2.719069029141883,1.0000000000000002,9.821461888040258e-17,2.220446049250313e-16,30
ast,mixture,2.520047104636667,3.3023483338749395,0.9999999999999563,4.3881576129081125e-14,2.220446049250313e-16,30
ast,mixture,1.043500433879209,1.2606696347514388,0.9999999999999999,4.072718358859709e-20,1.1102230246251565e-16,30
ast,mixture,2.21604991570192,2.7919447275238625,0.9999999999999993,1.1933455712740074e-15,4.440892098500626e-16,30
ast,mixture,0.9765490343104611,1.1175971138415264,0.9999999999999997,0.0,3.3306690738754696e-16,30
ast,mixture,1.0875412793559613,1.2825379117633704,1.0000000000000002,0.0,2.220446049250313e-16,30
ast,mixture,0.8792159749390529,1.0121260045668286,0.9999999999999999,0.0,1.1102230246251565e-16,30
ast,mixture,0.5859908419879795,0.6770553431102664,1.0000000000000004,0.0,4.440892098500626e-16,30
ast,mixture,0.6542768796699546,0.766774734363932,1.0000000000000004,0.0,4.440892098500626e-16,30
ast,mixture,1.0824867823492839,1.28234239698383,1.0000000000000002,0.0,2.220446049250313e-16,30
ast,mixture,4.126192333704577,4.569220518642773,0.9999999999999661,3.39102148507383e-14,0.0,30
ast,mixture,0.8507299453232293,1.1470656554384608,0.9999999999999933,6.353992901264918e-15,3.3306690738754696e-16,30
ast,mixture,0.45586062303908664,0.5512265871043558,0.9999999999999999,5.30409580424249e-20,1.1102230246251565e-16,30
ast,mixture,0.34346292389290667,0.4175110492376588,1.0,1.3639103496623544e-19,0.0,30
ast,mixture,2.582167836645887,2.7644792795169035,1.0,0.0,0.0,30
ast,mixture,3.816862646665498,4.437802978046298,0.9999999999999704,2.950952584319336e-14,1.1102230246251565e-16,30
ast,mixture,6.986556172194183,9.24916272993159,0.9999999709150428,2.908495724922946e-08,0.0,30
ast,mixture,2.346671319946712,2.6661245215150817,1.0,2.9855457044088752e-18,0.0,30
ast,mixture,6.0651366450639435,7.009601363162858,0.9999999997620298,2.379702886786478e-10,0.0,30
ast,mixture,0.8926514511239031,1.1109273777062016,0.9999999999999998,8.15916461205541e-18,2.220446049250313e-16,30
ast,mixture,2.4133505632367087,2.6711517642540414,0.9999999999999998,2.714132458553523e-19,2.220446049250313e-16,30
ast,mixture,0.7792036445269827,1.0292032048388637,0.9999999999999991,1.1081018746067742e-15,2.220446049250313e-16,30
ast,mixture,0.2507920268425849,0.29082596564605967,1.0000000000000002,0.0,2.220446049250313e-16,30
ast,mixture,0.3639785768487236,0.43694889645217033,1.0000000000000002,1.5154559440692828e-20,2.220446049250313e-16,30
ast,mixture,2.931133060703464,3.1453882274475635,1.0,3.656086323724148e-18,0.0,30
ast,mixture,1.0530114887844404,1.3800277480407979,0.9999999999999987,1.2939497723787983e-15,0.0,30
ast,mixture,2.7395025557596027,3.347155890090238,0.9999999999999902,9.854519004826204e-15,0.0,30
ast,mixture,2.7063354469029077,2.9264683232144613,1.0,1.968661866620694e-18,0.0,30
ast,mixture,0.38210201014874146,0.4528379278164691,0.9999999999999999,0.0,1.1102230246251565e-16,30
ast,mixture,0.9592465169296589,1.27662300320565,1.0,1.2153122122055912e-16,2.220446049250313e-16,30
ast,mixture,1.3393496197256087,1.5330551524588987,1.0000000000000002,0.0,2.220446049250313e-16,30
ast,mixture,2.087456100370198,2.6934248018201616,0.9999999999999868,1.3198542730730001e-14,0.0,30
ast,mixture,2.1705289975686735,2.806706820114119,0.9999999999999767,2.3077722222890447e-14,2.220446049250313e-16,30
ast,mixture,0.5713070697242709,0.6772407884451401,0.9999999999999998,0.0,2.220446049250313e-16,30
ast,mixture,2.70606109546036,2.8929621066093487,1.0000000000000002,2.812374095172421e-19,2.220446049250313e-16,30
ast,mixture,2.355823093699493,2.500121596310997,1.0000000000000004,0.0,4.440892098500626e-16,30
ast,mixture,2.8171909644915147,3.1841077899887225,1.0000000000000002,2.853909042469866e-17,2.220446049250313e-16,30
ast,mixture,2.3767297553017057,2.515381886191107,1.0,0.0,0.0,30
ast,mixture,2.5399201918857335,3.329473685775614,0.9999999999997289,2.712829253043159e-13,2.220446049250313e-16,30
ast,mixture,1.6440342254722085,1.9912282612275836,1.0,3.2832740039439317e-18,0.0,30
ast,mixture,0.20029820316407554,0.2249051606114867,1.0,0.0,0.0,30
ast,mixture,7.353842997624248,8.635530282797852,0.9999999905637357,9.436264461482357e-09,2.220446049250313e-16,30
ast,mixture,0.9358150441857072,1.1408012822544285,1.0,4.0727183588597093e-20,0.0,30
ast,mixture,4.54982228064091,5.960840370635527,0.9999999998713948,1.2860505848144477e-10,2.220446049250313e-16,30
ast,mixture,3.5610260916278453,3.905231040939343,0.9999999999999991,1.1484970688241908e-15,2.220446049250313e-16,30
ast,mixture,2.412484345262774,2.580880865772496,1.0000000000000002,0.0,2.220446049250313e-16,30
ast,mixture,1.3399696790636035,1.5054538884662236,1.0,0.0,0.0,30
ast,mixture,3.0932839080621353,3.9295549413759154,0.999999999999924,7.641691127637054e-14,4.440892098500626e-16,30
ast,mixture,1.2061637830107852,1.3863036742525663,1.0000000000000002,0.0,2.220446049250313e-16,30
ast,mixture,0.3137265262964588,0.36730364318011594,1.0000000000000004,0.0,4.440892098500626e-16,30
ast,mixture,7.689018147998025,8.965721897806084,0.9999999838723409,1.6127659283458343e-08,2.220446049250313e-16,30
ast,mixture,2.5535668426803113,2.814138077442493,1.0000000000000004,4.749731802468665e-19,4.440892098500626e-16,30
ast,mixture,1.3783795035161925,1.5856135949920132,1.0000000000000002,0.0,2.220446049250313e-16,30
ast,mixture,0.45905792986337673,0.5519023536624788,0.9999999999999998,1.5154559440692828e-20,2.220446049250313e-16,30
ast,mixture,0.7478646841094246,0.8641982679480603,1.0000000000000002,0.0,2.220446049250313e-16,30
ast,mixture,3.250259984353893,3.673355211319201,0.9999999999999997,3.377996580550853e-16,0.0,30
ast,mixture,3.202872698780753,3.477937745875634,1.0000000000000002,6.73537215273548e-17,2.220446049250313e-16,30
ast,mixture,2.4929153580794945,3.09515978190535,0.9999999999999903,9.733781412135524e-15,0.0,30
ast,mixture,3.146084049177181,3.5443447282235105,0.9999999999999999,1.5454515628050814e-16,0.0,30
ast,mixture,2.096665217420852,2.627448270779757,0.9999999999999977,2.4111589225727812e-15,0.0,30
ast,mixture,1.234570093785618,1.5620237661614602,0.9999999999999998,1.1765574404782337e-16,1.1102230246251565e-16,30
ast,mixture,1.7368517452431806,2.325176018316088,0.9999999999999928,7.686307611417404e-15,4.440892098500626e-16,30
ast,mixture,1.4230056865134837,2.03526481501895,0.9999999999999111,8.917555075858133e-14,2.220446049250313e-16,30
ast,mixture,0.9307909768072276,1.1102384848332965,1.0,0.0,0.0,30
ast,mixture,0.6649669195807486,0.8085347747017333,0.9999999999999999,0.0,1.1102230246251565e-16,30
ast,mixture,1.1160264929350496,1.446470447870473,0.9999999999999989,6.546654055417455e-16,4.440892098500626e-16,30
ast,mixture,2.4065058442536067,2.9270913259715243,0.9999999999999999,2.771621022318393e-16,2.220446049250313e-16,30
ast,mixture,5.953944273075303,7.305294102400076,0.9999999996354453,3.645549663830013e-10,2.220446049250313e-16,30
ast,mixture,1.2158261647009276,1.3372065862637235,1.0,0.0,0.0,30
ast,mixture,1.6361331478289018,2.313973559128097,0.9999999999998918,1.0837690658707872e-13,2.220446049250313e-16,30
ast,mixture,2.188215017458164,2.991840087183493,0.9999999999998613,1.391893540298207e-13,4.440892098500626e-16,30
ast,mixture,2.5132210648222255,2.907875563093241,0.9999999999999999,4.5287301379835015e-17,1.1102230246251565e-16,30
ast,mixture,1.552056897403644,1.9979368064312073,1.0000000000000002,2.616167225608106e-16,4.440892098500626e-16,30
ast,mixture,3.42542489007727,3.69514019494847,1.0,1.4313256444132272e-16,2.220446049250313e-16,30
ast,mixture,3.1481467020529044,3.3843331383186204,1.0,1.7999194209103495e-17,0.0,30
ast,mixture,1.3242440677245586,1.6174428131161729,1.0,1.0996339568921214e-18,0.0,30
ast,mixture,0.3216571471017541,0.38910191628409996,0.9999999999999998,6.819551748311771e-20,2.220446049250313e-16,30
ast,mixture,1.0645540879330306,1.3397070585944266,1.0,2.6404176577080905e-18,0.0,30
ast,mixture,5.6215689522925985,6.838732774208033,0.9999999998885968,1.1140352809249039e-10,2.220446049250313e-16,30
ast,mixture,1.9068414372203868,2.286891911665724,1.0000000000000002,6.077564735537015e-18,2.220446049250313e-16,30
ast,mixture,2.860057784260233,3.2902385059328285,0.9999999999999997,1.6441277805159135e-16,2.220446049250313e-16,30
ast,mixture,0.27584896027886363,0.32520289638741723,1.0,0.0,0.0,30
ast,mixture,2.9632404434554354,3.4361350637093224,0.9999999999999993,5.164247553204079e-16,1.1102230246251565e-16,30
ast,mixture,2.554415670452497,2.9641494516800275,0.9999999999999999,7.308702098983863e-17,0.0,30
ast,mixture,2.940514293511984,3.1689496364639993,1.0000000000000004,6.4684604188965685e-18,4.440892098500626e-16,30
ast,mixture,5.156769656795665,6.445207894902428,0.9999999999201856,7.981421919640532e-11,1.1102230246251565e-16,30
ast,mixture,3.427362240987616,3.6645651459010296,0.9999999999999999,6.930760477463075e-17,0.0,30
ast,mixture,9.398025410853736,11.620425861204097,0.9999999999992695,7.305416955123188e-13,0.0,45
ast,mixture,2.105349804373422,2.294624879083277,0.9999999999999999,0.0,1.1102230246251565e-16,30
ast,mixture,0.9597659626524522,1.1442928633972218,1.0,0.0,0.0,30
ast,mixture,3.0606525746488606,3.4027045598308003,0.9999999999999997,2.978464238794996e-16,0.0,30
ast,mixture,0.45030942816943703,0.5337701711176274,0.9999999999999997,0.0,3.3306690738754696e-16,30
ast,mixture,0.6800519714525287,0.8313396992663185,0.9999999999999997,0.0,3.3306690738754696e-16,30
ast,mixture,1.9489562076523372,2.8296641942155345,0.9999999999988355,1.1649917862513338e-12,4.440892098500626e-16,30
ast,mixture,2.1630145563282692,2.7989386260547686,0.999999999999995,5.476308288183329e-15,4.440892098500626e-16,30
ast,mixture,1.6661903388816366,1.815591766971068,1.0,0.0,0.0,30
ast,mixture,0.9172025425702651,1.1654758724497838,0.9999999999999996,6.377686575867958e-17,3.3306690738754696e-16,30
ast,mixture,1.5896650341984504,1.7118061342089774,1.0,0.0,0.0,30
ast,mixture,2.543179880666214,3.4151913527862705,0.9999999999998221,1.7823671981856304e-13,4.440892098500626e-16,30
ast,mixture,0.5845455232798654,0.7811825033052999,0.9999999999999977,2.7095923900749385e-15,4.440892098500626e-16,30
ast,mixture,3.421688697836046,3.7887230279212574,0.9999999999999988,1.2733535404025914e-15,0.0,30
ast,mixture,0.7605730648433816,1.018460607056514,0.9999999999999971,3.2103645435866006e-15,2.220446049250313e-16,30
ast,mixture,3.616350410017768,3.968941526930564,0.9999999999999983,1.623212588114135e-15,0.0,30
ast,mixture,0.6088498830336401,0.7236695660444121,0.9999999999999998,7.577279720346414e-21,2.220446049250313e-16,30
ast,mixture,0.44920390667899657,0.5382219171849165,0.9999999999999999,7.577279720346416e-21,1.1102230246251565e-16,30
ast,mixture,5.65014688574286,6.824275241037444,0.999999999428838,5.711622915936741e-10,2.220446049250313e-16,30
ast,mixture,0.9872745880668937,1.1751800555981493,0.9999999999999999,0.0,1.1102230246251565e-16,30
ast,mixture,1.2367796854804045,1.5005728188742387,1.0,3.35999264605926e-19,0.0,30
ast,mixture,0.8198481665156976,1.0444936440260393,0.9999999999999999,1.4866578772657685e-18,1.1102230246251565e-16,30
ast,mixture,3.643829494677092,4.055519413529167,0.9999999999999946,5.616647102234849e-15,2.220446049250313e-16,30
ast,mixture,0.6633859908342573,0.7879675686585785,1.0000000000000004,0.0,4.440892098500626e-16,30
ast,mixture,0.8744042868683325,1.0213651598407125,1.0,0.0,0.0,30
ast,mixture,0.3122597782556932,0.36496238905726386,1.0000000000000002,0.0,2.220446049250313e-16,30
ast,mixture,3.818021996535262,4.149501807231106,0.9999999999999979,2.2081385806599574e-15,0.0,30
ast,mixture,0.302676749592734,0.3561855930260646,1.0,0.0,0.0,30
ast,mixture,1.6983929422067605,1.9193838910537382,1.0000000000000002,0.0,2.220446049250313e-16,30
ast,mixture,3.2897943668358045,3.5661798440129875,1.0000000000000002,9.778658888489137e-17,2.220446049250313e-16,30
ast,mixture,4.032033621040425,4.558071463820841,0.9999999999999816,1.8511863031086352e-14,0.0,30
ast,mixture,1.1352214813191412,1.2765891266703957,1.0000000000000002,0.0,2.220446049250313e-16,30
ast,mixture,1.4226187431467547,1.553635853709749,1.0,0.0,0.0,30
ast,mixture,1.2972813057980386,1.802839371800805,0.9999999999998691,1.3049607544097063e-13,4.440892098500626e-16,30
ast,mixture,2.2621009967752923,2.466617930703025,0.9999999999999999,0.0,1.1102230246251565e-16,30
ast,mixture,1.2783660860861639,1.4086685085246449,1.0000000000000002,0.0,2.220446049250313e-16,30
ast,mixture,0.5743858909944591,0.7045974119642016,1.0,0.0,0.0,30
ast,mixture,0.959576588418337,1.194316058545378,1.0000000000000004,4.785444071660157e-19,4.440892098500626e-16,30
ast,mixture,3.336162040059613,3.7666766250377357,0.9999999999999994,5.09185879682178e-16,0.0,30
ast,mixture,0.8042295198253241,0.9403589333938638,1.0000000000000002,0.0,2.220446049250313e-16,30
ast,mixture,1.6208444949378384,1.9328670410049495,1.0,6.109077538289563e-19,0.0,30
ast,mixture,2.066361270023871,2.4731670413784306,1.0000000000000002,1.1755370801306373e-17,2.220446049250313e-16,30
ast,mixture,0.5804612255618634,0.6891024050633443,1.0000000000000004,0.0,4.440892098500626e-16,30
ast,mixture,1.6358771234206755,1.8012785770072353,1.0,0.0,0.0,30
ast,mixture,0.5475953370746194,0.623795646899854,1.0000000000000002,0.0,2.220446049250313e-16,30
ast,mixture,4.516849516831278,6.199736961551324,0.9999999998277521,1.7224857718715776e-10,6.661338147750939e-16,30
ast,mixture,6.152695397250468,7.6367224233672815,0.9999999991468229,8.531771114272978e-10,0.0,30
ast,mixture,1.314580193694748,1.7137956758298456,0.9999999999999997,1.8210870437237107e-16,1.1102230246251565e-16,30
ast,mixture,0.7782476244093735,0.9523116590645091,0.9999999999999999,8.583217123397643e-19,1.1102230246251565e-16,30
ast,mixture,0.8580725651248239,1.098605534754386,0.9999999999999997,1.0100071117865881e-16,2.220446049250313e-16,30
ast,mixture,0.6438101880932551,0.761884930709531,0.9999999999999998,0.0,2.220446049250313e-16,30
ast,mixture,0.866984848628783,1.123352938196731,0.9999999999999994,2.898132085307649e-16,2.220446049250313e-16,30
ast,mixture,0.6498000952241973,0.8622181943906446,0.9999999999999986,1.3731404003044672e-15,1.1102230246251565e-16,30
ast,mixture,3.8180514962357646,4.343013756245284,0.9999999999999908,9.080680888184381e-15,1.1102230246251565e-16,30
ast,mixture,2.639250630085405,3.571337108670968,0.9999999999996417,3.585869707966577e-13,2.220446049250313e-16,30
ast,mixture,1.0137827209448897,1.1411221126303366,1.0,0.0,0.0,30
ast,mixture,0.5664228142643082,0.759418065597302,0.9999999999999962,3.775817659927062e-15,0.0,30
ast,mixture,0.6736897562690983,0.8301581363787969,1.0,1.174932904663387e-18,0.0,30
ast,mixture,1.5152081713378507,1.9166024921635825,0.9999999999999999,1.0443563685593291e-16,0.0,30
ast,mixture,0.3382865760732589,0.4067622525331691,0.9999999999999999,2.2731839161039252e-20,1.1102230246251565e-16,30
ast,mixture,0.28997199709226024,0.3397823925415214,1.0000000000000002,0.0,2.220446049250313e-16,30
ast,mixture,1.220311859253635,1.688901991840767,0.9999999999999145,8.525648892623371e-14,2.220446049250313e-16,30
ast,mixture,0.5799168087167094,0.758813429909345,0.9999999999999998,3.969526726241315e-16,2.220446049250313e-16,30
ast,mixture,1.3697153148342192,1.6199621684731786,1.0000000000000002,5.090897948574636e-20,2.220446049250313e-16,30
ast,mixture,4.547217807112192,4.980536730358292,0.9999999999998902,1.0993812505444169e-13,2.220446049250313e-16,30
ast,mixture,0.45312780967744826,0.5480176807339303,1.0,5.30409580424249e-20,0.0,30
ast,mixture,0.22086734675925446,0.2503518158989924,1.0,0.0,0.0,30
ast,mixture,2.5243943309784393,3.339627321832915,0.9999999999999247,7.534734763107838e-14,0.0,30
ast,mixture,3.170684614487138,3.5832605085898237,1.0,2.202801609020139e-16,2.220446049250313e-16,30
ast,mixture,3.0034613102595453,4.437891334478971,0.9999999999137535,8.624642055820481e-11,0.0,30
ast,mixture,2.297355175913361,2.472153559736297,1.0000000000000004,0.0,4.440892098500626e-16,30
ast,mixture,6.31220521422802,7.783955873935881,0.9999999989290328,1.0709671770039925e-09,0.0,30
ast,mixture,2.9954560070804632,3.9986451682720663,0.999999999999426,5.743112209392342e-13,2.220446049250313e-16,30
ast,mixture,2.6896567709991244,2.8547867212496643,0.9999999999999999,0.0,1.1102230246251565e-16,30
ast,mixture,6.285254449741242,7.60211613249664,0.9999999993981742,6.018257049977196e-10,1.1102230246251565e-16,30
fg3m,mixture,0.6108841726712166,0.8855937908339182,0.9999999964591755,3.5408239168378902e-09,5.551115123125783e-16,18
fg3m,mixture,0.5047976507474106,0.7085395426999985,0.9999999987262586,1.2737407221448147e-09,7.771561172376096e-16,18
fg3m,mixture,0.4365092859513416,0.45109856869689646,1.0,0.0,0.0,18
fg3m,mixture,0.2978914796427565,0.309678910401923,1.0,0.0,0.0,18
fg3m,mixture,0.14088081977848324,0.1630656819726754,0.999999999999897,1.0207054620680828e-13,9.992007221626409e-16,18
fg3m,mixture,0.12613584783815854,0.13267615436835567,0.9999999999999998,0.0,2.220446049250313e-16,18
fg3m,mixture,0.18226542273536733,0.18568303147968016,0.9999999999999999,0.0,1.1102230246251565e-16,18
fg3m,mixture,0.10115237198486857,0.11367668184881358,0.9999999999999916,7.950033820786924e-15,4.440892098500626e-16,18
fg3m,mixture,1.6966575976196632,1.8929351434146682,0.9999999999366013,6.339879402727866e-11,0.0,18
fg3m,mixture,0.1735018033690508,0.17797071905915776,0.9999999999999999,0.0,1.1102230246251565e-16,18
fg3m,mixture,0.2421634328777535,0.3147552782451864,0.9999999995112933,4.887062672777376e-10,4.440892098500626e-16,18
fg3m,mixture,0.6685570605109707,0.7219726365181427,0.9999999999999991,8.653730724033669e-16,0.0,18
fg3m,mixture,0.41656182587532936,0.48331988612638377,0.9999999999999309,6.924680969991075e-14,2.220446049250313e-16,18
fg3m,mixture,1.140392281113727,1.6026549937966876,0.9999999836342156,1.6365784420714677e-08,0.0,18
fg3m,mixture,0.7652682213056667,1.2048506153522418,0.9999999433982926,5.6601706607559156e-08,7.771561172376096e-16,18
fg3m,mixture,1.4424302433575278,1.6246202478788567,0.9999999999901277,9.872313424702476e-12,0.0,18
fg3m,mixture,1.3472427350015246,1.4543835896401744,0.9999999999994631,5.370693036354834e-13,2.220446049250313e-16,18
fg3m,mixture,0.393224865927755,0.4443270185925467,0.9999999999999973,2.4784676409031387e-15,2.220446049250313e-16,18
fg3m,mixture,0.5288813655940109,0.7921436295650874,0.9999999806731784,1.932682146412491e-08,1.1102230246251565e-16,18
fg3m,mixture,0.5397668244972923,0.564422440619565,1.0,1.3570662292767614e-19,0.0,18
fg3m,mixture,0.04247963349752433,0.04278496335239644,0.9999999999999998,0.0,2.220446049250313e-16,18
fg3m,mixture,0.2056686246966385,0.2458388256679469,0.9999999999995278,4.718081045017605e-13,3.3306690738754696e-16,18
fg3m,mixture,0.10508011831505808,0.11779541372654581,0.9999999999999963,3.3338446190543243e-15,3.3306690738754696e-16,18
fg3m,mixture,0.05495786259611525,0.05610552543315483,0.9999999999999994,0.0,5.551115123125783e-16,18
fg3m,mixture,0.09479953034189006,0.10668201394243737,0.9999999999999807,1.8735541958572303e-14,5.551115123125783e-16,18
fg3m,mixture,0.6007949461220695,0.9168825831889568,0.9999999719374337,2.806256565033654e-08,6.661338147750939e-16,18
fg3m,mixture,0.02920844531779512,0.03032827843091697,0.9999999999999999,0.0,1.1102230246251565e-16,18
fg3m,mixture,1.0795966118128837,1.405045238165483,0.999999999263515,7.364849528032937e-10,0.0,18
fg3m,mixture,1.8733132620788588,2.179620523651323,0.9999999973337526,2.666247780146833e-09,4.440892098500626e-16,18
fg3m,mixture,0.6979979459299287,0.8782194416747933,0.9999999999443904,5.560971720934048e-11,0.0,18
fg3m,mixture,0.02653932574580725,0.027487152372117855,0.9999999999999996,0.0,4.440892098500626e-16,18
fg3m,mixture,0.5241661250420198,0.6430999063208721,0.9999999999896333,1.0366491509357965e-11,2.220446049250313e-16,18
fg3m,mixture,0.9673245110640329,1.2373703693309177,0.9999999997622077,2.3779267140106546e-10,2.220446049250313e-16,18
fg3m,mixture,0.056538609983177016,0.06047600754235129,0.9999999999999996,1.4098652682319238e-18,4.440892098500626e-16,18
fg3m,mixture,2.0170068814455266,2.3400385040645313,0.9999999991141124,8.858876803398961e-10,0.0,18
fg3m,mixture,0.013551312749624669,0.01362391126182926,1.0,0.0,0.0,18
fg3m,mixture,0.5082615632397065,0.534218394504703,0.9999999999999999,6.106798031745425e-19,1.1102230246251565e-16,18
fg3m,mixture,1.38918793451515,2.017290656434656,0.9999999256126051,7.438739501590506e-08,0.0,18
fg3m,mixture,0.9397544641271802,1.048001164304239,0.9999999999997009,2.990294597681125e-13,1.1102230246251565e-16,18
fg3m,mixture,0.8512423756132167,1.076883758333632,0.9999999999016237,9.837647543621138e-11,2.220446049250313e-16,18
fg3m,mixture,0.25021254818903427,0.2752819451820784,1.0,5.0538245708492803e-17,0.0,18
fg3m,mixture,0.9123636030485759,1.1658222957744835,0.9999999998040942,1.9590615272648872e-10,2.220446049250313e-16,18
fg3m,mixture,0.813899709940433,0.9425552869869607,0.9999999999954498,4.550326215865188e-12,0.0,18
fg3m,mixture,0.7482885847775693,0.9499009054534261,0.999999999900649,9.935106207895183e-11,0.0,18
fg3m,mixture,0.04399522067305531,0.04470812534629362,0.9999999999999998,0.0,2.220446049250313e-16,18
fg3m,mixture,0.384092749122494,0.4544933098254006,0.9999999999993862,6.143278997550007e-13,4.440892098500626e-16,18
fg3m,mixture,0.07682125395984295,0.07962094537654743,1.0,0.0,0.0,18
fg3m,mixture,1.0465559639259203,1.448202193567908,0.9999999919344823,8.065517926192903e-09,2.220446049250313e-16,18
fg3m,mixture,1.6098393078274085,1.7689525200543659,0.9999999999877026,1.2297223940093902e-11,1.1102230246251565e-16,18
fg3m,mixture,0.4005346705406,0.571850995271493,0.9999999926880219,7.311977921195447e-09,2.220446049250313e-16,18
fg3m,mixture,0.3042865413112705,0.409880088370824,0.9999999986645759,1.335423989260508e-09,1.1102230246251565e-16,18
fg3m,mixture,0.03491619711742806,0.03660846255540315,0.9999999999999998,7.577279720346414e-21,2.220446049250313e-16,18
fg3m,mixture,0.22664361817928955,0.22986759293863243,1.0000000000000002,0.0,2.220446049250313e-16,18
fg3m,mixture,2.226360206340412,2.6461301858992625,0.9999999946626188,5.3373814769232144e-09,2.220446049250313e-16,18
fg3m,mixture,1.3019054221644613,1.4520269849910712,0.9999999999978655,2.134903351048713e-12,4.440892098500626e-16,18
fg3m,mixture,0.06660631533913591,0.06705304430904119,1.0,0.0,0.0,18
fg3m,mixture,1.3774323007817528,1.4932396595146031,0.9999999999990233,9.768630862437995e-13,2.220446049250313e-16,18
fg3m,mixture,0.23460243186116403,0.2824332035901414,0.9999999999995998,3.9984239468322806e-13,4.440892098500626e-16,18
fg3m,mixture,0.052368476875111425,0.05260541143528826,0.9999999999999998,0.0,2.220446049250313e-16,18
fg3m,mixture,0.06201024781814831,0.06612949552359204,0.9999999999999991,1.742774335679675e-19,8.881784197001252e-16,18
fg3m,mixture,0.06245691546242309,0.0679219974065563,0.9999999999999996,1.7525929455643615e-16,2.220446049250313e-16,18
fg3m,mixture,0.22899962746574284,0.2958749682194443,0.9999999995500762,4.4992338920060804e-10,3.3306690738754696e-16,18
fg3m,mixture,2.318214200793455,2.642140250852381,0.9999999972010601,2.798939997593925e-09,2.220446049250313e-16,18
fg3m,mixture,0.3300146770446655,0.42801567612480396,0.999999999939513,6.048628692676033e-11,6.661338147750939e-16,18
fg3m,mixture,0.37843432146885003,0.39627578884491343,0.9999999999999999,0.0,1.1102230246251565e-16,18
fg3m,mixture,2.1209752879164236,2.4159401157672757,0.9999999986820318,1.3179680987497237e-09,1.1102230246251565e-16,18
fg3m,mixture,0.027696104124200063,0.02859968669792496,1.0,0.0,0.0,18
fg3m,mixture,0.3847669295530505,0.46919480214568265,0.9999999999908015,9.19851696341801e-12,0.0,18
fg3m,mixture,0.5176652748420139,0.5963557707763614,0.9999999999999705,2.9760556398864013e-14,2.220446049250313e-16,18
fg3m,mixture,1.1100408469503105,1.3380216523765869,0.9999999997355301,2.644697323932873e-10,1.1102230246251565e-16,18
fg3m,mixture,0.46408510135329717,0.503031193025106,0.9999999999999994,2.587297032046507e-16,3.3306690738754696e-16,18
fg3m,mixture,0.038124618684295314,0.039495728406933245,0.9999999999999998,0.0,2.220446049250313e-16,18
fg3m,mixture,1.4897228632404338,1.624833946381424,0.9999999999966177,3.382542934772366e-12,2.220446049250313e-16,18
fg3m,mixture,1.9282847673545138,2.1564910012662613,0.9999999997993245,2.0067559838847238e-10,2.220446049250313e-16,18
fg3m,mixture,1.2910163058447839,1.4384250198559878,0.9999999999981527,1.8473558992443022e-12,0.0,18
fg3m,mixture,1.730900631968059,1.9102690945887288,0.9999999999677099,3.229014144476677e-11,0.0,18
fg3m,mixture,0.5261823363295162,0.5726054363166256,0.9999999999999992,8.894472179965471e-16,2.220446049250313e-16,18
fg3m,mixture,1.3108983493496436,1.8565914498986358,0.9999999694117149,3.0588285025662336e-08,1.1102230246251565e-16,18
fg3m,mixture,0.19103788726241436,0.24092766315958783,0.9999999997807385,2.1926108492899257e-10,4.440892098500626e-16,18
fg3m,mixture,1.26905099255615,1.3640617064715952,0.9999999999997994,2.0087813150729374e-13,2.220446049250313e-16,18
fg3m,mixture,0.5296808691976004,0.6533696418749299,0.9999999999845952,1.5404471890221348e-11,3.3306690738754696e-16,18
fg3m,mixture,1.756230974952632,2.0993895545852177,0.9999999986736066,1.3263935578401534e-09,2.220446049250313e-16,18
fg3m,mixture,2.293003357757302,2.621919037543127,0.9999999970098146,2.990185585689294e-09,2.220446049250313e-16,18
fg3m,mixture,1.8513741351069457,2.0721407310209714,0.999999999848251,1.5174906550382898e-10,2.220446049250313e-16,18
fg3m,mixture,1.191458588027501,1.5820940016637273,0.9999999976485756,2.351424407322305e-09,0.0,18
fg3m,mixture,0.2843462997255389,0.3061453078436026,0.9999999999999996,7.127257128004487e-20,4.440892098500626e-16,18
fg3m,mixture,0.3009360136215098,0.32920413482864064,1.0,1.0757659157550187e-17,0.0,18
fg3m,mixture,0.11562585279166523,0.1325485792194502,0.9999999999998925,1.0737640285305984e-13,1.1102230246251565e-16,18
fg3m,mixture,0.13616029883488126,0.13721366087935893,1.0000000000000002,0.0,2.220446049250313e-16,18
fg3m,mixture,0.4113255943393617,0.4251853086639764,1.0000000000000002,0.0,2.220446049250313e-16,18
fg3m,mixture,1.2746978573617147,1.7539015497777188,0.9999999889135821,1.108641774197553e-08,1.1102230246251565e-16,18
fg3m,mixture,0.11005262602732215,0.1235393215558433,0.9999999999999968,2.967462616103583e-15,2.220446049250313e-16,18
fg3m,mixture,0.43767850061034413,0.516299722843516,0.9999999999996105,3.892136872440298e-13,2.220446049250313e-16,18
fg3m,mixture,0.27726939530977845,0.2835743093975941,1.0,0.0,0.0,18
fg3m,mixture,0.8575237545575864,0.903273823493747,1.0,4.11069524178602e-16,4.440892098500626e-16,18
fg3m,mixture,1.4188266552066047,1.7029979269152458,0.9999999993787092,6.212908346173635e-10,0.0,18
fg3m,mixture,0.8154435898822837,0.870106538669636,0.9999999999999996,5.153075356697495e-16,0.0,18
fg3m,mixture,0.6025620800239141,0.6628187912946735,0.9999999999999922,7.403801678934625e-15,3.3306690738754696e-16,18
fg3m,mixture,0.708269334163137,1.1007324418329816,0.9999999593277119,4.0672287679176545e-08,4.440892098500626e-16,18
fg3m,mixture,0.6627871554387068,0.8364260315605847,0.9999999999336083,6.639167779494818e-11,0.0,18
fg3m,mixture,0.28302484210971907,0.3247259422756698,0.9999999999999704,2.987017190584029e-14,2.220446049250313e-16,18
fg3m,mixture,1.529412907033806e-05,1.5294224833533203e-05,0.9999999999999993,0.0,6.661338147750939e-16,18
fg3m,mixture,0.38626594048481777,0.4678278457458672,0.9999999999948336,5.1662326136584165e-12,2.220446049250313e-16,18
fg3m,mixture,0.41754826831635566,0.5668572379074148,0.9999999995921411,4.0785806980438064e-10,7.771561172376096e-16,18
fg3m,mixture,1.3164463379285207,1.788737627317394,0.9999999921941408,7.80585952143735e-09,4.440892098500626e-16,18
fg3m,mixture,1.0307778155485605,1.1157825990547894,0.9999999999999777,2.2556747538242502e-14,2.220446049250313e-16,18
fg3m,mixture,0.3390682557817578,0.35352774803325315,1.0,0.0,0.0,18
fg3m,mixture,0.46297280742972197,0.5622601495652636,0.9999999999948331,5.167055206326262e-12,2.220446049250313e-16,18
fg3m,mixture,0.4482749732050633,0.5213252265098004,0.9999999999999154,8.449060854192696e-14,1.1102230246251565e-16,18
fg3m,mixture,0.9892651378491039,1.0923642784850665,0.9999999999998715,1.2836197918103222e-13,1.1102230246251565e-16,18
fg3m,mixture,1.1949357658324091,1.7427871786169735,0.9999999443115632,5.5688436783085595e-08,0.0,18
fg3m,mixture,0.8805025084580907,0.9256680522386468,0.9999999999999998,3.8865922405943466e-16,2.220446049250313e-16,18
fg3m,mixture,1.0099449122710682,1.0702571365068312,0.9999999999999952,4.514286050020435e-15,2.220446049250313e-16,18
fg3m,mixture,0.2882615179295543,0.3184067621846952,0.9999999999999999,8.589860728572726e-17,0.0,18
fg3m,mixture,0.05177340371306892,0.055589177870985794,0.9999999999999996,1.4900475388275634e-17,4.440892098500626e-16,18
fg3m,mixture,1.0365074548425968,1.521089946387075,0.9999999454057494,5.459425049436564e-08,1.1102230246251565e-16,18
fg3m,mixture,0.9355278948440465,1.0059081938274326,0.9999999999999951,4.600927065582613e-15,3.3306690738754696e-16,18
fg3m,mixture,1.2914302489800937,1.7744340777720897,0.9999999890128587,1.0987141376285192e-08,0.0,18
fg3m,mixture,1.2257434879592874,1.368562150124476,0.9999999999985357,1.4643485694038779e-12,0.0,18
fg3m,mixture,0.19890236005687156,0.25503091197423666,0.9999999993638,6.361995796695739e-10,4.440892098500626e-16,18
fg3m,mixture,1.1624540812575288,1.2926845191645484,0.9999999999992878,7.120346499461852e-13,2.220446049250313e-16,18
fg3m,mixture,0.8864475279539004,0.9694845138256749,0.9999999999999776,2.2298628525861815e-14,1.1102230246251565e-16,18
fg3m,mixture,2.028213753139878,2.2824677334860013,0.9999999995490266,4.5097327728255993e-10,1.1102230246251565e-16,18
fg3m,mixture,0.6866884985606122,0.729481905273109,0.9999999999999998,6.087295024514442e-17,1.1102230246251565e-16,18
fg3m,mixture,2.2592949063248446,2.5419092213460166,0.9999999987848575,1.2151425126902983e-09,0.0,18
fg3m,mixture,2.5658993545381974,2.964269399133565,0.9999999876284285,1.237157173880481e-08,2.220446049250313e-16,18
fg3m,mixture,1.0640905193610768,1.1600749871344351,0.9999999999999418,5.811873252080245e-14,1.1102230246251565e-16,18
fg3m,mixture,0.3423124279311951,0.3893544848974475,0.999999999999993,7.239884469259318e-15,2.220446049250313e-16,18
fg3m,mixture,2.0458032715672245,2.3481953817963417,0.999999998311679,1.688320981436986e-09,1.1102230246251565e-16,18
fg3m,mixture,0.1172668318964611,0.131994754110275,0.9999999999999962,2.986086687042111e-15,7.771561172376096e-16,18
fg3m,mixture,0.1307964543309724,0.14019739717848476,0.9999999999999993,3.975057996717113e-19,6.661338147750939e-16,18
fg3m,mixture,0.37544697624247525,0.4372274803307215,0.9999999999998817,1.182512210845725e-13,1.1102230246251565e-16,18
fg3m,mixture,0.9423161835940772,1.2320272101121077,0.9999999993503351,6.496646860610779e-10,2.220446049250313e-16,18
fg3m,mixture,0.28472194569049186,0.29253127654885125,1.0,0.0,0.0,18
fg3m,mixture,0.4653204639718755,0.660220028315258,0.9999999971148513,2.8851482405137442e-09,4.440892098500626e-16,18
fg3m,mixture,0.07427806249392822,0.0747780870912696,1.0,0.0,0.0,18
fg3m,mixture,0.8750042479600116,1.123823668182901,0.9999999997659637,2.34036295281192e-10,0.0,18
fg3m,mixture,0.07781555309670896,0.08575677209667175,0.9999999999999991,9.137463453108479e-16,0.0,18
fg3m,mixture,0.07881455847050887,0.07923016998010857,1.0000000000000004,0.0,4.440892098500626e-16,18
fg3m,mixture,0.33000516698506704,0.45210922341052445,0.9999999976990268,2.300973070360732e-09,1.1102230246251565e-16,18
fg3m,mixture,2.0773417570199078,2.346480051568305,0.999999999315349,6.846508664068935e-10,1.1102230246251565e-16,18
fg3m,mixture,0.5483683349458991,0.8254946728656347,0.9999999788588586,2.1141140994059317e-08,4.440892098500626e-16,18
fg3m,mixture,0.3746509817795248,0.5310699613792356,0.999999992884663,7.115336267481615e-09,6.661338147750939e-16,18
fg3m,mixture,1.4441899242341873,1.5954525446645356,0.9999999999906958,9.304462702162202e-12,2.220446049250313e-16,18
fg3m,mixture,0.09679949165324654,0.10047871133183846,0.9999999999999997,0.0,3.3306690738754696e-16,18
fg3m,mixture,0.005498804139915744,0.005509959218853387,0.9999999999999999,0.0,1.1102230246251565e-16,18
fg3m,mixture,0.30348158777896195,0.35485485632570307,0.999999999999749,2.5107532035018847e-13,0.0,18
fg3m,mixture,0.34508122285937887,0.3530064388287913,1.0000000000000004,0.0,4.440892098500626e-16,18
fg3m,mixture,0.14503502566882248,0.15551250005131864,1.0,3.465725647220427e-19,0.0,18
fg3m,mixture,0.05606811858095548,0.05730038502184105,0.9999999999999999,0.0,1.1102230246251565e-16,18
fg3m,mixture,0.21599122082189967,0.27477992328021617,0.9999999998028798,1.9711989575778992e-10,3.3306690738754696e-16,18
fg3m,mixture,1.5092958551506956,1.6414205311078818,0.9999999999969946,3.0056345797348693e-12,2.220446049250313e-16,18
fg3m,mixture,0.06881262721202909,0.07508232942009949,0.9999999999999997,1.8544834628535962e-16,1.1102230246251565e-16,18
fg3m,mixture,1.6598572596974512,2.367976825103818,0.9999999175364476,8.246355232616284e-08,1.1102230246251565e-16,18
fg3m,mixture,2.16637559042925,2.45216896986115,0.9999999989028017,1.0971982654989197e-09,1.1102230246251565e-16,18
fg3m,mixture,0.24668616645450583,0.2511898732522866,0.9999999999999999,0.0,1.1102230246251565e-16,18
fg3m,mixture,0.01843734116488542,0.018537841723866074,1.0,0.0,0.0,18
fg3m,mixture,1.3045300655686751,1.4878043035155812,0.9999999999876175,1.2382760515041324e-11,2.220446049250313e-16,18
fg3m,mixture,0.7897598741367206,1.356024135248024,0.9999994632613491,5.367386505056614e-07,3.3306690738754696e-16,18
fg3m,mixture,1.124702960808062,1.2283353900886584,0.9999999999998871,1.1279966819134177e-13,1.1102230246251565e-16,18
fg3m,mixture,0.1080435654133321,0.10948285566338892,0.9999999999999997,0.0,3.3306690738754696e-16,18
fg3m,mixture,0.29825672499271344,0.3541557060754473,0.9999999999986887,1.3113145842618874e-12,0.0,18
fg3m,mixture,0.3531650639674008,0.4111900440625593,0.9999999999998752,1.2477424440604885e-13,0.0,18
fg3m,mixture,0.5466310767964769,0.570710932580283,1.0,6.785331146383806e-20,0.0,18
fg3m,mixture,0.02285702059175113,0.022992494486914105,0.9999999999999997,0.0,3.3306690738754696e-16,18
fg3m,mixture,0.35998373227686037,0.39966883794290936,0.9999999999999998,1.6957959047050202e-16,0.0,18
fg3m,mixture,1.2537258502767556,1.6919640176212243,0.9999999947868671,5.213133028689116e-09,0.0,18
fg3m,mixture,0.16192671966827724,0.17619156561229724,1.0,1.0886307680328416e-17,0.0,18
fg3m,mixture,1.3523397997520827,1.5437197348674632,0.9999999999837288,1.62715587240762e-11,4.440892098500626e-16,18
fg3m,mixture,0.22867840949855048,0.2529568789082682,0.9999999999999993,1.6443653936230412e-16,5.551115123125783e-16,18
fg3m,mixture,1.3383697822392289,1.8110364909604137,0.9999999929443403,7.055659923533104e-09,2.220446049250313e-16,18
fg3m,mixture,1.0894092321238,1.1856949794753575,0.9999999999999376,6.228499769824815e-14,1.1102230246251565e-16,18
fg3m,mixture,0.4571958827816956,0.5486018657796181,0.9999999999981305,1.8695798660950066e-12,0.0,18
fg3m,mixture,0.7624718569301632,1.2791832336089366,0.9999996788101012,3.2118989880575865e-07,0.0,18
fg3m,mixture,0.7674740536059184,1.3249424308557405,0.9999993887264222,6.112735774591534e-07,3.3306690738754696e-16,18
fg3m,mixture,0.6087852857968223,0.7941580820005631,0.9999999995207337,4.792655277866067e-10,7.771561172376096e-16,18
fg3m,mixture,0.2688924641386531,0.33884897069694875,0.9999999999799044,2.0095322453499345e-11,2.220446049250313e-16,18
fg3m,mixture,0.5338319218777543,0.8772945034274227,0.9999996398376078,3.601623918242269e-07,4.440892098500626e-16,18
fg3m,mixture,2.0764222198442206,2.411904505839221,0.9999999987773142,1.2226863042624874e-09,4.440892098500626e-16,18
fg3m,mixture,1.0201402474409247,1.3571181087423139,0.9999999983311771,1.6688228655220931e-09,0.0,18
fg3m,mixture,0.4500269400062828,0.5132613317417117,0.9999999999999917,8.366254264593658e-15,0.0,18
fg3m,mixture,0.04014667235315106,0.04232205267085951,1.0000000000000002,6.061823776277131e-20,2.220446049250313e-16,18
fg3m,mixture,0.5021568320107768,0.7474971386698954,0.9999999821080868,1.7891912873689958e-08,3.3306690738754696e-16,18
fg3m,mixture,0.6031375014770961,0.6839806160902675,0.9999999999998223,1.779774338099891e-13,2.220446049250313e-16,18
fg3m,mixture,0.07592038999614183,0.08367306302214815,0.9999999999999986,1.1702836885591604e-15,2.220446049250313e-16,18
fg3m,mixture,0.07238071483111144,0.07938139572444275,0.9999999999999997,4.941398025689557e-16,2.220446049250313e-16,18
fg3m,mixture,0.49048532387750415,0.7139346896404588,0.9999999922947286,7.705271146971035e-09,2.220446049250313e-16,18
fg3m,mixture,0.12525777912120756,0.14483195370650487,0.9999999999997716,2.2826893909699176e-13,1.1102230246251565e-16,18
fg3m,mixture,0.8220201615955324,1.0404831662544751,0.9999999999049983,9.500202789769366e-11,4.440892098500626e-16,18
fg3m,mixture,3.8757563975082316,4.719308954098388,0.9999999999259483,7.405176205451042e-11,0.0,27
fg3m,mixture,0.0274213684232202,0.02828246705008501,0.9999999999999993,0.0,6.661338147750939e-16,18
fg3m,mixture,0.09980862205454066,0.11329588067758356,0.9999999999999345,6.515454117969075e-14,3.3306690738754696e-16,18
fg3m,mixture,0.6787367567388256,0.8247431485150487,0.9999999999949296,5.070080592031583e-12,3.3306690738754696e-16,18
fg3m,mixture,0.36641514941410286,0.3775641935310279,1.0000000000000002,0.0,2.220446049250313e-16,18
fg3m,mixture,0.3283084314228901,0.4038068118896766,0.9999999999996083,3.912825595763704e-13,4.440892098500626e-16,18
fg3m,mixture,2.3014043432139393,2.6654760610854042,0.9999999939214943,6.0785056574266515e-09,0.0,18
fg3m,mixture,2.24884427579225,2.647227992252497,0.9999999958205071,4.179493233085994e-09,4.440892098500626e-16,18
fg3m,mixture,1.24300786022537,1.7036045612893957,0.9999999910387144,8.961285764945914e-09,2.220446049250313e-16,18
fg3m,mixture,0.5673293243840052,0.5860265150813511,0.9999999999999999,0.0,1.1102230246251565e-16,18
fg3m,mixture,1.2025588036823096,1.3110564050638585,0.9999999999998086,1.9171373385145771e-13,2.220446049250313e-16,18
stl,hurdle_nb2,0.7685928074301087,0.9686746049477178,0.999999995878715,4.12128531301903e-09,4.440892098500626e-16,15
stl,hurdle_nb2,0.7261528503339698,0.8388063528114934,0.9999999982943938,1.705606100799173e-09,1.1102230246251565e-16,15
stl,hurdle_nb2,0.983446194740994,1.0611263902957462,0.9999999999935438,6.456390977405135e-12,2.220446049250313e-16,15
stl,hurdle_nb2,0.7020379231774082,0.7545013388850582,0.999999999997281,2.719269254214396e-12,2.220446049250313e-16,15
stl,hurdle_nb2,0.364460244423467,0.5321898014153477,0.9999999877189444,1.2281055838947452e-08,2.220446049250313e-16,15
stl,hurdle_nb2,0.3996339573243973,0.5030178461722546,0.9999999999874711,1.2528533765987504e-11,3.3306690738754696e-16,15
stl,hurdle_nb2,0.8287233792735463,0.9513817589737049,0.9999999999907375,9.262923761355069e-12,4.440892098500626e-16,15
stl,hurdle_nb2,0.2283039957751293,0.29488353943102275,0.9999999996720428,3.279569948944072e-10,2.220446049250313e-16,15
stl,hurdle_nb2,1.0475590927970635,1.2519464260100204,0.9999999999771371,2.28632668353157e-11,4.440892098500626e-16,15
stl,hurdle_nb2,0.7019381886656945,0.7136902989388483,0.9999999999976025,2.397637643980488e-12,0.0,15
stl,hurdle_nb2,0.252510917201304,0.3090649458217679,0.999999999822732,1.7726786705196673e-10,1.1102230246251565e-16,15
stl,hurdle_nb2,1.0914027172644916,1.120886229677747,0.9999999998264969,1.735028787308579e-10,2.220446049250313e-16,15
stl,hurdle_nb2,0.47265847381705656,0.5625390495231077,0.9999999999911879,8.811840146449867e-12,2.220446049250313e-16,15
stl,hurdle_nb2,0.7091531025792739,0.77043246280163,0.9999999999433471,5.665290458978234e-11,0.0,15
stl,hurdle_nb2,0.5747040333759675,0.7313395947292312,0.9999999995335844,4.664160169198794e-10,4.440892098500626e-16,15
stl,hurdle_nb2,0.8998109433664906,1.0387109609208656,0.9999999999889185,1.108213520950585e-11,6.661338147750939e-16,15
stl,hurdle_nb2,1.5347212275374074,1.5641749982622826,0.9999999997233836,2.7661650747745625e-10,0.0,15
stl,hurdle_nb2,0.7867013100412563,0.8229935355091937,0.9999999999396434,6.035683064453679e-11,2.220446049250313e-16,15
stl,hurdle_nb2,0.49649944626809506,0.5837432350790264,0.9999999995861498,4.138498432837423e-10,3.3306690738754696e-16,15
stl,hurdle_nb2,0.8135802296531863,1.0002163777008974,0.9999999999925128,7.487455100374518e-12,2.220446049250313e-16,15
stl,hurdle_nb2,0.5168893462424574,0.5786632916839537,0.9999999999989837,1.0159650898344808e-12,3.3306690738754696e-16,15
stl,hurdle_nb2,0.28888003704501436,0.3761764410229075,0.9999999999282879,7.171219174040289e-11,0.0,15
stl,hurdle_nb2,0.3025166170975857,0.3637573548348244,0.9999999998417489,1.5825118993006981e-10,0.0,15
stl,hurdle_nb2,0.6004215092081739,0.6555796956856442,0.9999999999833109,1.668920557307274e-11,0.0,15
stl,hurdle_nb2,0.17530060464666566,0.22408030066414195,0.9999999998326919,1.6730816732035692e-10,0.0,15
stl,hurdle_nb2,0.4993050618426642,0.5811112143374075,0.999999999843381,1.5661938412847576e-10,4.440892098500626e-16,15
stl,hurdle_nb2,0.2204605634043656,0.26864533738189306,0.9999999998601135,1.3988632474593032e-10,2.220446049250313e-16,15
stl,hurdle_nb2,0.889864925341349,1.032719243857765,0.9999999996979273,3.0207281120908647e-10,0.0,15
stl,hurdle_nb2,1.1240044571616488,1.0159637744955081,0.9999999999865139,1.3486545213936552e-11,4.440892098500626e-16,15
stl,hurdle_nb2,0.5886584717005623,0.677618699875979,0.9999999999718768,2.8122837392174915e-11,3.3306690738754696e-16,15
stl,hurdle_nb2,0.20078891102598176,0.24633675300449887,0.9999999998670945,1.3290524236708734e-10,2.220446049250313e-16,15
stl,hurdle_nb2,0.48916011216985056,0.5604966849786559,0.9999999999837424,1.6257328816493555e-11,2.220446049250313e-16,15
stl,hurdle_nb2,0.6040926807652105,0.8153692619355284,0.9999999999166214,8.33781932385591e-11,4.440892098500626e-16,15
stl,hurdle_nb2,0.25170972589625035,0.3073570879973157,0.9999999998458368,1.5416312670879506e-10,1.1102230246251565e-16,15
stl,hurdle_nb2,0.9211026216340189,1.1589009142541413,0.9999999999685125,3.1487479290603915e-11,0.0,15
stl,hurdle_nb2,0.4358700451249627,0.528167267003057,0.99999999999208,7.919220834651242e-12,7.771561172376096e-16,15
stl,hurdle_nb2,0.9252926113266914,1.0342114869376609,0.9999999999794672,2.0533019728929958e-11,2.220446049250313e-16,15
stl,hurdle_nb2,0.5969522317933661,0.6977272185371292,0.9999999999850676,1.493227763660343e-11,1.1102230246251565e-16,15
stl,hurdle_nb2,0.7288397392013097,0.8070690251470705,0.9999999999961268,3.8730130214048586e-12,2.220446049250313e-16,15
stl,hurdle_nb2,0.6988318590647676,0.795947567042968,0.9999999999636457,3.635369782983844e-11,5.551115123125783e-16,15
stl,hurdle_nb2,0.41093106819322495,0.4928424525153765,0.9999999999958223,4.177547197059539e-12,1.1102230246251565e-16,15
stl,hurdle_nb2,0.7789276640039572,0.8685999102165616,0.9999999999257659,7.423406334083893e-11,0.0,15
stl,hurdle_nb2,0.5537711102685962,0.6177146189844004,0.9999999999945477,5.452416296236606e-12,0.0,15
stl,hurdle_nb2,0.6001341706508244,0.6790661951937748,0.999999999979947,2.005251520387219e-11,4.440892098500626e-16,15
stl,hurdle_nb2,0.4538443188488139,0.5385686578921592,0.9999999999961922,3.807398840649512e-12,4.440892098500626e-16,15
stl,hurdle_nb2,0.4014404491818932,0.4743251191639951,0.9999999999875142,1.248556813493451e-11,2.220446049250313e-16,15
stl,hurdle_nb2,0.2870448770415935,0.35744019084426554,0.9999999999970375,2.9622970743048427e-12,2.220446049250313e-16,15
stl,hurdle_nb2,0.5604207479989751,0.6381504768752821,0.9999999999871853,1.2814638239433407e-11,1.1102230246251565e-16,15
stl,hurdle_nb2,1.508562515353009,1.563541634538839,0.9999999997003232,2.9967706094424784e-10,2.220446049250313e-16,15
stl,hurdle_nb2,0.2722930600245802,0.3400740019389196,0.9999999999217227,7.827716252961636e-11,1.1102230246251565e-16,15
stl,hurdle_nb2,0.2787414700766368,0.3539329368869715,0.9999999997067933,2.932064591121275e-10,2.220446049250313e-16,15
stl,hurdle_nb2,0.23508033639028633,0.2826389038056278,0.9999999997177111,2.8228896997717356e-10,0.0,15
stl,hurdle_nb2,1.3242256489156112,1.3419101279925048,0.999999999953457,4.65431027052432e-11,0.0,15
stl,hurdle_nb2,0.9794036619172591,1.1706461827063182,0.9999999999587945,4.120603858126515e-11,4.440892098500626e-16,15
stl,hurdle_nb2,1.2833939327642394,1.3663385209177945,0.999999999637016,3.62984309276726e-10,4.440892098500626e-16,15
stl,hurdle_nb2,0.5529648566139792,0.7294608925091612,0.9999999999987309,1.2693179840539415e-12,2.220446049250313e-16,15
stl,hurdle_nb2,1.696944104209372,1.6336056657520714,0.9999999991943224,8.056778577625323e-10,2.220446049250313e-16,15
stl,hurdle_nb2,0.4033230359180892,0.5062412522393094,0.9999999998926542,1.0734568789416699e-10,1.1102230246251565e-16,15
stl,hurdle_nb2,1.1455532301583715,1.2417543089069312,0.9999999999068513,9.314904403368018e-11,4.440892098500626e-16,15
stl,hurdle_nb2,0.40063686576165564,0.47250462968961715,0.9999999996511466,3.4885350164159945e-10,0.0,15
stl,hurdle_nb2,0.22747828149025165,0.26661473592097146,0.9999999998746002,1.2540013472062128e-10,4.440892098500626e-16,15
stl,hurdle_nb2,0.24031844300674823,0.2850597764744827,0.9999999999199065,8.009348739790312e-11,0.0,15
stl,hurdle_nb2,1.3892030497301942,1.34004076956038,0.9999999999530144,4.698563760285879e-11,0.0,15
stl,hurdle_nb2,0.3641724416120851,0.46171185241599466,0.999999999905136,9.48638945175162e-11,1.1102230246251565e-16,15
stl,hurdle_nb2,0.9358510220131303,0.9272408809587814,0.9999999999797855,2.0214718787769925e-11,2.220446049250313e-16,15
stl,hurdle_nb2,0.9191746477602907,1.0985733043311028,0.9999999999961797,3.820388450037626e-12,0.0,15
stl,hurdle_nb2,0.3610976247235373,0.4384468017646621,0.9999999991290526,8.709467591572206e-10,6.661338147750939e-16,15
stl,hurdle_nb2,0.3948605458029051,0.4543592640701799,0.9999999999689024,3.109701385284325e-11,5.551115123125783e-16,15
stl,hurdle_nb2,0.7502595718573767,0.8604552614843332,0.9999999999433318,5.666833668982463e-11,0.0,15
stl,hurdle_nb2,0.5566750291419733,0.6917227916369805,0.9999999999658443,3.4155789307988016e-11,0.0,15
stl,hurdle_nb2,0.6901503104767546,0.7061634728150306,0.9999999999909098,9.090284081025857e-12,0.0,15
stl,hurdle_nb2,0.3513296361619934,0.4255258845630071,0.9999999999522816,4.7718162754506466e-11,2.220446049250313e-16,15
stl,hurdle_nb2,1.0727346365710317,1.1568751131700852,0.9999999999954221,4.5783377089492205e-12,4.440892098500626e-16,15
stl,hurdle_nb2,1.2431143973004037,1.3095874946114845,0.999999999973839,2.6161517396872114e-11,4.440892098500626e-16,15
stl,hurdle_nb2,0.8823257941454816,1.0055076815267285,0.9999999999923537,7.646550059803303e-12,2.220446049250313e-16,15
stl,hurdle_nb2,1.1748558202655075,1.2427254910581307,0.9999999999886223,1.1377676578661067e-11,0.0,15
stl,hurdle_nb2,0.524108481015427,0.6046823516223789,0.9999999999978679,2.1322943410950757e-12,2.220446049250313e-16,15
stl,hurdle_nb2,0.6626953021976173,0.747201456539577,0.9999999999801107,1.988920139694983e-11,1.1102230246251565e-16,15
stl,hurdle_nb2,0.2210337807696644,0.2787479495480422,0.9999999994385057,5.614944065257532e-10,0.0,15
stl,hurdle_nb2,1.3006361860312543,1.3637349711775564,0.9999999999617339,3.8266279034360196e-11,2.220446049250313e-16,15
stl,hurdle_nb2,0.48442498350909796,0.5610679320703635,0.9999999999781783,2.1821988660519764e-11,4.440892098500626e-16,15
stl,hurdle_nb2,0.7547726319955917,0.8629394092847801,0.9999999999951097,4.8900883342639645e-12,2.220446049250313e-16,15
stl,hurdle_nb2,1.168112945693392,1.2628758629649255,0.9999999999833282,1.667199711619105e-11,2.220446049250313e-16,15
stl,hurdle_nb2,1.1870006858093565,1.326952373889755,0.999999999965237,3.4762970280155514e-11,0.0,15
stl,hurdle_nb2,0.8040591104943843,0.9908826376295022,0.9999999997905417,2.0945789547255345e-10,4.440892098500626e-16,15
stl,hurdle_nb2,0.9285628454444331,1.0603746259548097,0.9999999996941303,3.0586932986409465e-10,3.3306690738754696e-16,15
stl,hurdle_nb2,0.7163905625615876,0.781472033723386,0.9999999999757143,2.4285573552162987e-11,1.1102230246251565e-16,15
stl,hurdle_nb2,0.1572909071468284,0.18335729940672552,0.9999999999975034,2.496447493172127e-12,1.1102230246251565e-16,15
stl,hurdle_nb2,1.4161605634465078,1.6084562895688572,0.9999999997836481,2.1635215841087074e-10,2.220446049250313e-16,15
stl,hurdle_nb2,1.403727916114536,1.479195146020404,0.9999999992450587,7.549416647378848e-10,4.440892098500626e-16,15
stl,hurdle_nb2,0.699605173743615,0.8500806588716374,0.9999999999311294,6.887046488657234e-11,1.1102230246251565e-16,15
stl,hurdle_nb2,0.3399229838770333,0.4630334379322503,0.9999999972578173,2.7421827031304247e-09,0.0,15
stl,hurdle_nb2,0.5708343980826668,0.5954817005997782,0.9999999999921508,7.848610650285082e-12,5.551115123125783e-16,15
stl,hurdle_nb2,1.327190852671813,1.3221409394536285,0.9999999997814897,2.1851043197074205e-10,0.0,15
stl,hurdle_nb2,1.5861653582005713,1.512174677281544,0.9999999996796445,3.2035596397861354e-10,4.440892098500626e-16,15
stl,hurdle_nb2,0.5724726423151528,0.670823056061546,0.9999999999979337,2.0665691380372664e-12,2.220446049250313e-16,15
stl,hurdle_nb2,1.3823313085554625,1.4256351558106808,0.9999999994815177,5.184830342841451e-10,8.881784197001252e-16,15
stl,hurdle_nb2,0.8275845118080883,0.7460730703192129,0.9999999999922585,7.741585150711217e-12,0.0,15
stl,hurdle_nb2,0.882151992634034,0.9082264656430915,0.999999997608446,2.391554732028567e-09,8.881784197001252e-16,15
stl,hurdle_nb2,0.5118415008286172,0.5934809079824686,0.9999999999858735,1.4126477765330492e-11,0.0,15
stl,hurdle_nb2,0.33130756240660747,0.4013564819140798,0.9999999999895884,1.0411449480329793e-11,1.1102230246251565e-16,15
stl,hurdle_nb2,0.4067947681011313,0.48516893117742843,0.9999999999958767,4.122924224247981e-12,3.3306690738754696e-16,15
stl,hurdle_nb2,0.3358637985041326,0.38549739670453703,0.9999999999954788,4.520384067063787e-12,7.771561172376096e-16,15
stl,hurdle_nb2,0.5610953237845677,0.6527172644811117,0.9999999996536659,3.4633418355412005e-10,0.0,15
stl,hurdle_nb2,1.0059116930227592,1.0827551191508582,0.9999999995925533,4.074462989223093e-10,4.440892098500626e-16,15
stl,hurdle_nb2,1.4731318290146578,1.5378012848243898,0.9999999988152529,1.1847467451531202e-09,3.3306690738754696e-16,15
stl,hurdle_nb2,0.6792523538956552,0.7488465502459445,0.9999999999981274,1.8730572648451016e-12,4.440892098500626e-16,15
stl,hurdle_nb2,0.4421712562199501,0.5118101435146192,0.9999999999856599,1.4339640586058522e-11,4.440892098500626e-16,15
stl,hurdle_nb2,0.5721007775451625,0.6584356541965053,0.9999999999819721,1.8028023518468217e-11,0.0,15
stl,hurdle_nb2,0.9720972291657654,0.9649475738175302,0.9999999999891988,1.080147082888061e-11,2.220446049250313e-16,15
stl,hurdle_nb2,0.5152983726515612,0.6177692842170786,0.9999999999776128,2.238675911314658e-11,4.440892098500626e-16,15
stl,hurdle_nb2,1.5414067103643376,1.5484357078287694,0.9999999997531329,2.4686730437650795e-10,2.220446049250313e-16,15
stl,hurdle_nb2,1.2583319737412637,1.3695499689564188,0.999999999963475,3.652544933174795e-11,4.440892098500626e-16,15
stl,hurdle_nb2,0.7686140676944947,0.8511006452248369,0.9999999997831267,2.1687285300941994e-10,4.440892098500626e-16,15
stl,hurdle_nb2,0.15468329818743917,0.17165462990136543,0.999999999998707,1.2922996006636822e-12,6.661338147750939e-16,15
stl,hurdle_nb2,0.38618862797834663,0.450541904181583,0.9999999999961905,3.808953152883987e-12,5.551115123125783e-16,15
stl,hurdle_nb2,1.4179116298977177,1.5748260894152408,0.9999999987274133,1.2725870357499502e-09,4.440892098500626e-16,15
stl,hurdle_nb2,0.7825331650459412,0.9003153264224006,0.9999999999147801,8.52201642587147e-11,2.220446049250313e-16,15
stl,hurdle_nb2,0.8703054688226806,0.9854587547329927,0.999999999991455,8.545053553632442e-12,0.0,15
stl,hurdle_nb2,0.1402679996982416,0.1578760125686454,0.9999999999988126,1.1872725025341424e-12,1.1102230246251565e-16,15
stl,hurdle_nb2,0.8629175960771375,0.9466988503944472,0.9999999999947526,5.2476911704957274e-12,4.440892098500626e-16,15
stl,hurdle_nb2,0.8726476209018098,0.9336366315764104,0.9999999999926336,7.366440790690376e-12,0.0,15
stl,hurdle_nb2,1.3194396175089989,1.3421070576534657,0.9999999999574236,4.257649788286244e-11,0.0,15
stl,hurdle_nb2,0.9355287168667842,1.078203787833154,0.9999999999795512,2.0448975845965833e-11,2.220446049250313e-16,15
stl,hurdle_nb2,1.1827256859304216,1.4049441926497395,0.9999999999667764,3.322386810111766e-11,2.220446049250313e-16,15
stl,hurdle_nb2,1.6884699953938291,1.5433233700997895,0.9999999995019853,4.980150736244582e-10,4.440892098500626e-16,15
stl,hurdle_nb2,1.4411165835917146,1.5009802536438581,0.999999998914434,1.0855663035158614e-09,4.440892098500626e-16,15
stl,hurdle_nb2,0.45065143684700537,0.5422886199916643,0.9999999999894434,1.0556000518135988e-11,5.551115123125783e-16,15
stl,hurdle_nb2,0.9475466726866922,1.1792136380747873,0.999999999982136,1.7864154600033544e-11,0.0,15
stl,hurdle_nb2,0.3517878188219519,0.46056046244326476,0.9999999989291156,1.0708844921936134e-09,0.0,15
stl,hurdle_nb2,0.31540972733943967,0.3734104955340304,0.999999999993561,6.438405364406208e-12,5.551115123125783e-16,15
stl,hurdle_nb2,0.5709677165363994,0.6574568380460104,0.9999999999095724,9.042699922190423e-11,5.551115123125783e-16,15
stl,hurdle_nb2,0.6668508697108058,0.7823849093129251,0.9999999999486753,5.132405611618651e-11,6.661338147750939e-16,15
stl,hurdle_nb2,0.7088683876219407,0.842717716537179,0.99999999999819,1.8102186416513177e-12,2.220446049250313e-16,15
stl,hurdle_nb2,0.43258207326849546,0.5320845356217305,0.9999999998143775,1.8562262837917842e-10,0.0,15
stl,hurdle_nb2,0.8243705433509161,0.980492225219239,0.9999999999927378,7.2623018709805365e-12,0.0,15
stl,hurdle_nb2,0.8230908677745531,0.9824440044635047,0.9999999994405889,5.594106289308343e-10,4.440892098500626e-16,15
stl,hurdle_nb2,0.1843607438643625,0.2420095559186743,0.999999999614716,3.8528402690474195e-10,0.0,15
stl,hurdle_nb2,0.9604176833089414,1.0382738988826037,0.9999999999981463,1.8536283619141614e-12,1.1102230246251565e-16,15
stl,hurdle_nb2,0.33017869457129495,0.3871574637859072,0.9999999998804388,1.1956102774490773e-10,2.220446049250313e-16,15
stl,hurdle_nb2,1.3132732633198518,1.455179606400807,0.9999999999025597,9.744061113536873e-11,4.440892098500626e-16,15
stl,hurdle_nb2,0.4808698914341327,0.55189753071108,0.9999999998425093,1.5749113124741143e-10,4.440892098500626e-16,15
stl,hurdle_nb2,0.26878211001123126,0.3777565595742958,0.9999999984829904,1.5170098510708385e-09,2.220446049250313e-16,15
stl,hurdle_nb2,1.08756742688187,1.2341153268218719,0.9999999999709579,2.904232410116947e-11,2.220446049250313e-16,15
stl,hurdle_nb2,0.6211984947122909,0.6972729837122469,0.999999999947579,5.2420512375306316e-11,4.440892098500626e-16,15
stl,hurdle_nb2,0.6417593702152599,0.6893884556802078,0.9999999999795424,2.0457080474045597e-11,5.551115123125783e-16,15
stl,hurdle_nb2,0.34696482513274757,0.39406516404323383,0.9999999999944412,5.558442595088309e-12,3.3306690738754696e-16,15
stl,hurdle_nb2,1.0957264381841263,1.1947161559176176,0.9999999999887401,1.1259659871143413e-11,2.220446049250313e-16,15
stl,hurdle_nb2,0.2798333261144827,0.34018926686015005,0.9999999999979872,2.0121682098306337e-12,6.661338147750939e-16,15
stl,hurdle_nb2,0.5373064289491012,0.6441296786786859,0.9999999999602138,3.9786174355072035e-11,0.0,15
stl,hurdle_nb2,0.16051333993234185,0.18320514790420234,0.9999999999988739,1.1259881915748338e-12,1.1102230246251565e-16,15
stl,hurdle_nb2,1.6935295223752245,1.526331108929793,0.9999999996047283,3.9527159323426986e-10,1.1102230246251565e-16,15
stl,hurdle_nb2,0.20641794365228788,0.23610629561425617,0.9999999999857023,1.4297785178030153e-11,0.0,15
stl,hurdle_nb2,1.0095750887987587,1.1472108662761846,0.9999999994717774,5.282222437230644e-10,3.3306690738754696e-16,15
stl,hurdle_nb2,1.153497763355607,1.3193637956393225,0.99999999997645,2.355005079834882e-11,0.0,15
stl,hurdle_nb2,1.3997297003866789,1.5369895644038478,0.9999999992537406,7.462593876184087e-10,0.0,15
stl,hurdle_nb2,0.7612401798862909,0.9006378157275904,0.9999999998883856,1.1161382929003594e-10,5.551115123125783e-16,15
stl,hurdle_nb2,0.8392656992436801,0.906346839363256,0.9999999999941579,5.842326622484961e-12,2.220446049250313e-16,15
stl,hurdle_nb2,0.3004541527595634,0.3436288393304638,0.9999999999981943,1.805555704947892e-12,1.1102230246251565e-16,15
stl,hurdle_nb2,0.8769231973949484,1.038458824789283,0.9999999999912186,8.781642080180063e-12,2.220446049250313e-16,15
stl,hurdle_nb2,0.5646600454660003,0.6539280566561034,0.9999999999995104,4.89608353859694e-13,0.0,15
stl,hurdle_nb2,0.315132655112935,0.35298188246997464,0.999999999995054,4.94548846319276e-12,5.551115123125783e-16,15
stl,hurdle_nb2,0.4171114366143985,0.4812693897200754,0.9999999999919676,8.031908471650695e-12,4.440892098500626e-16,15
stl,hurdle_nb2,1.399954289187938,1.4041526142940848,0.9999999995555601,4.4444015134814663e-10,2.220446049250313e-16,15
stl,hurdle_nb2,0.3524606591225137,0.4039196334238557,0.9999999999993987,6.015188347419098e-13,2.220446049250313e-16,15
stl,hurdle_nb2,0.7166690529343291,0.8231125404551455,0.9999999999517764,4.822331423071091e-11,3.3306690738754696e-16,15
stl,hurdle_nb2,0.712656327725888,0.8564072747645068,0.9999999999544072,4.5592307706954216e-11,4.440892098500626e-16,15
stl,hurdle_nb2,0.31024196922671005,0.36034055707976703,0.9999999999970152,2.9842794901924208e-12,5.551115123125783e-16,15
stl,hurdle_nb2,0.9811618459389736,0.9590188829486083,0.9999999999903677,9.632517006252783e-12,2.220446049250313e-16,15
stl,hurdle_nb2,0.33035041110242663,0.40319965923199697,0.999999999995873,4.126698982531707e-12,3.3306690738754696e-16,15
stl,hurdle_nb2,1.1688340014832261,1.3175890200653317,0.9999999969511478,3.0488519486837617e-09,2.220446049250313e-16,15
stl,hurdle_nb2,1.1109140642738669,1.249533397169513,0.9999999999255472,7.445311034359747e-11,4.440892098500626e-16,15
stl,hurdle_nb2,0.3887532561788858,0.46019047473895286,0.9999999999957099,4.289346655639292e-12,7.771561172376096e-16,15
stl,hurdle_nb2,0.45924391315277463,0.5747098039966716,0.9999999996481946,3.5180558466407774e-10,2.220446049250313e-16,15
stl,hurdle_nb2,0.44716930045115516,0.5177136230482051,0.999999999864503,1.3549650290656245e-10,4.440892098500626e-16,15
stl,hurdle_nb2,0.30664871185839576,0.36406991345026557,0.9999999999977885,2.2107871089360742e-12,6.661338147750939e-16,15
stl,hurdle_nb2,0.5436198319866867,0.5946070596760369,0.9999999996345191,3.654807567698981e-10,1.1102230246251565e-16,15
stl,hurdle_nb2,0.3063424118960384,0.33631064202351135,0.9999999999711877,2.88123969127696e-11,0.0,15
stl,hurdle_nb2,0.8065122346144236,0.9966305522178561,0.9999999999947747,5.225486710003224e-12,2.220446049250313e-16,15
stl,hurdle_nb2,1.2110222241651,0.9666392648377344,0.9999999992619559,7.380439592807875e-10,1.1102230246251565e-16,15
stl,hurdle_nb2,0.7922124055200982,0.8483930709344089,0.9999999999399662,6.003353369976594e-11,2.220446049250313e-16,15
stl,hurdle_nb2,0.16858653364984943,0.21514941216219555,0.9999999998297927,1.7020729270456059e-10,0.0,15
stl,hurdle_nb2,0.3170212209818018,0.41159968711759876,0.9999999998405451,1.5945511577797333e-10,2.220446049250313e-16,15
stl,hurdle_nb2,0.48161456335060365,0.5537857359970829,0.9999999999942595,5.7405191711268344e-12,0.0,15
stl,hurdle_nb2,0.24539802355282375,0.2862131524494862,0.9999999998893886,1.1061085380958957e-10,5.551115123125783e-16,15
stl,hurdle_nb2,0.38323546294088134,0.5123945070811757,0.9999999753720334,2.4627966443979687e-08,1.1102230246251565e-16,15
stl,hurdle_nb2,0.50616387172823,0.5556909866789859,0.9999999998798579,1.20142229498299e-10,0.0,15
stl,hurdle_nb2,0.29438654474962184,0.3499202672754018,0.9999999997404531,2.5954749460765925e-10,4.440892098500626e-16,15
stl,hurdle_nb2,0.5881421938304215,0.6995038248558384,0.9999999999832565,1.674349547897691e-11,0.0,15
stl,hurdle_nb2,1.5609479537822324,1.6925112818884314,0.9999999995212724,4.787277241291577e-10,0.0,15
stl,hurdle_nb2,0.20780422583433672,0.23407132529972358,0.9999999999987553,1.244671032907263e-12,0.0,15
stl,hurdle_nb2,0.16842352231749194,0.18892856995777624,0.9999999999979869,2.012834343645409e-12,2.220446049250313e-16,15
stl,hurdle_nb2,0.6283181851243951,0.736756138333398,0.9999999999781672,2.1832535779253703e-11,2.220446049250313e-16,15
stl,hurdle_nb2,1.3774281746037558,1.4131918815345037,0.9999999995091371,4.908632389444278e-10,4.440892098500626e-16,15
stl,hurdle_nb2,0.700571674364554,0.9609146520709426,0.999999996522028,3.4779720214928034e-09,0.0,15
stl,hurdle_nb2,1.0734065815070024,1.2282803397543685,0.9999999999810089,1.8991253014633003e-11,0.0,15
stl,hurdle_nb2,0.9467925214689102,1.0716921990409323,0.9999999999899701,1.0030198893673514e-11,4.440892098500626e-16,15
stl,hurdle_nb2,0.8375702027353723,0.9333140358417237,0.9999999998565895,1.434100616037881e-10,4.440892098500626e-16,15
stl,hurdle_nb2,1.7163604537906152,1.6425930860409546,0.9999999992619425,7.380576150239904e-10,0.0,15
stl,hurdle_nb2,1.6654559929536514,1.7129189286986564,0.9999999958959689,4.1040314480156326e-09,4.440892098500626e-16,15
blk,mixture,0.4559773872194887,0.601367399085802,0.9999999979848478,2.015152236694151e-09,0.0,15
blk,mixture,0.3767920731290415,0.48488208792393206,0.9999999992754319,7.245677360780929e-10,3.3306690738754696e-16,15
blk,mixture,0.32859667788020686,0.3336491776154814,1.0000000000000004,0.0,4.440892098500626e-16,15
blk,mixture,0.602690381590537,0.645872109123032,0.9999999999998769,1.2322515146245376e-13,0.0,15
blk,mixture,0.3409616004516726,0.46568110119694406,0.9999999792285689,2.0771431306268128e-08,2.220446049250313e-16,15
blk,mixture,0.23422777030954556,0.2511580890844911,0.9999999999999997,2.795286167534946e-16,0.0,15
blk,mixture,1.4838654371270932,1.6804769325655062,0.9999999970986273,2.901372734555086e-09,0.0,15
blk,mixture,0.2026317627327689,0.25095240915409245,0.9999999993712131,6.287868113060694e-10,1.1102230246251565e-16,15
blk,mixture,0.17369175800952283,0.1748575054944149,0.9999999999999999,0.0,1.1102230246251565e-16,15
blk,mixture,0.5623010832390459,0.6047678809332848,0.9999999999998642,1.3627507603934755e-13,4.440892098500626e-16,15
blk,mixture,0.07795229849917071,0.0851855226458382,0.9999999999999849,1.5048181391853442e-14,0.0,15
blk,mixture,0.13131892356720198,0.13314201360370567,1.0000000000000004,0.0,4.440892098500626e-16,15
blk,mixture,0.264453947931196,0.28432649073551614,0.9999999999999993,5.825181372529741e-16,1.1102230246251565e-16,15
blk,mixture,0.1774856744525584,0.18558181491846112,0.9999999999999999,3.747297928854773e-19,1.1102230246251565e-16,15
blk,mixture,0.5035006908832361,0.6843675945746046,0.9999999923796596,7.620340136521714e-09,2.220446049250313e-16,15
blk,mixture,0.2089576201563327,0.21219621367823516,1.0000000000000002,0.0,2.220446049250313e-16,15
blk,mixture,0.2284925022345521,0.23004512860702087,0.9999999999999999,0.0,1.1102230246251565e-16,15
blk,mixture,0.6042655674659348,0.6896570025989901,0.9999999999931815,6.818644542625915e-12,0.0,15
blk,mixture,0.17587882578345626,0.20371785525586858,0.9999999999984308,1.5688038977182497e-12,3.3306690738754696e-16,15
blk,mixture,0.26253236419591164,0.26744440434697186,1.0000000000000004,0.0,4.440892098500626e-16,15
blk,mixture,0.060678791618975596,0.061248765463499125,1.0000000000000002,0.0,2.220446049250313e-16,15
blk,mixture,0.2301290780792766,0.27823043051840085,0.9999999999593041,4.069569714103842e-11,2.220446049250313e-16,15
blk,mixture,0.09177610133083547,0.10109076238369737,0.9999999999999729,2.7226023719608073e-14,2.220446049250313e-16,15
blk,mixture,0.43937127623062705,0.4933767887076458,0.9999999999994458,5.541484019051158e-13,1.1102230246251565e-16,15
blk,mixture,0.1467256998658563,0.17412909462478318,0.9999999999156636,8.433627073750681e-11,1.1102230246251565e-16,15
blk,mixture,0.16312854793897028,0.18537204588060568,0.9999999999998413,1.5818397297553332e-13,4.440892098500626e-16,15
blk,mixture,0.0739873615675719,0.08090401105139268,0.9999999999999739,2.607434387832931e-14,0.0,15
blk,mixture,0.9540139667268216,1.1235948447878195,0.9999999995583838,4.4161589480655837e-10,3.3306690738754696e-16,15
blk,mixture,0.6106405096763425,0.6319741756481794,0.9999999999999947,5.2772021659591005e-15,0.0,15
blk,mixture,0.1699230987194463,0.17773119814145721,1.0000000000000002,3.7649478394505284e-19,2.220446049250313e-16,15
blk,mixture,0.245024922016414,0.3228273797298457,0.9999999860788031,1.3921196882849354e-08,0.0,15
blk,mixture,0.23366495193778633,0.2516180713551338,0.9999999999999996,5.937682245372152e-16,2.220446049250313e-16,15
blk,mixture,0.18057383643703737,0.1869325922662648,1.0000000000000002,0.0,2.220446049250313e-16,15
blk,mixture,0.20704913645002176,0.25782189440227654,0.9999999991465465,8.53453208647032e-10,3.3306690738754696e-16,15
blk,mixture,0.3892659590119947,0.3992832406165965,1.0000000000000002,6.785331146383807e-19,2.220446049250313e-16,15
blk,mixture,0.25455339059181953,0.2736036754926087,0.9999999999999999,5.103538861832995e-16,4.440892098500626e-16,15
blk,mixture,0.7411080490117322,0.7888516669196816,0.9999999999998144,1.8592910508622063e-13,2.220446049250313e-16,15
blk,mixture,0.1842291890454965,0.19200850330565017,0.9999999999999998,1.1199975486864198e-19,2.220446049250313e-16,15
blk,mixture,0.13960752825398617,0.14172700661702894,1.0000000000000002,0.0,2.220446049250313e-16,15
blk,mixture,0.16345233488412164,0.1692272601560707,0.9999999999999998,0.0,2.220446049250313e-16,15
blk,mixture,0.15879932179417144,0.16633226134588827,1.0,5.555022134487163e-19,0.0,15
blk,mixture,0.22581513205086395,0.23651076926554152,1.0000000000000004,1.2366392326693138e-18,4.440892098500626e-16,15
blk,mixture,0.42803538301347627,0.4609240860395839,0.9999999999999627,3.7609333044108776e-14,2.220446049250313e-16,15
blk,mixture,0.28457410941997047,0.3057338200105506,0.9999999999999992,6.345208849426078e-16,1.1102230246251565e-16,15
blk,mixture,0.5200473417060502,0.59278221875844,0.9999999999965402,3.4596564527082966e-12,1.1102230246251565e-16,15
blk,mixture,0.11139202322480982,0.11598206824245166,1.0,6.109077538289563e-20,0.0,15
blk,mixture,0.10699614680890471,0.11120132913416532,0.9999999999999999,3.0545387691447814e-20,1.1102230246251565e-16,15
blk,mixture,0.16325035489748907,0.17037804104187992,1.0000000000000004,1.730905302515377e-19,4.440892098500626e-16,15
blk,mixture,0.4219870438504946,0.42769263451767014,0.9999999999999996,0.0,4.440892098500626e-16,15
blk,mixture,0.13793241489913288,0.15741380015592238,0.9999999999990783,9.215635578459519e-13,1.1102230246251565e-16,15
blk,mixture,0.08442482698314521,0.09222947748383509,0.999999999999992,7.667242300834654e-15,3.3306690738754696e-16,15
blk,mixture,0.05692771870179713,0.06126185922954201,0.9999999999999974,2.9206354034395678e-15,4.440892098500626e-16,15
blk,mixture,1.314649960671167,1.3723233116510336,0.9999999999787876,2.12125203809472e-11,2.220446049250313e-16,15
blk,mixture,0.4013154704929739,0.41280334822596415,1.0000000000000004,5.8384882601892766e-18,4.440892098500626e-16,15
blk,mixture,0.5530714555246321,0.5760630001181244,0.9999999999999991,1.0072843063504406e-15,2.220446049250313e-16,15
blk,mixture,0.8758096489063292,0.9426502499109886,0.9999999999979745,2.0258361523798083e-12,4.440892098500626e-16,15
blk,mixture,0.33604225947479016,0.339621041419526,0.9999999999999999,0.0,1.1102230246251565e-16,15
blk,mixture,0.207685325082949,0.2434585176958028,0.9999999999973026,2.6971656645408753e-12,2.220446049250313e-16,15
blk,mixture,1.0469050761332876,1.1269308449050024,0.9999999999910147,8.985560494665208e-12,2.220446049250313e-16,15
blk,mixture,0.2625100575954105,0.3333013620065476,0.9999999989457753,1.0542247161830417e-09,0.0,15
blk,mixture,0.10665400667596994,0.12201057976811609,0.9999999999925507,7.449786240435603e-12,4.440892098500626e-16,15
blk,mixture,0.10517507865762167,0.11874735165054717,0.9999999999989204,1.0795339677454326e-12,0.0,15
blk,mixture,0.2906271988227428,0.2932414312413437,1.0,0.0,0.0,15
blk,mixture,0.2446968965854946,0.2961610552008845,0.9999999999666525,3.3347378616904624e-11,2.220446049250313e-16,15
blk,mixture,0.4804243957013957,0.5059818650594876,0.9999999999999978,2.4925740608814695e-15,2.220446049250313e-16,15
blk,mixture,0.19945220577134534,0.20088823596654165,1.0000000000000002,0.0,2.220446049250313e-16,15
blk,mixture,0.3724851372847654,0.5295061267943827,0.9999999195467483,8.045325158948053e-08,1.1102230246251565e-16,15
blk,mixture,0.18976320480108544,0.20619244051366198,0.9999999999999979,2.2171789422493892e-15,0.0,15
blk,mixture,0.7542703796674375,0.8678811059698466,0.99999999996513,3.487007846439057e-11,0.0,15
blk,mixture,0.13111566166143143,0.13404552007471437,1.0,0.0,0.0,15
blk,mixture,0.11633622943412295,0.11858677429710689,1.0000000000000002,0.0,2.220446049250313e-16,15
blk,mixture,0.23663222723102922,0.2871433680069169,0.9999999999503528,4.964696667331754e-11,2.220446049250313e-16,15
blk,mixture,0.21592907245075202,0.21739961676376482,1.0000000000000002,0.0,2.220446049250313e-16,15
blk,mixture,0.9421908004279931,0.9706150720329595,0.999999999999848,1.5212775021206358e-13,2.220446049250313e-16,15
blk,mixture,1.282273559225889,1.4056522393677526,0.9999999998317844,1.6821579085391245e-10,2.220446049250313e-16,15
blk,mixture,0.7185616185083414,0.7343385101415437,0.9999999999999976,2.3578353573687384e-15,1.1102230246251565e-16,15
blk,mixture,0.1146953224680496,0.1167118811771171,1.0000000000000007,0.0,6.661338147750939e-16,15
blk,mixture,0.15487612077305798,0.1601978105782155,0.9999999999999997,0.0,3.3306690738754696e-16,15
blk,mixture,0.07021704550446127,0.07670925009655413,0.9999999999999687,3.126149896593645e-14,0.0,15
blk,mixture,0.5161062622845254,0.5240188887629956,0.9999999999999998,6.7496978284138104e-18,2.220446049250313e-16,15
blk,mixture,0.24928742439061233,0.27018139523488605,0.9999999999999979,1.9519388948561663e-15,1.1102230246251565e-16,15
blk,mixture,0.12939867794825796,0.13103243254124883,1.0000000000000002,0.0,2.220446049250313e-16,15
blk,mixture,0.19351805238337888,0.1947602197690678,0.9999999999999999,0.0,1.1102230246251565e-16,15
blk,mixture,0.7227801854002861,0.7410489132741103,0.9999999999999958,4.141538791056315e-15,1.1102230246251565e-16,15
blk,mixture,0.9511333182650478,1.1162936368557599,0.9999999996321475,3.6785240684708396e-10,1.1102230246251565e-16,15
blk,mixture,0.22629297169235926,0.2353777125025504,0.9999999999999998,4.072718358859707e-20,2.220446049250313e-16,15
blk,mixture,0.7925568427879162,0.9287668230810795,0.9999999998743057,1.256942802387781e-10,1.1102230246251565e-16,15
blk,mixture,0.14559658264320421,0.17140949658630728,0.9999999999632383,3.6761544452741925e-11,1.1102230246251565e-16,15
blk,mixture,0.47177773658182404,0.4779181171335605,1.0,8.437122285517263e-19,0.0,15
blk,mixture,0.3992329900355722,0.4101660330178367,1.0000000000000002,1.2213596063490852e-18,2.220446049250313e-16,15
blk,mixture,0.16506618821991031,0.17053943631009605,0.9999999999999999,0.0,1.1102230246251565e-16,15
blk,mixture,0.16678464035807378,0.1965118800506579,0.9999999999825675,1.7432678519858587e-11,2.220446049250313e-16,15
blk,mixture,0.19010484352451645,0.2012354828388082,0.9999999999999999,1.3048467638522053e-17,1.1102230246251565e-16,15
blk,mixture,0.2833459194165239,0.28886037943922527,1.0000000000000004,0.0,4.440892098500626e-16,15
blk,mixture,1.3323473596110882,1.3906388786772197,0.999999999975685,2.4314931213272198e-11,1.1102230246251565e-16,15
blk,mixture,0.30950024581008834,0.32167609200149605,1.0000000000000004,1.3073194986494778e-17,4.440892098500626e-16,15
blk,mixture,0.6789238397984122,0.7106725069026485,0.9999999999999872,1.3293089776906526e-14,4.440892098500626e-16,15
blk,mixture,0.18846974936232166,0.19385471196028226,1.0000000000000002,0.0,2.220446049250313e-16,15
blk,mixture,0.2996257051175887,0.3664647408728224,0.9999999999621003,3.789916761836328e-11,5.551115123125783e-16,15
blk,mixture,0.1231300846797918,0.1275865396549643,1.0000000000000002,0.0,2.220446049250313e-16,15
blk,mixture,0.12221399297825726,0.12834023315105145,1.0,9.0004228275988e-19,0.0,15
blk,mixture,0.4746975268232308,0.5438859159025954,0.9999999999959254,4.074440674193288e-12,2.220446049250313e-16,15
blk,mixture,0.43236163969246916,0.5135537077410166,0.9999999999432462,5.67540005549246e-11,2.220446049250313e-16,15
blk,mixture,0.2419609534816423,0.28979118951984173,0.9999999999870985,1.2901227173520318e-11,2.220446049250313e-16,15
blk,mixture,0.23913705384525452,0.24943665427899095,0.9999999999999999,1.1199975486864198e-19,1.1102230246251565e-16,15
blk,mixture,0.6839722644985905,0.7151773823952583,0.9999999999999876,1.2696807318273899e-14,2.220446049250313e-16,15
blk,mixture,0.45911271281673266,0.4827007856957298,0.9999999999999994,1.4192373292427405e-15,8.881784197001252e-16,15
blk,mixture,0.1739836605918699,0.18478859616706225,1.0000000000000004,2.4512020987398284e-17,4.440892098500626e-16,15
blk,mixture,0.29749776215691826,0.3209070305594973,0.9999999999999982,1.3685803143973105e-15,4.440892098500626e-16,15
blk,mixture,0.2185671935833146,0.22294956748513098,1.0000000000000004,0.0,4.440892098500626e-16,15
blk,mixture,0.09165409459777127,0.09403304912805716,0.9999999999999998,0.0,2.220446049250313e-16,15
blk,mixture,1.239269058860267,1.2837886631568507,0.9999999999939618,6.038385286060111e-12,2.220446049250313e-16,15
blk,mixture,1.513311438513761,1.5816426962896215,0.9999999998899003,1.1009960307152443e-10,1.1102230246251565e-16,15
blk,mixture,0.5253796589660331,0.5981971527219099,0.9999999999967232,3.27726044325089e-12,4.440892098500626e-16,15
blk,mixture,0.07039889854814473,0.07719896972045007,0.9999999999999254,7.470563163614415e-14,0.0,15
blk,mixture,0.13420991749067931,0.14043613403997138,1.0000000000000002,3.291499890552057e-19,2.220446049250313e-16,15
blk,mixture,0.22259692598548905,0.2259221507036033,1.0000000000000002,0.0,2.220446049250313e-16,15
blk,mixture,0.6064531923631337,0.6785200619686187,0.9999999999984086,1.5916157048974246e-12,2.220446049250313e-16,15
blk,mixture,0.14494633564173057,0.14666010152644257,1.0000000000000002,0.0,2.220446049250313e-16,15
blk,mixture,0.06390032161298799,0.06948373577357458,0.9999999999999795,2.064255927553934e-14,0.0,15
blk,mixture,0.1381303313490996,0.13971152567284525,1.0000000000000002,0.0,2.220446049250313e-16,15
blk,mixture,0.22799294267846584,0.23277811063655401,1.0000000000000002,0.0,2.220446049250313e-16,15
blk,mixture,0.8071181417788442,0.8282512199677666,0.9999999999999839,1.6220958773657697e-14,2.220446049250313e-16,15
blk,mixture,0.3642388155147261,0.37449673615217355,1.0000000000000007,1.0177996719575708e-18,6.661338147750939e-16,15
blk,mixture,0.17606446762392955,0.17687595117061275,0.9999999999999998,0.0,2.220446049250313e-16,15
blk,mixture,0.686590322410477,0.7012870771821419,0.9999999999999988,1.2671782351419848e-15,0.0,15
blk,mixture,0.6025289737932963,0.6284540603360458,0.9999999999999974,2.7316218177463775e-15,2.220446049250313e-16,15
blk,mixture,0.8489363316856994,1.0649112906534075,0.9999999962008255,3.7991745457311426e-09,0.0,15
blk,mixture,0.16429988691991138,0.16544972021450172,0.9999999999999998,0.0,2.220446049250313e-16,15
blk,mixture,0.4125407223152272,0.5873319881820467,0.9999999365328263,6.346717344397622e-08,3.3306690738754696e-16,15
blk,mixture,0.08652133943573462,0.08979254832598166,1.0,1.0181795897149267e-20,0.0,15
blk,mixture,0.246481895700144,0.26676295198197114,0.9999999999999984,1.5211893896036994e-15,0.0,15
blk,mixture,0.1699154002097124,0.17655419542399062,0.9999999999999999,3.0545387691447814e-20,1.1102230246251565e-16,15
blk,mixture,1.5030870773672118,1.6902235264375007,0.9999999977230958,2.2769044782812936e-09,2.220446049250313e-16,15
blk,mixture,0.17651495614873275,0.20330399078699257,0.9999999999992857,7.136792155332693e-13,6.661338147750939e-16,15
blk,mixture,0.2036000996022398,0.20680018960936317,1.0000000000000007,0.0,6.661338147750939e-16,15
blk,mixture,0.10262888994849699,0.10503832095109139,0.9999999999999999,0.0,1.1102230246251565e-16,15
blk,mixture,0.14550543102099786,0.17223245501662696,0.9999999999327636,6.723600625848964e-11,4.440892098500626e-16,15
blk,mixture,1.278826289024315,1.3399895069315686,0.9999999999781717,2.1828445205402324e-11,2.220446049250313e-16,15
blk,mixture,0.12889869212482574,0.14677930700504355,0.999999999998965,1.0347226157536755e-12,2.220446049250313e-16,15
blk,mixture,0.28808321346199334,0.2908207342315539,0.9999999999999999,0.0,1.1102230246251565e-16,15
blk,mixture,0.3030119019214391,0.3838822683360939,0.9999999995006347,4.993652500430732e-10,1.1102230246251565e-16,15
blk,mixture,0.13184132414622127,0.15043148419908525,0.9999999999987956,1.204155413372895e-12,2.220446049250313e-16,15
blk,mixture,0.410264178910465,0.41747840201027187,1.0000000000000002,1.4061870475862105e-18,2.220446049250313e-16,15
blk,mixture,0.7675144215183025,0.9392373134289669,0.9999999990625662,9.374336071087503e-10,2.220446049250313e-16,15
blk,mixture,0.6350473907691541,0.7437344829028592,0.9999999999538091,4.619062526479711e-11,3.3306690738754696e-16,15
blk,mixture,0.1688643552245086,0.18154381076308218,0.9999999999999998,3.023443026987176e-16,0.0,15
blk,mixture,1.3910041202571217,1.4627016907829973,0.9999999999317327,6.826731163928844e-11,0.0,15
blk,mixture,0.12290927099605302,0.12879020388768783,1.0000000000000002,4.812136849065644e-19,2.220446049250313e-16,15
blk,mixture,0.8447917386316715,1.052394785977191,0.9999999971838691,2.8161309947572877e-09,0.0,15
blk,mixture,0.10926460497834214,0.12373635433247679,0.9999999999986532,1.346507402494295e-12,3.3306690738754696e-16,15
blk,mixture,1.4332397744530747,1.4922756342985797,0.9999999999533411,4.6658903161986886e-11,0.0,15
blk,mixture,0.17691604884336976,0.2168141747930673,0.999999999428802,5.711978892811401e-10,1.1102230246251565e-16,15
blk,mixture,0.3455128015776241,0.36529714289558646,1.0,1.2852775499293092e-16,2.220446049250313e-16,15
blk,mixture,0.26219505498109164,0.26436426331034024,0.9999999999999998,0.0,2.220446049250313e-16,15
blk,mixture,0.4532185930033106,0.4657035255561782,1.0000000000000002,1.9930806275152797e-17,2.220446049250313e-16,15
blk,mixture,0.9876892938277063,1.1843061211484054,0.9999999988097411,1.1902587299744355e-09,1.1102230246251565e-16,15
blk,mixture,0.21119781110112648,0.215392984545937,1.0000000000000004,0.0,4.440892098500626e-16,15
blk,mixture,0.11820817940821787,0.13032819209937818,0.9999999999999943,5.197430236698252e-15,4.440892098500626e-16,15
blk,mixture,0.47922878796653334,0.49498376876886185,1.0000000000000002,8.616469527018455e-17,2.220446049250313e-16,15
blk,mixture,1.0093298536172055,1.120844457708713,0.999999999925247,7.475324220566799e-11,2.220446049250313e-16,15
blk,mixture,0.10891660113371454,0.11496805555310366,1.0000000000000002,3.827784274166562e-18,2.220446049250313e-16,15
blk,mixture,0.2383470765225086,0.25873074530704054,0.9999999999999978,2.339553540382779e-15,2.220446049250313e-16,15
blk,mixture,0.43744651392953604,0.4503210097699175,1.0000000000000004,2.162764520013714e-17,4.440892098500626e-16,15
blk,mixture,0.5240945842867882,0.5910601941507253,0.9999999999910079,8.991866504399245e-12,2.220446049250313e-16,15
blk,mixture,0.5150953758035514,0.5711776227941915,0.9999999999996787,3.211521251016328e-13,1.1102230246251565e-16,15
blk,mixture,0.3249439290516893,0.34457638158497933,1.0000000000000002,1.3708526740731302e-16,4.440892098500626e-16,15
blk,mixture,0.46804005762633094,0.5626531697535369,0.9999999998628554,1.371445787420892e-10,0.0,15
blk,mixture,0.5245061529396982,0.5495524943561543,0.9999999999999986,1.710372738595999e-15,2.220446049250313e-16,15
blk,mixture,0.1557151379123564,0.16439385921086933,0.9999999999999996,4.9576193894065454e-18,4.440892098500626e-16,15
blk,mixture,0.26433565856871377,0.2763600015828674,1.0,1.4741373325700802e-18,0.0,15
blk,mixture,0.4033428877976248,0.4143754197400195,0.9999999999999999,3.782819111201429e-18,1.1102230246251565e-16,15
blk,mixture,0.11524016927035756,0.11966126228110566,1.0,2.0363591794298535e-20,0.0,15
blk,mixture,1.0876936406936681,2.091764131524978,0.9999994127097481,5.872902520158956e-07,2.220446049250313e-16,22
blk,mixture,0.14858371367109477,0.1685660878619694,0.999999999999775,2.2456065990092761e-13,4.440892098500626e-16,15
blk,mixture,0.12237869134487292,0.1282378019730969,0.9999999999999999,4.811026186608234e-19,1.1102230246251565e-16,15
blk,mixture,0.2435871959282854,0.2985177197312382,0.9999999998973537,1.0264642032875333e-10,0.0,15
blk,mixture,0.08429423179884357,0.09252536630570235,0.9999999999999768,2.3490185252600123e-14,2.220446049250313e-16,15
blk,mixture,0.42635179680147406,0.4380830247034361,1.0000000000000004,9.468361040207797e-18,4.440892098500626e-16,15
blk,mixture,0.1823487703408258,0.18991875490434743,0.9999999999999999,8.145436717719419e-20,1.1102230246251565e-16,15
blk,mixture,0.4491322184223063,0.4928911767362353,0.9999999999999395,6.020203813850547e-14,3.3306690738754696e-16,15
blk,mixture,0.1223873687594246,0.1418568327681791,0.9999999999826578,1.7342442309117023e-11,2.220446049250313e-16,15
blk,mixture,0.20703869306386527,0.24694876267552723,0.9999999999812222,1.8777557058761273e-11,2.220446049250313e-16,15
blk,mixture,0.3605894371697202,0.38752816611912466,0.9999999999999887,1.1695265531010153e-14,4.440892098500626e-16,15
blk,mixture,0.04991276975683419,0.05313961465676068,0.9999999999999994,2.55170565642137e-16,3.3306690738754696e-16,15
blk,mixture,0.09104495283645747,0.10171041639438468,0.9999999999995184,4.814318659598162e-13,2.220446049250313e-16,15
blk,mixture,0.15338155752171115,0.17426931569660842,0.9999999999997687,2.307742372225032e-13,4.440892098500626e-16,15
blk,mixture,0.07242418866322245,0.07871787569280023,0.9999999999999932,6.887984041969317e-15,2.220446049250313e-16,15
blk,mixture,0.3281003235008036,0.3525582971155407,0.9999999999999987,1.0895281540387656e-15,2.220446049250313e-16,15
blk,mixture,0.9347297143498698,0.9582728603427282,0.9999999999999176,8.263788657424186e-14,2.220446049250313e-16,15
blk,mixture,0.11540920389933607,0.13005562880449992,0.999999999999586,4.139250357571199e-13,1.1102230246251565e-16,15
blk,mixture,0.07029285905784884,0.07673568992931788,0.9999999999999742,2.593694817731235e-14,2.220446049250313e-16,15
blk,mixture,0.2491356759135484,0.26287088977494677,0.9999999999999996,1.413102407579895e-17,4.440892098500626e-16,15
blk,mixture,0.3884730258081849,0.3989919225914001,1.0000000000000004,1.017799671957571e-18,4.440892098500626e-16,15
blk,mixture,0.3791886355062217,0.4747107032288984,0.9999999998862703,1.1372937074253515e-10,3.3306690738754696e-16,15
blk,mixture,0.4247097224532017,0.43177697508912993,0.9999999999999999,1.4061870475862103e-18,1.1102230246251565e-16,15
blk,mixture,0.514055918611858,0.5313614532426265,1.0000000000000002,1.7039628105655585e-16,4.440892098500626e-16,15
blk,mixture,0.2987316448049048,0.31692169890262134,0.9999999999999997,8.695798381770797e-17,2.220446049250313e-16,15
blk,mixture,2.231044137613686,2.374530199957455,0.9999999804274702,1.957252988292656e-08,0.0,15
blk,mixture,0.6715286484409783,0.6993910119996931,0.9999999999999936,6.948793280810232e-15,4.440892098500626e-16,15
turnover,hurdle_nb2,1.1499093080801335,1.6102405091189858,0.9999999999993199,6.802336471878334e-13,0.0,18
turnover,hurdle_nb2,1.0293196272175122,1.3146057073070487,0.9999999999997133,2.8632651805082787e-13,3.3306690738754696e-16,18
turnover,hurdle_nb2,2.4652269633182606,2.913282273271223,0.9999999977560355,2.24396445869246e-09,0.0,18
turnover,hurdle_nb2,1.1830607469794687,1.5032201628262252,0.9999999999984784,1.521338610643852e-12,2.220446049250313e-16,18
turnover,hurdle_nb2,0.632732036373157,0.8480239804338598,0.999999999998359,1.6409096303959814e-12,1.1102230246251565e-16,18
turnover,hurdle_nb2,1.0873506427242794,1.3696868663646125,0.9999999999963403,3.659739178374366e-12,0.0,18
turnover,hurdle_nb2,1.827804110613658,1.9019004082890012,0.9999999999910737,8.926637207196109e-12,4.440892098500626e-16,18
turnover,hurdle_nb2,0.5697067467053774,0.7488116815361907,0.9999999999982231,1.7772450178199506e-12,4.440892098500626e-16,18
turnover,hurdle_nb2,1.8932368975149043,2.0425634922409763,0.9999999999921446,7.85516096613037e-12,2.220446049250313e-16,18
turnover,hurdle_nb2,1.6775112328427035,2.0480352858471464,0.9999999996863465,3.1365388064585886e-10,4.440892098500626e-16,18
turnover,hurdle_nb2,0.4535272723119637,0.5393442313430419,0.9999999999999862,1.354472090042691e-14,2.220446049250313e-16,18
turnover,hurdle_nb2,1.4703859319686887,1.6361202581022396,0.9999999999975819,2.418509836843441e-12,4.440892098500626e-16,18
turnover,hurdle_nb2,0.4836825496847093,0.565155782460982,1.0,0.0,0.0,18
turnover,hurdle_nb2,0.9113742017854645,1.1000693124037326,0.999999999999976,2.398081733190338e-14,0.0,18
turnover,hurdle_nb2,1.0289265009620365,1.296691559690284,0.9999999999999468,5.3290705182007514e-14,0.0,18
turnover,hurdle_nb2,2.544797073168021,2.9879360795018517,0.9999999989937546,1.0062454203207949e-09,0.0,18
turnover,hurdle_nb2,2.497983771824527,2.638547014644363,0.999999999813513,1.864869370038491e-10,1.1102230246251565e-16,18
turnover,hurdle_nb2,1.1037838107223341,1.3787259327566035,0.9999999999998,1.9984014443252818e-13,1.1102230246251565e-16,18
turnover,hurdle_nb2,0.808435887380899,0.8881317147991994,0.999999999999972,2.7977620220553945e-14,0.0,18
turnover,hurdle_nb2,2.572686908537731,2.806760367135869,0.9999999993847236,6.1527605232925e-10,3.3306690738754696e-16,18
turnover,hurdle_nb2,1.0174930891245018,1.1536975080302678,0.9999999999996362,3.639311074721263e-13,0.0,18
turnover,hurdle_nb2,1.0313294518670775,1.2067176271643947,0.9999999999969911,3.0089264413390993e-12,0.0,18
turnover,hurdle_nb2,0.8448240835708261,1.1943036101875582,0.9999999998559459,1.44054546069583e-10,4.440892098500626e-16,18
turnover,hurdle_nb2,1.0215733010099741,1.2274014180105657,0.9999999999997221,2.7777780076121417e-13,1.1102230246251565e-16,18
turnover,hurdle_nb2,0.5348752556177656,0.6122699316140572,0.9999999999998748,1.2578826869003024e-13,4.440892098500626e-16,18
turnover,hurdle_nb2,0.8705441121430301,1.049539178778541,0.9999999999999067,9.336975637097567e-14,0.0,18
turnover,hurdle_nb2,0.5572636633680256,0.8282657517870151,0.9999999999381973,6.180300715641351e-11,4.440892098500626e-16,18
turnover,hurdle_nb2,1.622146191615148,1.8800788513532347,0.9999999999977046,2.2950530365051236e-12,3.3306690738754696e-16,18
turnover,hurdle_nb2,1.3197515966124955,1.3204910986429073,0.9999999999998807,1.1934897514720433e-13,0.0,18
turnover,hurdle_nb2,1.1093602068963027,1.330819162805803,0.9999999999994136,5.860867346996201e-13,3.3306690738754696e-16,18
turnover,hurdle_nb2,0.47032301005378596,0.7445360507115083,0.9999999999105521,8.944800455878976e-11,0.0,18
turnover,hurdle_nb2,0.7351006634860179,0.9097725970181062,0.9999999999999647,3.530509218307998e-14,0.0,18
turnover,hurdle_nb2,1.4103708560306594,1.7600218347979575,0.9999999999990108,9.892087149410145e-13,0.0,18
turnover,hurdle_nb2,0.5651859074962692,0.7806973172749703,0.9999999999946614,5.338840480817453e-12,2.220446049250313e-16,18
turnover,hurdle_nb2,2.447198936047306,2.40925556837914,0.9999999998946412,1.053588327692978e-10,0.0,18
turnover,hurdle_nb2,0.9529216542880843,1.0647243819747119,0.9999999999999428,5.728750807065808e-14,0.0,18
turnover,hurdle_nb2,1.4474199098195075,1.3654246412273392,0.999999999999943,5.651035195342047e-14,4.440892098500626e-16,18
turnover,hurdle_nb2,1.0812795714955843,1.2485374660597113,0.9999999999999618,3.7969627442180354e-14,2.220446049250313e-16,18
turnover,hurdle_nb2,0.8711896635680294,0.9497026640039984,0.9999999999999993,5.551115123125783e-16,1.1102230246251565e-16,18
turnover,hurdle_nb2,1.2539845119138275,1.6888653898635133,0.9999999999986322,1.3676837440357303e-12,1.1102230246251565e-16,18
turnover,hurdle_nb2,1.3269486509063206,1.4932438205990735,0.9999999999903955,9.604428363729767e-12,1.1102230246251565e-16,18
turnover,hurdle_nb2,1.3411582380565257,1.6419628145978251,0.9999999999992307,7.687184222504584e-13,5.551115123125783e-16,18
turnover,hurdle_nb2,1.4947289926364802,1.4249896639221684,0.9999999999450874,5.4912629998682405e-11,0.0,18
turnover,hurdle_nb2,0.7348270296548408,0.8532194651787058,0.9999999999999994,4.440892098500626e-16,1.1102230246251565e-16,18
turnover,hurdle_nb2,1.1113710478984313,1.3546165143593676,0.999999999999293,7.071010443837622e-13,0.0,18
turnover,hurdle_nb2,0.5343599099720074,0.6575930042609113,0.9999999999999981,1.9984014443252818e-15,0.0,18
turnover,hurdle_nb2,0.7489877253486277,0.8374628453208487,0.9999999999999793,2.020605904817785e-14,4.440892098500626e-16,18
turnover,hurdle_nb2,0.9477383965174596,1.1534122846214205,0.9999999999999266,7.349676423018536e-14,0.0,18
turnover,hurdle_nb2,2.649529853894121,2.902036234608941,0.9999999992697893,7.302108917528471e-10,2.220446049250313e-16,18
turnover,hurdle_nb2,0.6033176484525979,0.7974581809058305,0.9999999999996781,3.2229774404868294e-13,4.440892098500626e-16,18
turnover,hurdle_nb2,0.632515918333023,0.9046756952251359,0.9999999999915306,8.469447365655469e-12,0.0,18
turnover,hurdle_nb2,0.4786758351034154,0.7804316721815397,0.9999999996967543,3.0324542876769556e-10,2.220446049250313e-16,18
turnover,hurdle_nb2,2.091062281495256,2.198897633648941,0.9999999999839284,1.6071588504473766e-11,0.0,18
turnover,hurdle_nb2,2.282456365508061,2.5651462974832446,0.9999999998794721,1.2052792097705378e-10,0.0,18
turnover,hurdle_nb2,2.292649133245334,2.2484270357685316,0.99999999993182,6.817990616525549e-11,1.1102230246251565e-16,18
turnover,hurdle_nb2,1.7002121944297817,1.7767147673397297,0.9999999999975901,2.4098500972513648e-12,0.0,18
turnover,hurdle_nb2,2.429821962921552,2.5031893776259126,0.9999999998736452,1.2635514856640384e-10,4.440892098500626e-16,18
turnover,hurdle_nb2,1.1017972113914032,1.640383502195036,0.9999999999665169,3.3483105177367634e-11,0.0,18
turnover,hurdle_nb2,1.6860145486735956,1.9337040614303764,0.9999999999984639,1.535993554568904e-12,1.1102230246251565e-16,18
turnover,hurdle_nb2,0.5015289880318139,0.7402564920752122,0.9999999999993511,6.485922909860165e-13,3.3306690738754696e-16,18
turnover,hurdle_nb2,0.32089555477043996,0.48323019395770805,0.999999999996095,3.905209489118988e-12,2.220446049250313e-16,18
turnover,hurdle_nb2,0.42006710241957995,0.4669852288669419,0.999999999999999,1.1102230246251565e-15,0.0,18
turnover,hurdle_nb2,2.0172150510350684,2.3025350644600096,0.9999999999867978,1.3202661186539899e-11,4.440892098500626e-16,18
turnover,hurdle_nb2,1.2954060748447505,2.4768149567382034,0.9999999938142536,6.185746137532533e-09,2.220446049250313e-16,18
turnover,hurdle_nb2,1.1637869975407378,1.285944795977109,0.9999999999999056,9.447997939560082e-14,0.0,18
turnover,hurdle_nb2,2.1691038162447653,2.4342850554391644,0.9999999999358785,6.412148589873823e-11,0.0,18
turnover,hurdle_nb2,0.4412812611124912,0.47524355904239235,1.0,0.0,0.0,18
turnover,hurdle_nb2,0.7972160029414394,1.0200261965491415,0.9999999999938457,6.154188270102168e-12,1.1102230246251565e-16,18
turnover,hurdle_nb2,0.7625636027310949,0.909742144768698,0.9999999999999998,1.1102230246251565e-16,1.1102230246251565e-16,18
turnover,hurdle_nb2,0.9507878891400585,1.1836453734297567,0.9999999999986618,1.3381518115807012e-12,0.0,18
turnover,hurdle_nb2,1.1822307235882639,1.2651956098745711,0.9999999999972392,2.7607915953353768e-12,0.0,18
turnover,hurdle_nb2,1.2002863191332478,1.3030970347509359,0.999999999991655,8.345546476107302e-12,4.440892098500626e-16,18
turnover,hurdle_nb2,1.907987857708038,2.0938443866394874,0.9999999999957404,4.259703700881801e-12,0.0,18
turnover,hurdle_nb2,2.011615469910906,2.395538128361985,0.9999999999797984,2.020172917838181e-11,0.0,18
turnover,hurdle_nb2,2.325494648038431,2.420156547904819,0.9999999998748711,1.2512890723570536e-10,0.0,18
turnover,hurdle_nb2,1.8754578695692348,2.16892434188229,0.999999999995401,4.599098879509711e-12,0.0,18
turnover,hurdle_nb2,1.3948116512834974,1.466802275820092,0.9999999999853546,1.4645951118552603e-11,4.440892098500626e-16,18
turnover,hurdle_nb2,1.202617868680602,1.426771641090655,0.9999999999998116,1.8884893648873913e-13,4.440892098500626e-16,18
turnover,hurdle_nb2,0.3181042246531203,0.4521295328763709,0.999999999999514,4.858335955759685e-13,1.1102230246251565e-16,18
turnover,hurdle_nb2,2.824762502079734,2.946207514043601,0.999999998826898,1.1731020599370368e-09,0.0,18
turnover,hurdle_nb2,0.960317381984567,0.9739581784925142,0.9999999999999396,6.072919944699606e-14,4.440892098500626e-16,18
turnover,hurdle_nb2,2.0777193557411,2.2056973656788674,0.9999999998447535,1.5524659335852675e-10,0.0,18
turnover,hurdle_nb2,1.8712803774596454,2.10222976887747,0.9999999999953494,4.650502205549856e-12,1.1102230246251565e-16,18
turnover,hurdle_nb2,1.7439463224424618,1.9572004822064906,0.999999999998085,1.914690628268545e-12,3.3306690738754696e-16,18
turnover,hurdle_nb2,1.2319473864635204,1.2395612338262156,0.9999999999999957,3.9968028886505635e-15,3.3306690738754696e-16,18
turnover,hurdle_nb2,1.877282209873074,2.097522699003293,0.9999999999899052,1.0095035918311623e-11,2.220446049250313e-16,18
turnover,hurdle_nb2,0.7193143663772551,0.8064650141873531,0.9999999999999997,2.220446049250313e-16,1.1102230246251565e-16,18
turnover,hurdle_nb2,0.6249151554845741,0.9050146251448867,0.9999999999439698,5.603018049527009e-11,0.0,18
turnover,hurdle_nb2,2.850663797119322,3.029429521421619,0.999999998774981,1.225018975148373e-09,0.0,18
turnover,hurdle_nb2,2.0182775724258706,2.3216192119005026,0.999999999982039,1.7960966047780857e-11,0.0,18
turnover,hurdle_nb2,1.45832591267593,1.7048761831196293,0.9999999999989918,1.0077494394522546e-12,4.440892098500626e-16,18
turnover,hurdle_nb2,0.6274278161210447,0.7958497949731596,0.9999999999995568,4.4297898682543746e-13,2.220446049250313e-16,18
turnover,hurdle_nb2,0.9719654427915472,1.3161291995876172,0.9999999999974606,2.5398572134349706e-12,4.440892098500626e-16,18
turnover,hurdle_nb2,1.8947999872765442,2.068842077534514,0.9999999999956357,4.364619776708878e-12,4.440892098500626e-16,18
turnover,hurdle_nb2,2.7023149093019065,3.1640094199928903,0.9999999984216151,1.5783849782735615e-09,0.0,18
turnover,hurdle_nb2,1.7676147733423015,2.082962400520873,0.9999999996994778,3.0052205168829005e-10,1.1102230246251565e-16,18
turnover,hurdle_nb2,1.865962374377145,2.024391013466853,0.9999999999967182,3.2817082384895002e-12,1.1102230246251565e-16,18
turnover,hurdle_nb2,1.2812357891409427,1.5481076875853996,0.9999999999810038,1.8996582085151204e-11,4.440892098500626e-16,18
turnover,hurdle_nb2,1.0011837518983195,1.25980553293887,0.9999999999999043,9.57012247226885e-14,0.0,18
turnover,hurdle_nb2,1.1609602161894697,1.2444543746535452,0.9999999999993864,6.138423103152491e-13,2.220446049250313e-16,18
turnover,hurdle_nb2,0.6111932916301491,0.8520389514260263,0.9999999999994541,5.455635943008019e-13,3.3306690738754696e-16,18
turnover,hurdle_nb2,1.3941373170550977,1.8608499459928738,0.9999999998380852,1.6191492591133283e-10,0.0,18
turnover,hurdle_nb2,0.8027845864977461,0.9740640510756688,0.9999999999984399,1.5601964165057325e-12,0.0,18
turnover,hurdle_nb2,1.1208888929471092,1.331100072490035,0.9999999999985522,1.4478418464136666e-12,0.0,18
turnover,hurdle_nb2,1.1032140732041802,1.2120841862694494,0.9999999999999979,1.9984014443252818e-15,1.1102230246251565e-16,18
turnover,hurdle_nb2,2.499090678176223,2.625041889067864,0.9999999997714283,2.2857149506450014e-10,2.220446049250313e-16,18
turnover,hurdle_nb2,1.4312309054600676,1.4705192016146125,0.9999999999988771,1.1226575225009583e-12,2.220446049250313e-16,18
turnover,hurdle_nb2,0.7428938995675085,0.87288448370052,0.9999999999999637,3.6415315207705135e-14,0.0,18
turnover,hurdle_nb2,0.6782712519341124,0.8098831582770005,0.9999999999999994,4.440892098500626e-16,1.1102230246251565e-16,18
turnover,hurdle_nb2,1.2423568516813464,1.3912402487421496,0.9999999999999449,5.5289106626332796e-14,2.220446049250313e-16,18
turnover,hurdle_nb2,0.739799782429581,0.7683294795379149,1.0000000000000002,1.1102230246251565e-16,4.440892098500626e-16,18
turnover,hurdle_nb2,2.6797152032414773,2.541464425827356,0.9999999997153022,2.8469782087370277e-10,0.0,18
turnover,hurdle_nb2,2.1530158959223686,2.243362355642705,0.999999999983847,1.6152745807573865e-11,2.220446049250313e-16,18
turnover,hurdle_nb2,1.1995486289367612,1.3309515665716594,0.9999999999995155,4.841682610390308e-13,3.3306690738754696e-16,18
turnover,hurdle_nb2,0.28461383688231423,0.350956688356317,0.999999999999996,3.552713678800501e-15,4.440892098500626e-16,18
turnover,hurdle_nb2,0.8183611816062003,0.8739968896480279,0.9999999999999841,1.587618925213974e-14,0.0,18
turnover,hurdle_nb2,2.2719723926759214,2.284763472446918,0.9999999999613537,3.864641939799185e-11,0.0,18
turnover,hurdle_nb2,1.4985625575955297,1.5966801043622847,0.9999999999995615,4.3853809472693683e-13,0.0,18
turnover,hurdle_nb2,1.7371938902161441,1.848231823196591,0.9999999999975436,2.456590486588084e-12,2.220446049250313e-16,18
turnover,hurdle_nb2,0.42312891544839437,0.5076302997016973,0.9999999999999067,9.370282327836321e-14,4.440892098500626e-16,18
turnover,hurdle_nb2,1.8720288460119585,2.090167006118146,0.9999999999864261,1.3573919765974551e-11,0.0,18
turnover,hurdle_nb2,1.3617721643423306,1.5077006287036252,0.9999999999997942,2.0583534876550402e-13,0.0,18
turnover,hurdle_nb2,1.6423021383705512,1.8707582374280949,0.9999999999993653,6.350475700855895e-13,4.440892098500626e-16,18
turnover,hurdle_nb2,2.4234531346021853,2.5102049938290767,0.9999999997250425,2.749575012117589e-10,0.0,18
turnover,hurdle_nb2,1.8422727735142224,1.785722191486014,0.9999999999995367,4.629630012686903e-13,3.3306690738754696e-16,18
turnover,hurdle_nb2,4.499328629107998,6.071451598513459,0.9999999999866827,1.3317347224983678e-11,0.0,27
turnover,hurdle_nb2,1.6296226671828031,1.8885189572306245,0.9999999999991114,8.886225089099753e-13,0.0,18
turnover,hurdle_nb2,1.1154891021938043,1.6774573264661432,0.9999999999596955,4.030420441836213e-11,3.3306690738754696e-16,18
turnover,hurdle_nb2,1.4743314249683597,2.0143194091160868,0.9999999999964103,3.589795127822981e-12,0.0,18
turnover,hurdle_nb2,0.7210969585978981,0.8690922289178729,0.9999999999995854,4.147793219999585e-13,2.220446049250313e-16,18
turnover,hurdle_nb2,0.6252518491411481,0.715856350676622,0.9999999999999813,1.9317880628477724e-14,6.661338147750939e-16,18
turnover,hurdle_nb2,1.114740022510095,1.209214256393151,0.999999999998456,1.5437651157412802e-12,2.220446049250313e-16,18
turnover,hurdle_nb2,1.5453235145913993,1.7212652570644726,0.9999999999946068,5.393352431326548e-12,0.0,18
turnover,hurdle_nb2,2.019884353984283,2.274714795172887,0.9999999999537112,4.6288639587999114e-11,1.1102230246251565e-16,18
turnover,hurdle_nb2,0.9972698708821002,1.163054565474809,0.999999999999376,6.233902283270254e-13,5.551115123125783e-16,18
turnover,hurdle_nb2,1.9364710340245583,2.25380073908479,0.9999999999797169,2.028288648148191e-11,2.220446049250313e-16,18
turnover,hurdle_nb2,1.499258492185063,1.590697183811535,0.9999999999980506,1.9494406089393124e-12,0.0,18
turnover,hurdle_nb2,0.42936591447218414,0.6286449016561734,0.9999999999948331,5.167088978907941e-12,2.220446049250313e-16,18
turnover,hurdle_nb2,1.905410568671276,2.1382882484873136,0.9999999999896902,1.0309642028971666e-11,1.1102230246251565e-16,18
turnover,hurdle_nb2,1.0007006138068302,1.5198081097036233,0.999999998619303,1.3806975562857815e-09,4.440892098500626e-16,18
turnover,hurdle_nb2,1.94855262906464,2.0846045084928884,0.9999999999943092,5.69089220192609e-12,0.0,18
turnover,hurdle_nb2,0.8882099122799092,1.0197986838693822,0.9999999999998447,1.5520917884259688e-13,1.1102230246251565e-16,18
turnover,hurdle_nb2,0.606907064729111,0.768873790760984,0.9999999999997015,2.984279490192421e-13,1.1102230246251565e-16,18
turnover,hurdle_nb2,2.169495923097458,2.1535278218672245,0.9999999999367338,6.326617008056701e-11,0.0,18
turnover,hurdle_nb2,0.7158040858665631,0.8598017512519863,0.9999999999999967,3.552713678800501e-15,2.220446049250313e-16,18
turnover,hurdle_nb2,1.0696359917201241,1.2032159296465526,0.9999999999998664,1.3367085216486885e-13,0.0,18
turnover,hurdle_nb2,0.5829958121611837,0.6573063793141065,0.9999999999999942,5.995204332975845e-15,2.220446049250313e-16,18
turnover,hurdle_nb2,1.7252457304783804,1.7806513428276647,0.9999999999990327,9.672262990534364e-13,1.1102230246251565e-16,18
turnover,hurdle_nb2,0.8055348523914085,1.1197352724256033,0.9999999999945984,5.401457059406312e-12,1.1102230246251565e-16,18
turnover,hurdle_nb2,0.7964796772735282,0.9871304116660757,0.9999999999999744,2.5424107263916085e-14,2.220446049250313e-16,18
turnover,hurdle_nb2,0.33642488674946536,0.30454868474915986,0.9999999999999993,2.220446049250313e-16,4.440892098500626e-16,18
turnover,hurdle_nb2,2.2044147308754933,2.620057953085621,0.9999999999445395,5.546063608363738e-11,0.0,18
turnover,hurdle_nb2,0.3140649241646465,0.36543584430581516,1.0,0.0,0.0,18
turnover,hurdle_nb2,1.6210225153328017,1.8831740376818984,0.9999999999991444,8.558709296835332e-13,2.220446049250313e-16,18
turnover,hurdle_nb2,1.9872315551484645,2.124459897426075,0.9999999999934382,6.5616401201396e-12,1.1102230246251565e-16,18
turnover,hurdle_nb2,2.6011654432609013,2.853512390878717,0.9999999996188885,3.8111136468899076e-10,1.1102230246251565e-16,18
turnover,hurdle_nb2,1.3708071003999067,1.4987798537891317,0.999999999999814,1.8607337892717624e-13,0.0,18
turnover,hurdle_nb2,1.0428374139106025,1.1806693083093776,0.9999999999999948,5.218048215738236e-15,0.0,18
turnover,hurdle_nb2,0.8084229845475197,1.0439543892850645,0.9999999999997433,2.5723867480564877e-13,4.440892098500626e-16,18
turnover,hurdle_nb2,2.156573047927287,2.331982955333065,0.9999999999688656,3.113453939107558e-11,0.0,18
turnover,hurdle_nb2,1.7107291367435482,1.861045084532928,0.9999999999738516,2.6148305742879074e-11,1.1102230246251565e-16,18
turnover,hurdle_nb2,0.7377955301305559,0.7621559494293598,0.999999999999871,1.2922996006636822e-13,2.220446049250313e-16,18
turnover,hurdle_nb2,0.9364054684197048,1.2461671362894415,0.9999999999937336,6.2665428401942336e-12,0.0,18
turnover,hurdle_nb2,2.6083730668510974,2.567107303773036,0.9999999996814037,3.1859637150688513e-10,0.0,18
turnover,hurdle_nb2,0.92798921097875,1.1328421320563111,0.9999999999892347,1.076527755827783e-11,0.0,18
turnover,hurdle_nb2,1.2847905386480256,1.5851230174675068,0.9999999999995053,4.948264020754323e-13,0.0,18
turnover,hurdle_nb2,1.427637379589993,1.6429272015781256,0.9999999999997041,2.958744360626042e-13,0.0,18
turnover,hurdle_nb2,0.5047860604261073,0.5645371420125529,0.9999999999999996,0.0,4.440892098500626e-16,18
turnover,hurdle_nb2,1.1336267628706547,1.3420424283609915,0.9999999999999726,2.7755575615628914e-14,4.440892098500626e-16,18
turnover,hurdle_nb2,0.6230700934177111,0.848413398701497,0.9999999999999074,9.225953334635051e-14,3.3306690738754696e-16,18
turnover,hurdle_nb2,2.178278562498586,2.411036276815243,0.9999999999264488,7.355105413608953e-11,1.1102230246251565e-16,18
turnover,hurdle_nb2,2.4562997486015283,2.4239705931282503,0.9999999998724973,1.2750256406235394e-10,1.1102230246251565e-16,18
turnover,hurdle_nb2,0.6113735024968462,0.6783046163208744,0.9999999999999997,6.661338147750939e-16,4.440892098500626e-16,18
turnover,hurdle_nb2,1.1446770742069874,1.3295948815820888,0.9999999999968886,3.1116220711169262e-12,2.220446049250313e-16,18
turnover,hurdle_nb2,0.7628342106269531,0.8943665610820183,0.9999999999999525,4.7406523151494184e-14,1.1102230246251565e-16,18
turnover,hurdle_nb2,0.6748580498426785,0.7354780103845799,0.9999999999999949,5.551115123125783e-15,4.440892098500626e-16,18
turnover,hurdle_nb2,0.9661545013824678,1.1442387987931526,0.9999999999978758,2.1243007353177745e-12,0.0,18
turnover,hurdle_nb2,0.6364950553557172,0.8694398053764993,0.9999999999905002,9.500067399415002e-12,2.220446049250313e-16,18
turnover,hurdle_nb2,2.601282012990683,2.636996977281065,0.9999999996979951,3.0200497658228187e-10,0.0,18
turnover,hurdle_nb2,1.3806905610711377,1.4232129431909002,0.9999999999996357,3.645972412869014e-13,4.440892098500626e-16,18
turnover,hurdle_nb2,1.2302725029853225,1.5898271748707309,0.9999999999993595,6.402656183013278e-13,2.220446049250313e-16,18
turnover,hurdle_nb2,0.3369538894777108,0.4144979064969009,0.9999999999999932,6.772360450213455e-15,0.0,18
turnover,hurdle_nb2,0.836985268877702,1.188117362873398,0.999999999992567,7.433165194470348e-12,0.0,18
turnover,hurdle_nb2,1.2532903174864203,1.8806005328041304,0.9999999980715749,1.928424975261578e-09,1.1102230246251565e-16,18
turnover,hurdle_nb2,0.31948791892718886,0.3100170891771195,1.0000000000000002,0.0,2.220446049250313e-16,18
turnover,hurdle_nb2,0.3388830768349428,0.3813844353183688,0.9999999999999994,4.440892098500626e-16,1.1102230246251565e-16,18
turnover,hurdle_nb2,0.7043073056776145,0.8027698550624798,0.9999999999999939,5.773159728050814e-15,3.3306690738754696e-16,18
turnover,hurdle_nb2,0.6253756202374813,1.235961779306944,0.9999999915227247,8.477275326157496e-09,0.0,18
turnover,hurdle_nb2,0.9994031213610318,1.1637871693256097,0.9999999999999877,1.2323475573339238e-14,0.0,18
turnover,hurdle_nb2,1.8926691648724372,1.8862592666750335,0.9999999999989962,1.003974681168529e-12,2.220446049250313e-16,18
turnover,hurdle_nb2,0.5610792504903969,0.8434806753216394,0.9999999999917519,8.247846849940288e-12,2.220446049250313e-16,18
turnover,hurdle_nb2,0.26872249110667923,0.31204782456997304,0.9999999999999997,1.1102230246251565e-16,2.220446049250313e-16,18
turnover,hurdle_nb2,1.31101902314674,1.6137271742338928,0.9999999999989851,1.0146328222049306e-12,2.220446049250313e-16,18
turnover,hurdle_nb2,2.3174337052270317,2.20341911673568,0.9999999999555295,4.447064938517542e-11,0.0,18
turnover,hurdle_nb2,0.9992173071126226,1.0421924750673077,0.9999999999999996,3.3306690738754696e-16,1.1102230246251565e-16,18
turnover,hurdle_nb2,1.573609372352951,1.8533093407616632,0.9999999999988876,1.1123324483719443e-12,1.1102230246251565e-16,18
turnover,hurdle_nb2,2.4750135863361846,2.364591643632629,0.9999999998986153,1.0138478945265206e-10,0.0,18
turnover,hurdle_nb2,1.6326085756325126,1.7313586995359094,0.9999999999976025,2.3970825324681755e-12,4.440892098500626e-16,18
turnover,hurdle_nb2,2.195364387702741,2.4315668619040425,0.9999999999689878,3.101252588066927e-11,4.440892098500626e-16,18
turnover,hurdle_nb2,2.5124888632338456,2.514244864211868,0.9999999998656757,1.3432444045946568e-10,0.0,18
